class	method	kind	selector
com/tridium/niagarad/servlet/WiFiServlet$CcInfo	equals(Ljava/lang/Object;)Z	record-deconstruction	none
com/tridium/nre/security/permissions/PermissionManager	isPermissionValidForEnvironment(Lcom/tridium/nre/security/permissions/NiagaraPermission;)Z	exhaustive-default	tableswitch/lookupswitch+$SwitchMap$
niagara/timezone/DstRule	convertJavaWeekdayToNiagaraWeekday(Ljava/time/DayOfWeek;)Lniagara/sys/BWeekday;	exhaustive-default	tableswitch/lookupswitch+$SwitchMap$
niagara/timezone/DstRule	convertJavaTimeModeToNiagaraTimeMode(Ljava/time/zone/ZoneOffsetTransitionRule$TimeDefinition;)I	exhaustive-default	tableswitch/lookupswitch+$SwitchMap$
niagara/timezone/DstRule	convertJavaMonthToNiagaraMonth(Ljava/time/Month;)Lniagara/sys/BMonth;	exhaustive-default	tableswitch/lookupswitch+$SwitchMap$
com/tridium/sys/module/ModuleManager$NiagaraJPMSAccessModifier	toString()Ljava/lang/String;	exhaustive-default	tableswitch/lookupswitch
com/tridium/ui/layout/AbstractBoxLayoutStrategy	computeCrossPosition(Lniagara/ui/layout/IHasLayout;Lniagara/gx/ISize;DLniagara/ui/IRenderContext;)D	exhaustive-default	tableswitch/lookupswitch+$SwitchMap$
com/tridium/ui/layout/AbstractBoxLayoutStrategy	computeCrossLength(Lniagara/ui/layout/IHasLayout;Lniagara/gx/ISize;DLniagara/ui/IRenderContext;)D	exhaustive-default	tableswitch/lookupswitch+$SwitchMap$
com/tridium/ui/layout/AbstractLayoutStrategy	isIncludedInLayout(Lniagara/ui/layout/IHasLayout;)Z	exhaustive-default	tableswitch/lookupswitch+$SwitchMap$
com/tridium/ui/layout/FlexBoxLayoutStrategy	computeCrossPosition(Lniagara/ui/layout/IHasLayout;Lniagara/gx/ISize;DLniagara/ui/IRenderContext;)D	exhaustive-default	tableswitch/lookupswitch+$SwitchMap$
com/tridium/ui/layout/FlexBoxLayoutStrategy	computeCrossLength(Lniagara/ui/layout/IHasLayout;Lniagara/gx/ISize;DLniagara/ui/IRenderContext;)D	exhaustive-default	tableswitch/lookupswitch+$SwitchMap$
com/tridium/ui/theme/custom/nss/query/NSSTupleAdvice	compareTo(Lcom/tridium/ui/theme/custom/nss/query/IStyleAdvice;)I	record-deconstruction	none
com/tridium/install/SignatureDispositionEnum	getDispositionIcon()Lniagara/gx/BImage;	exhaustive-default	tableswitch/lookupswitch
com/tridium/install/SignatureDispositionEnum	getDispositionMessage()Ljava/lang/String;	exhaustive-default	tableswitch/lookupswitch
com/tridium/install/SignatureStatusEnum	getStatusIcon()Lniagara/gx/BImage;	exhaustive-default	tableswitch/lookupswitch
