unit	tree	sites_shipped	sites_printed	label_lists_equal
com/tridium/crypto/core/cert/CertUtils	cons	2	2	yes
com/tridium/crypto/core/cert/CertUtils	cfr	2	2	yes
com/tridium/crypto/core/cert/CertUtils	procyon	2	2	yes
com/tridium/crypto/core/io/CoreCryptoManager	cons	1	1	yes
com/tridium/crypto/core/io/CoreCryptoManager	cfr	1	1	yes
com/tridium/crypto/core/io/CoreCryptoManager	procyon	1	1	yes
com/tridium/nre/security/UserLoginHistoryStore	cons	1	1	yes
com/tridium/nre/security/UserLoginHistoryStore	cfr	1	1	yes
com/tridium/nre/security/UserLoginHistoryStore	procyon	1	1	yes
com/tridium/nre/security/permissions/PermissionFactory	cons	1	1	yes
com/tridium/nre/security/permissions/PermissionFactory	cfr	1	1	yes
com/tridium/nre/security/permissions/PermissionFactory	procyon	1	1	yes
com/tridium/nre/subscription/EntitlementApi	cons	2	2	yes
com/tridium/nre/subscription/EntitlementApi	cfr	2	2	yes
com/tridium/nre/subscription/EntitlementApi	procyon	2	-	EMPTY
com/tridium/sys/schema/Introspector	cons	1	1	yes
com/tridium/sys/schema/Introspector	cfr	1	1	yes
com/tridium/sys/schema/Introspector	procyon	1	1	yes
com/tridium/ui/theme/custom/nss/query/DerivedSelectionResult	cons	1	1	yes
com/tridium/ui/theme/custom/nss/query/DerivedSelectionResult	cfr	1	1	yes
com/tridium/ui/theme/custom/nss/query/DerivedSelectionResult	procyon	1	-	EMPTY
niagara/ui/BAbstractButton	cons	2	2	yes
niagara/ui/BAbstractButton	cfr	2	2	yes
niagara/ui/BAbstractButton	procyon	2	-	EMPTY
niagara/ui/BToggleButton	cons	1	1	yes
niagara/ui/BToggleButton	cfr	1	1	yes
niagara/ui/BToggleButton	procyon	1	-	EMPTY
niagara/ui/BToggleMenuItem	cons	1	1	yes
niagara/ui/BToggleMenuItem	cfr	1	1	yes
niagara/ui/BToggleMenuItem	procyon	1	-	EMPTY
niagara/ui/BWidget	cons	1	1	yes
niagara/ui/BWidget	cfr	1	1	yes
niagara/ui/BWidget	procyon	1	-	EMPTY
niagara/ui/list/Item	cons	1	1	yes
niagara/ui/list/Item	cfr	1	1	yes
niagara/ui/list/Item	procyon	1	-	EMPTY
niagara/ui/pane/BLabelPane	cons	1	1	yes
niagara/ui/pane/BLabelPane	cfr	1	1	yes
niagara/ui/pane/BLabelPane	procyon	1	-	EMPTY
niagara/ui/style/IStyle	cons	2	2	yes
niagara/ui/style/IStyle	cfr	2	2	yes
niagara/ui/style/IStyle	procyon	2	2	yes
niagara/ui/style/StylableAdapter	cons	1	1	yes
niagara/ui/style/StylableAdapter	cfr	1	1	yes
niagara/ui/style/StylableAdapter	procyon	1	1	yes
niagara/ui/tree/TreeNode	cons	1	1	yes
niagara/ui/tree/TreeNode	cfr	1	1	yes
niagara/ui/tree/TreeNode	procyon	1	-	EMPTY
niagara/control/BBooleanWritable	cons	1	1	yes
niagara/control/BBooleanWritable	cfr	1	1	yes
niagara/control/BBooleanWritable	procyon	1	1	yes
niagara/control/BEnumWritable	cons	1	1	yes
niagara/control/BEnumWritable	cfr	1	1	yes
niagara/control/BEnumWritable	procyon	1	1	yes
niagara/control/BNumericWritable	cons	1	1	yes
niagara/control/BNumericWritable	cfr	1	1	yes
niagara/control/BNumericWritable	procyon	1	1	yes
niagara/control/BStringWritable	cons	1	1	yes
niagara/control/BStringWritable	cfr	1	1	yes
niagara/control/BStringWritable	procyon	1	1	yes
com/tridium/email/EmailUtil	cons	1	1	yes
com/tridium/email/EmailUtil	cfr	1	1	yes
com/tridium/email/EmailUtil	procyon	1	1	yes
com/tridium/fox/sys/broker/BBrokerChannel	cons	1	1	yes
com/tridium/fox/sys/broker/BBrokerChannel	cfr	1	1	yes
com/tridium/fox/sys/broker/BBrokerChannel	procyon	1	1	yes
com/tridium/jetty/BJettyWebServer	cons	1	1	yes
com/tridium/jetty/BJettyWebServer	cfr	1	1	yes
com/tridium/jetty/BJettyWebServer	procyon	1	1	yes
com/tridium/platDaemon/ui/stationtransfer/BStationCopier	cons	1	1	yes
com/tridium/platDaemon/ui/stationtransfer/BStationCopier	cfr	1	1	yes
com/tridium/platDaemon/ui/stationtransfer/BStationCopier	procyon	1	1	yes
com/tridium/install/installable/BDistribution	cons	2	2	yes
com/tridium/install/installable/BDistribution	cfr	2	2	yes
com/tridium/install/installable/BDistribution	procyon	2	-	EMPTY
com/tridium/platform/daemon/PlatformStationManager	cons	1	1	yes
com/tridium/platform/daemon/PlatformStationManager	cfr	1	1	yes
com/tridium/platform/daemon/PlatformStationManager	procyon	1	1	yes
com/tridium/schedule/ui/BScheduleFE	cons	1	1	yes
com/tridium/schedule/ui/BScheduleFE	cfr	1	1	yes
com/tridium/schedule/ui/BScheduleFE	procyon	1	1	yes
niagara/test/TestHelper	cons	1	1	yes
niagara/test/TestHelper	cfr	1	1	yes
niagara/test/TestHelper	procyon	1	1	yes
niagara/workbench/BWbProfile	cons	1	1	yes
niagara/workbench/BWbProfile	cfr	1	1	yes
niagara/workbench/BWbProfile	procyon	1	1	yes
