kind	class	method	guard_loop	labels	v1	v2	cons	cfr	procyon	recon
MatchException	com/tridium/niagarad/servlet/WiFiServlet$CcInfo	equals(Ljava/lang/Object;)Z	-	-	S	S	NC	NC	S	
typeSwitch	com/tridium/crypto/core/cert/CertUtils	getPrivateKeyFromObject(Ljava/lang/Object;Ljava/lang/String;)Ljava/security/PrivateKey;	no	org/bouncycastle/asn1/pkcs/PrivateKeyInfo | org/bouncycastle/openssl/PEMKeyPair | org/bouncycastle/openssl/PEMEncryptedKeyPair | org/bouncycastle/pkcs/PKCS8EncryptedPrivateKeyInfo	S	S	PSEUDO	PSEUDO	PSEUDO	
typeSwitch	com/tridium/crypto/core/cert/CertUtils	signCertificate(Lorg/bouncycastle/pkcs/jcajce/JcaPKCS10CertificationRequest;Ljava/security/cert/X509Certificate;Ljava/security/PrivateKey;Lcom/tridium/crypto/core/cert/NSigningParameters;Z)Ljava/security/cert/X509Certificate;	no	java/security/interfaces/RSAPrivateKey | java/security/interfaces/ECPrivateKey | java/security/interfaces/DSAPrivateKey	X	X	PSEUDO	PSEUDO	PSEUDO	
typeSwitch	com/tridium/crypto/core/io/CoreCryptoManager	getPublicKeyType(Ljava/lang/String;)Ljava/lang/String;	no	java/security/interfaces/DSAPublicKey | java/security/interfaces/ECPublicKey | java/security/interfaces/RSAPublicKey	X	X	PSEUDO	PSEUDO	PSEUDO	
typeSwitch	com/tridium/nre/security/UserLoginHistoryStore$EventThread	serviceEvent(Lcom/tridium/nre/security/AbstractUserLoginEvent;)V	no	com/tridium/nre/security/AddUserLoginEvent | com/tridium/nre/security/RenameUserLoginEvent | com/tridium/nre/security/RemoveUserLoginEvent	X	X	PSEUDO	PSEUDO	PSEUDO	
typeSwitch	com/tridium/nre/security/permissions/PermissionFactory	makeNiagaraPermission(Ljava/lang/annotation/Annotation;)Lcom/tridium/nre/security/permissions/NiagaraPermission;	no	com/tridium/nre/annotations/GrantFilePermission | com/tridium/nre/annotations/GrantKeyRingPermission | com/tridium/nre/annotations/GrantNiagaraBasicPermission | niagara/nre/annotations/GrantSigningPasswordPermission | niagara/nre/annotations/GrantKeyStorePermission | niagara/nre/annotations/GrantPublicNiagaraBasicPermission | niagara/nre/annotations/GrantRuntimeExecPermission	X	X	PSEUDO	PSEUDO	PSEUDO	
MatchException	com/tridium/nre/security/permissions/PermissionManager	isPermissionValidForEnvironment(Lcom/tridium/nre/security/permissions/NiagaraPermission;)Z	-	-	S	X	S	NC	NC	
typeSwitch	com/tridium/nre/subscription/EntitlementApi	sanitizeMessage(Lorg/json/JSONObject;)Lorg/json/JSONObject;	yes	publicKey | refreshIncrement | restoreId	X	X	PSEUDO	PSEUDO	EMPTY	
typeSwitch	com/tridium/nre/subscription/EntitlementApi	sendRequestMessageAndHandleResponse(Lcom/tridium/nre/subscription/HttpRequestMessage;)Lorg/json/JSONObject;	no	com/tridium/nre/subscription/HttpStatusException | java/net/SocketTimeoutException | java/net/NoRouteToHostException | java/net/UnknownHostException	U	U	PSEUDO	PSEUDO	EMPTY	exact
MatchException	com/tridium/sys/module/ModuleManager$NiagaraJPMSAccessModifier	toString()Ljava/lang/String;	-	-	X	X	S	NC	NC	
typeSwitch	com/tridium/sys/schema/Introspector	getModule(Ljava/lang/Class;Ljava/lang/String;)Lcom/tridium/sys/module/NModule;	no	com/tridium/sys/module/ModuleSetClassLoader | com/tridium/nre/bootstrap/BootstrapClassLoader	U	U	PSEUDO	PSEUDO	PSEUDO	exact
MatchException	niagara/timezone/DstRule	convertJavaMonthToNiagaraMonth(Ljava/time/Month;)Lniagara/sys/BMonth;	-	-	X	X	S	X	NC	
MatchException	niagara/timezone/DstRule	convertJavaTimeModeToNiagaraTimeMode(Ljava/time/zone/ZoneOffsetTransitionRule$TimeDefinition;)I	-	-	X	X	S	X	NC	
MatchException	niagara/timezone/DstRule	convertJavaWeekdayToNiagaraWeekday(Ljava/time/DayOfWeek;)Lniagara/sys/BWeekday;	-	-	X	X	S	X	NC	
MatchException	com/tridium/ui/layout/AbstractBoxLayoutStrategy	computeCrossLength(Lniagara/ui/layout/IHasLayout;Lniagara/gx/ISize;DLniagara/ui/IRenderContext;)D	-	-	X	X	S	X	X	
MatchException	com/tridium/ui/layout/AbstractBoxLayoutStrategy	computeCrossPosition(Lniagara/ui/layout/IHasLayout;Lniagara/gx/ISize;DLniagara/ui/IRenderContext;)D	-	-	X	X	S	X	X	
MatchException	com/tridium/ui/layout/AbstractLayoutStrategy	isIncludedInLayout(Lniagara/ui/layout/IHasLayout;)Z	-	-	X	X	S	X	X	
MatchException	com/tridium/ui/layout/FlexBoxLayoutStrategy	computeCrossLength(Lniagara/ui/layout/IHasLayout;Lniagara/gx/ISize;DLniagara/ui/IRenderContext;)D	-	-	X	X	S	X	X	
MatchException	com/tridium/ui/layout/FlexBoxLayoutStrategy	computeCrossPosition(Lniagara/ui/layout/IHasLayout;Lniagara/gx/ISize;DLniagara/ui/IRenderContext;)D	-	-	X	X	S	X	X	
enumSwitch	com/tridium/ui/theme/custom/nss/query/DerivedSelectionResult	invalidate(Lniagara/ui/style/IStylable;Lniagara/ui/style/IStyleCache$InvalidationReason;)V	no	PSEUDOCLASSES_CHANGED	X	X	PSEUDO	PSEUDO	EMPTY	
MatchException	com/tridium/ui/theme/custom/nss/query/NSSTupleAdvice	compareTo(Lcom/tridium/ui/theme/custom/nss/query/IStyleAdvice;)I	-	-	X	X	NC	S	NC	
typeSwitch	niagara/ui/BAbstractButton$1	hasPseudoClass(Ljava/lang/String;)Z	no	active	X	X	PSEUDO	PSEUDO	EMPTY	
typeSwitch	niagara/ui/BAbstractButton	hasPseudoClass(Ljava/lang/String;)Z	no	active	X	X	PSEUDO	PSEUDO	EMPTY	
enumSwitch	niagara/ui/BToggleButton	hasPseudoClass(Ljava/lang/String;)Z	no	CHECKED	X	X	PSEUDO	PSEUDO	EMPTY	
enumSwitch	niagara/ui/BToggleMenuItem	hasPseudoClass(Ljava/lang/String;)Z	no	CHECKED	X	X	PSEUDO	PSEUDO	EMPTY	
enumSwitch	niagara/ui/BWidget$DefaultPseudoClassChecker	test(Ljava/lang/String;)Z	no	FOCUS | FIRST_CHILD | HOVER | LAST_CHILD | ACTIVE | ENABLED | DISABLED | ROOT	X	X	PSEUDO	PSEUDO	EMPTY	
enumSwitch	niagara/ui/list/Item	hasPseudoClass(Ljava/lang/String;)Z	no	FIRST_CHILD | LAST_CHILD | ACTIVE	X	X	PSEUDO	PSEUDO	EMPTY	
enumSwitch	niagara/ui/pane/BLabelPane	hasPseudoClass(Ljava/lang/String;)Z	no	HOVER	X	X	PSEUDO	PSEUDO	EMPTY	
typeSwitch	niagara/ui/style/IStyle	toSimple(Ljava/lang/Object;)Lniagara/sys/BSimple;	no	java/lang/Double | java/lang/Float | java/lang/Long | java/lang/Integer | java/lang/String | java/lang/Boolean | niagara/sys/BSimple	X	X	PSEUDO	PSEUDO	PSEUDO	
typeSwitch	niagara/ui/style/IStyle	toStyleValue(Lniagara/sys/BObject;)Ljava/lang/Object;	no	niagara/sys/BDouble | niagara/sys/BFloat | niagara/sys/BLong | niagara/sys/BInteger | niagara/sys/BString | niagara/sys/BBoolean	X	X	PSEUDO	PSEUDO	PSEUDO	
typeSwitch	niagara/ui/style/StylableAdapter	makeChildOf(Lniagara/ui/style/IStylable;Ljava/lang/String;)Lniagara/ui/style/StylableAdapter;	yes	com/tridium/ui/theme/custom/nss/selector/HasId | com/tridium/ui/theme/custom/nss/selector/HasClass | com/tridium/ui/theme/custom/nss/selector/HasPseudoClass | com/tridium/ui/theme/custom/nss/selector/HasAttribute | com/tridium/ui/theme/custom/nss/selector/IsTag	X	X	PSEUDO	PSEUDO	PSEUDO	
enumSwitch	niagara/ui/tree/TreeNode	hasPseudoClass(Ljava/lang/String;)Z	no	HOVER | FOCUS	X	X	PSEUDO	PSEUDO	EMPTY	
typeSwitch	niagara/control/BBooleanWritable	getOldValueForPendingActionAuditEvent(Lniagara/sys/Action;Lniagara/sys/BValue;Lniagara/sys/Context;)Ljava/lang/String;	yes	niagara/sys/Action | niagara/sys/Action | niagara/sys/Action	X	X	PSEUDO	PSEUDO	PSEUDO	
typeSwitch	niagara/control/BEnumWritable	getOldValueForPendingActionAuditEvent(Lniagara/sys/Action;Lniagara/sys/BValue;Lniagara/sys/Context;)Ljava/lang/String;	yes	niagara/sys/Action | niagara/sys/Action | niagara/sys/Action	X	X	PSEUDO	PSEUDO	PSEUDO	
typeSwitch	niagara/control/BNumericWritable	getOldValueForPendingActionAuditEvent(Lniagara/sys/Action;Lniagara/sys/BValue;Lniagara/sys/Context;)Ljava/lang/String;	yes	niagara/sys/Action | niagara/sys/Action | niagara/sys/Action	X	X	PSEUDO	PSEUDO	PSEUDO	
typeSwitch	niagara/control/BStringWritable	getOldValueForPendingActionAuditEvent(Lniagara/sys/Action;Lniagara/sys/BValue;Lniagara/sys/Context;)Ljava/lang/String;	yes	niagara/sys/Action | niagara/sys/Action | niagara/sys/Action	X	X	PSEUDO	PSEUDO	PSEUDO	
typeSwitch	com/tridium/email/EmailUtil	extractContent(Ljava/util/List;Ljava/lang/Object;Ljava/lang/String;Ljava/lang/String;Z)V	no	java/lang/String | java/io/InputStream | jakarta/mail/internet/MimeMultipart	S	S	PSEUDO	PSEUDO	PSEUDO	
typeSwitch	com/tridium/fox/sys/broker/BBrokerChannel	loadType(Lniagara/io/ValueDocDecoder;Lcom/tridium/sys/module/NModule;Lniagara/util/BTypeSpec;)Lniagara/sys/Type;	no	com/tridium/sys/schema/SyntheticEnumType | com/tridium/sys/schema/SyntheticComplexType | com/tridium/sys/schema/SimpleType	NC	NC	PSEUDO	PSEUDO	PSEUDO	effects-equal
typeSwitch	com/tridium/jetty/BJettyWebServer	walkContextHandler(Lorg/eclipse/jetty/server/Handler;Ljava/util/Set;)V	no	org/eclipse/jetty/ee11/servlet/ServletContextHandler | org/eclipse/jetty/server/Handler$Wrapper | org/eclipse/jetty/server/Handler$Container	NC	NC	PSEUDO	PSEUDO	PSEUDO	exact
typeSwitch	com/tridium/platDaemon/ui/stationtransfer/BStationCopier$WizardCommand	doInvokeAsync()V	yes	niagara/util/Version | niagara/util/Version | niagara/util/Version	D	D	PSEUDO	PSEUDO	PSEUDO	
MatchException	com/tridium/install/SignatureDispositionEnum	getDispositionIcon()Lniagara/gx/BImage;	-	-	X	X	S	X	X	
MatchException	com/tridium/install/SignatureDispositionEnum	getDispositionMessage()Ljava/lang/String;	-	-	X	X	S	X	X	
MatchException	com/tridium/install/SignatureStatusEnum	getStatusIcon()Lniagara/gx/BImage;	-	-	X	X	S	NC	X	
typeSwitch	com/tridium/install/installable/BDistribution	getEntryDestPath(Ljava/lang/String;)Lniagara/file/FilePath;	no	niagara_user_home | niagara_config_home | niagara_home	S	S	PSEUDO	PSEUDO	EMPTY	
typeSwitch	com/tridium/install/installable/BDistribution	getEntryDestPath(Lniagara/file/FilePath;)Lniagara/file/FilePath;	no	niagara_user_home | niagara_config_home | niagara_home	X	X	PSEUDO	PSEUDO	EMPTY	
typeSwitch	com/tridium/platform/daemon/PlatformStationManager	createStation(Lniagara/file/BDirectory;Ljava/lang/String;Lniagara/platform/IPlatformOperationListener;Ljava/util/function/Supplier;)Lniagara/platform/RemoteStation;	yes	niagara/util/Version | niagara/util/Version | niagara/util/Version	PSEUDO	PSEUDO	PSEUDO	PSEUDO	PSEUDO	exact
typeSwitch	com/tridium/schedule/ui/BScheduleFE	makeFor(Lniagara/schedule/BAbstractSchedule;)Lcom/tridium/schedule/ui/BAbstractScheduleWidget;	no	niagara/schedule/BCustomSchedule | niagara/schedule/BScheduleReference | niagara/schedule/BWeekAndDaySchedule | niagara/schedule/BDateSchedule | niagara/schedule/BDateRangeSchedule | niagara/schedule/BDayOfMonthSchedule | niagara/schedule/BMonthSchedule | niagara/schedule/BWeekdaySchedule | niagara/schedule/BWeekOfMonthSchedule | niagara/schedule/BYearSchedule | niagara/schedule/BCompositeSchedule	X	X	PSEUDO	PSEUDO	PSEUDO	
typeSwitch	niagara/test/TestHelper	toNumber(Ljava/lang/Object;)Lniagara/sys/BNumber;	no	java/lang/Double | java/lang/Integer | java/lang/Float | java/lang/Long | java/lang/Number	X	X	PSEUDO	PSEUDO	PSEUDO	
typeSwitch	niagara/workbench/BWbProfile	dumpMenu(Lniagara/ui/menu/BIMenu;Ljava/lang/String;)V	yes	niagara/ui/BSeparator | niagara/ui/BSubMenuItem | niagara/ui/BMenuItem	NC	U	PSEUDO	PSEUDO	PSEUDO	exact
