com/tridium/nre/subscription/EntitlementApi	sendRequestMessageAndHandleResponse(Lcom/tridium/nre/subscription/HttpRequestMessage;)Lorg/json/JSONObject;	typeSwitch	com/tridium/nre/subscription/HttpStatusException | java/net/SocketTimeoutException | java/net/NoRouteToHostException | java/net/UnknownHostException	no
com/tridium/nre/subscription/EntitlementApi	sanitizeMessage(Lorg/json/JSONObject;)Lorg/json/JSONObject;	typeSwitch	publicKey | refreshIncrement | restoreId	yes
com/tridium/nre/security/UserLoginHistoryStore$EventThread	serviceEvent(Lcom/tridium/nre/security/AbstractUserLoginEvent;)V	typeSwitch	com/tridium/nre/security/AddUserLoginEvent | com/tridium/nre/security/RenameUserLoginEvent | com/tridium/nre/security/RemoveUserLoginEvent	no
com/tridium/nre/security/permissions/PermissionFactory	makeNiagaraPermission(Ljava/lang/annotation/Annotation;)Lcom/tridium/nre/security/permissions/NiagaraPermission;	typeSwitch	com/tridium/nre/annotations/GrantFilePermission | com/tridium/nre/annotations/GrantKeyRingPermission | com/tridium/nre/annotations/GrantNiagaraBasicPermission | niagara/nre/annotations/GrantSigningPasswordPermission | niagara/nre/annotations/GrantKeyStorePermission | niagara/nre/annotations/GrantPublicNiagaraBasicPermission | niagara/nre/annotations/GrantRuntimeExecPermission	no
com/tridium/crypto/core/io/CoreCryptoManager	getPublicKeyType(Ljava/lang/String;)Ljava/lang/String;	typeSwitch	java/security/interfaces/DSAPublicKey | java/security/interfaces/ECPublicKey | java/security/interfaces/RSAPublicKey	no
com/tridium/crypto/core/cert/CertUtils	signCertificate(Lorg/bouncycastle/pkcs/jcajce/JcaPKCS10CertificationRequest;Ljava/security/cert/X509Certificate;Ljava/security/PrivateKey;Lcom/tridium/crypto/core/cert/NSigningParameters;Z)Ljava/security/cert/X509Certificate;	typeSwitch	java/security/interfaces/RSAPrivateKey | java/security/interfaces/ECPrivateKey | java/security/interfaces/DSAPrivateKey	no
com/tridium/crypto/core/cert/CertUtils	getPrivateKeyFromObject(Ljava/lang/Object;Ljava/lang/String;)Ljava/security/PrivateKey;	typeSwitch	org/bouncycastle/asn1/pkcs/PrivateKeyInfo | org/bouncycastle/openssl/PEMKeyPair | org/bouncycastle/openssl/PEMEncryptedKeyPair | org/bouncycastle/pkcs/PKCS8EncryptedPrivateKeyInfo	no
com/tridium/sys/schema/Introspector	getModule(Ljava/lang/Class;Ljava/lang/String;)Lcom/tridium/sys/module/NModule;	typeSwitch	com/tridium/sys/module/ModuleSetClassLoader | com/tridium/nre/bootstrap/BootstrapClassLoader	no
niagara/ui/BAbstractButton$1	hasPseudoClass(Ljava/lang/String;)Z	typeSwitch	active	no
niagara/ui/BAbstractButton	hasPseudoClass(Ljava/lang/String;)Z	typeSwitch	active	no
niagara/ui/style/IStyle	toSimple(Ljava/lang/Object;)Lniagara/sys/BSimple;	typeSwitch	java/lang/Double | java/lang/Float | java/lang/Long | java/lang/Integer | java/lang/String | java/lang/Boolean | niagara/sys/BSimple	no
niagara/ui/style/IStyle	toStyleValue(Lniagara/sys/BObject;)Ljava/lang/Object;	typeSwitch	niagara/sys/BDouble | niagara/sys/BFloat | niagara/sys/BLong | niagara/sys/BInteger | niagara/sys/BString | niagara/sys/BBoolean	no
niagara/ui/style/StylableAdapter	makeChildOf(Lniagara/ui/style/IStylable;Ljava/lang/String;)Lniagara/ui/style/StylableAdapter;	typeSwitch	com/tridium/ui/theme/custom/nss/selector/HasId | com/tridium/ui/theme/custom/nss/selector/HasClass | com/tridium/ui/theme/custom/nss/selector/HasPseudoClass | com/tridium/ui/theme/custom/nss/selector/HasAttribute | com/tridium/ui/theme/custom/nss/selector/IsTag	yes
niagara/control/BBooleanWritable	getOldValueForPendingActionAuditEvent(Lniagara/sys/Action;Lniagara/sys/BValue;Lniagara/sys/Context;)Ljava/lang/String;	typeSwitch	niagara/sys/Action | niagara/sys/Action | niagara/sys/Action	yes
niagara/control/BEnumWritable	getOldValueForPendingActionAuditEvent(Lniagara/sys/Action;Lniagara/sys/BValue;Lniagara/sys/Context;)Ljava/lang/String;	typeSwitch	niagara/sys/Action | niagara/sys/Action | niagara/sys/Action	yes
niagara/control/BNumericWritable	getOldValueForPendingActionAuditEvent(Lniagara/sys/Action;Lniagara/sys/BValue;Lniagara/sys/Context;)Ljava/lang/String;	typeSwitch	niagara/sys/Action | niagara/sys/Action | niagara/sys/Action	yes
niagara/control/BStringWritable	getOldValueForPendingActionAuditEvent(Lniagara/sys/Action;Lniagara/sys/BValue;Lniagara/sys/Context;)Ljava/lang/String;	typeSwitch	niagara/sys/Action | niagara/sys/Action | niagara/sys/Action	yes
com/tridium/email/EmailUtil	extractContent(Ljava/util/List;Ljava/lang/Object;Ljava/lang/String;Ljava/lang/String;Z)V	typeSwitch	java/lang/String | java/io/InputStream | jakarta/mail/internet/MimeMultipart	no
com/tridium/fox/sys/broker/BBrokerChannel	loadType(Lniagara/io/ValueDocDecoder;Lcom/tridium/sys/module/NModule;Lniagara/util/BTypeSpec;)Lniagara/sys/Type;	typeSwitch	com/tridium/sys/schema/SyntheticEnumType | com/tridium/sys/schema/SyntheticComplexType | com/tridium/sys/schema/SimpleType	no
com/tridium/jetty/BJettyWebServer	walkContextHandler(Lorg/eclipse/jetty/server/Handler;Ljava/util/Set;)V	typeSwitch	org/eclipse/jetty/ee11/servlet/ServletContextHandler | org/eclipse/jetty/server/Handler$Wrapper | org/eclipse/jetty/server/Handler$Container	no
com/tridium/platDaemon/ui/stationtransfer/BStationCopier$WizardCommand	doInvokeAsync()V	typeSwitch	niagara/util/Version | niagara/util/Version | niagara/util/Version	yes
com/tridium/install/installable/BDistribution	getEntryDestPath(Lniagara/file/FilePath;)Lniagara/file/FilePath;	typeSwitch	niagara_user_home | niagara_config_home | niagara_home	no
com/tridium/install/installable/BDistribution	getEntryDestPath(Ljava/lang/String;)Lniagara/file/FilePath;	typeSwitch	niagara_user_home | niagara_config_home | niagara_home	no
com/tridium/platform/daemon/PlatformStationManager	createStation(Lniagara/file/BDirectory;Ljava/lang/String;Lniagara/platform/IPlatformOperationListener;Ljava/util/function/Supplier;)Lniagara/platform/RemoteStation;	typeSwitch	niagara/util/Version | niagara/util/Version | niagara/util/Version	yes
com/tridium/schedule/ui/BScheduleFE	makeFor(Lniagara/schedule/BAbstractSchedule;)Lcom/tridium/schedule/ui/BAbstractScheduleWidget;	typeSwitch	niagara/schedule/BCustomSchedule | niagara/schedule/BScheduleReference | niagara/schedule/BWeekAndDaySchedule | niagara/schedule/BDateSchedule | niagara/schedule/BDateRangeSchedule | niagara/schedule/BDayOfMonthSchedule | niagara/schedule/BMonthSchedule | niagara/schedule/BWeekdaySchedule | niagara/schedule/BWeekOfMonthSchedule | niagara/schedule/BYearSchedule | niagara/schedule/BCompositeSchedule	no
niagara/test/TestHelper	toNumber(Ljava/lang/Object;)Lniagara/sys/BNumber;	typeSwitch	java/lang/Double | java/lang/Integer | java/lang/Float | java/lang/Long | java/lang/Number	no
niagara/workbench/BWbProfile	dumpMenu(Lniagara/ui/menu/BIMenu;Ljava/lang/String;)V	typeSwitch	niagara/ui/BSeparator | niagara/ui/BSubMenuItem | niagara/ui/BMenuItem	yes
niagara/ui/BToggleButton	hasPseudoClass(Ljava/lang/String;)Z	enumSwitch	CHECKED	no
niagara/ui/BToggleMenuItem	hasPseudoClass(Ljava/lang/String;)Z	enumSwitch	CHECKED	no
niagara/ui/BWidget$DefaultPseudoClassChecker	test(Ljava/lang/String;)Z	enumSwitch	FOCUS | FIRST_CHILD | HOVER | LAST_CHILD | ACTIVE | ENABLED | DISABLED | ROOT	no
niagara/ui/list/Item	hasPseudoClass(Ljava/lang/String;)Z	enumSwitch	FIRST_CHILD | LAST_CHILD | ACTIVE	no
niagara/ui/pane/BLabelPane	hasPseudoClass(Ljava/lang/String;)Z	enumSwitch	HOVER	no
niagara/ui/tree/TreeNode	hasPseudoClass(Ljava/lang/String;)Z	enumSwitch	HOVER | FOCUS	no
com/tridium/ui/theme/custom/nss/query/DerivedSelectionResult	invalidate(Lniagara/ui/style/IStylable;Lniagara/ui/style/IStyleCache$InvalidationReason;)V	enumSwitch	PSEUDOCLASSES_CHANGED	no
