block	cited_location	claim	verdict	evidence
B2	§2.1 title + B117 §117.4	n-plugin is one fat Kotlin jar (650 of 724 classes Kotlin)	SAFE	census: 650/724 carry @kotlin.Metadata (kotlin_census.py); the other 74 are Java (62 top-level .java files in the tree)
B2	§2.3 :192-196 VendorExtension.kt	defaultModuleVersion(version: String) sets ModuleXml.vendorVersion on every subproject applying n-module; defaultVendor sets ModuleXml.vendor.convention	SAFE	metadata: `public fun defaultModuleVersion(version: kotlin.String): kotlin.Unit` is a member of VendorExtension (not an extension fun); body walls in the durable .kt (4 methods) but the Java-mode tree shows getVendorVersion().set($version) and getVendor().convention($vendor) (vf-java VendorExtension.java:147,95)
B2	§2.4 :244-247 NiagaraModulePlugin.registerModuleTasks	extensions.create("moduleManifest", ModuleXml) and register("writeModuleXml", WriteModuleXml)	SAFE	registerModuleTasks is a wall in the durable .kt; constants read in vf-java NiagaraModulePlugin.java:202,395,422 (MODULE_MANIFEST_EXTENSION = "moduleManifest", "writeModuleXml")
B2	§2.4 :246 quoted `var59`/`var60`	claim quotes decompiler variable names as evidence	SUSPECT	varN names are decompiler-synthetic (2,948 varN tokens in the n-plugin .kt tree); the underlying claim is true, the quoted identifiers are not source
B2	§2.5 title :301	the Gradle task type `Slotomatic` is "now exposed as a Kotlin task type"	CONTRADICTED	Slotomatic, SlotomaticTask and MigrateSlotomaticTask carry no kotlin/Metadata (zipfile check of n-plugin-5.0.54.9.2.jar); they are Java classes (the section's own citation is Slotomatic.java); only the registering plugin NiagaraModulePlugin is Kotlin
B2	§2.6 :357-363 NiagaraAnnotationProcessorsPlugin	registers -Aniagara.module.root and -Aniagara.test.roots (src/moduleTest/java=java Maven, srcTest=java legacy) via AnnotationProcessorArgumentProvider; configuration niagaraAnnotationProcessor	SAFE	apply() is a wall in the durable .kt; vf-java NiagaraAnnotationProcessorsPlugin.java:41,88-89,101-102 (`case MAVEN, NIAGARA_MAVEN -> "src/moduleTest/java=java"`; `case NIAGARA_LEGACY -> "srcTest=java"`)
B2	§2.7 :431	getJavaModuleVersion().set(manifestExtension.getVendorVersion()) inside registerModuleTasks	SAFE	vf-java NiagaraModulePlugin.java:493
B2	§2.7 :432-437 NiagaraJavaPlugin	registers 4 CommandLineArgumentProviders: compact3, limitModules, apt, modulePath	SAFE	apply() is a wall in the durable .kt (NiagaraJavaPlugin.kt is 41 lines); vf-java NiagaraJavaPlugin.java:66,83,100,116 (compact3, limitModules, apt, modulePath)
B2	§2.9 :502	sourceSets.create("moduleTest")	SAFE	vf-java NiagaraModulePlugin.java:184,284
B7	§7.7 :416-436 (B7-G1)	the exact slotomatic<->compileJava task-graph edge is unresolved because the Kotlin lambda is <unrepresentable>	ADVANCED	javap of NiagaraModulePlugin$registerSlotomaticTasks$3 (+$3$1): the hidden lambda only sets SlotomaticTask.javaLanguageLevel from the toolchain languageVersion; none of the 7 dependsOn sites in NiagaraModulePlugin involves slotomatic/migrateSlotomatic (they wire writeModuleXml->compileJava, writeTestModuleXml->compileTestJava, assemble/check/RunNiagaraTestTask->moduleTestJar/niagaraTest, javadoc jar); no finalizedBy/mustRunAfter in the module package. B7's conclusion (no automatic edge) now [CERT-hw] by bytecode, not [INFER]
B9	header :38 etc/gradle/libs.versions.toml	the version catalog pins kotlin = "2.4.10"	SAFE	scope note: 2.4.10 is the kotlin-stdlib bundled in bin/ext; the four Tridium jars were compiled with Kotlin metadata version 2.2.0 (kotlin_census.py metadata_versions) - two different facts, not a conflict
B36	§36.2 :86-94 NiagaraEnvironmentSpec/Service	nodeHome resolves gradleProperty -> systemProperty -> env NODE_HOME, else `<root>/node`, no download	SAFE	durable .kt NiagaraEnvironmentSpec.kt:30-31, NiagaraEnvironmentService.kt:68; neither method is a wall
B36	§36.2 :104-107 CheckNodeInstalled	findNodeVersion() throws InvalidUserDataException("No valid node version was found, please install one")	SAFE	findNodeVersion is a wall in the durable .kt but the string is at CheckNodeInstalled.kt:84 and B36 itself read the body with javap
B36	§36.3 :135 InterpreterExecTask	argv = interpreter + interpreterArgs + command + commandArgs when interpreter is set	SAFE	durable .kt InterpreterExecTask.kt:25-54 (getExecutable/getArgs)
B36	§36.3 :149-152 addNiagaraEnvironment	nodeHome (bin on POSIX) is prepended to PATH	SAFE	durable .kt NiagaraEnvironmentService.kt:108-116
B36	§36.3 :160 JavaScriptTaskKt	skipjs gradle property, lower-cased "true" skips the task	SAFE	IJavaScriptTask.kt:7 `val skipjs: Property<String>`; JavaScriptTaskKt.kt:28,43; wireSkipJsConvention is a wall (B36 used javap)
B36	§36.4 :168 NodePlugin	constants npmLocalInstall / cleanLegacyJs / cleanNodeModules	SAFE	NodePlugin.kt:19-21 `public const val` in the companion (inlined at use sites; the value is the literal)
B36	§36.4 :179 GlobalNodeModules	enum entry PUPPETEER("puppeteer") etc.	SAFE	GlobalNodeModules.kt:9
B36	§36.4 :184-188 YarnWorkspace(Aggregation)Plugin	apply() throws when applied to the root project; aggregation plugin resolves yarnWorkspaceElements	SAFE	both apply() are walls in the durable .kt; B36 read them with javap (bytecode dump)
B36	§36.5 :210 GruntExecTask	command = "grunt", captureStandardOutput(INFO)	SAFE	GruntExecTask.kt:16,18
B36	§36.5 :223-227 GruntCiOptions.kt:18-130	stationHttpPort default 9088, stationHttpsPort 9089, stationFoxPort 9911	SUSPECT	values are right but the location is not: the defaults are `private const val DEFAULT_STATION_*_PORT` in GruntPlugin.Companion (GruntPlugin.kt:235-237) applied by GruntPlugin$configureTask$2 (javap: getStationHttpPort + sipush 9088 -> Property.convention); GruntCiOptions only declares Property<Int> (GruntCiOptions.kt:36-38); GruntPlugin.configureTask is a wall in the durable .kt
B36	§36.8 :293 NpsdkNativePlugin	apply() touches only natives.* types	SAFE	NpsdkNativePlugin.kt (not a wall)
B39	§39.2 :137-151 ModulePathArgumentProvider	--module-path is built from exactly 4 segments (moduleClassPath, bin/ext, bin/ext/bcfips, config modules)	SAFE	durable .kt ModulePathArgumentProvider.kt:46-56 (environmentPath)
B39	§39.2 :154 NiagaraJavaPlugin.kt:71-79	providers are added to every JavaCompile.compilerArgumentProviders	SAFE	claim true (vf-java NiagaraJavaPlugin.java:79,96,112); citation not reproducible: the durable NiagaraJavaPlugin.kt has 41 lines because apply() is a wall
B51	§51.5 :317-352 NiagaraJavaPlugin.apply	apply() only touches its own project's JavaCompile tasks (no subprojects/allprojects), so n-java must be applied per module	SAFE	vf-java NiagaraJavaPlugin.java: withType(JavaCompile.class) at :57, 0 occurrences of subprojects/allprojects; the quoted Kotlin block is an editorial paraphrase, not plugin output
B51	§51.6 :385-395 NiagaraModulePlugin	dependencySearchClasspath is wired from compileClasspath; api extendsFrom(uberjar, unterjar, nre)	SAFE	vf-java NiagaraModulePlugin.java:410 and :354-370 (`extendsFrom(new Configuration[]{uberjar, unterjar, nre})`)
B60	§60.3 :198,:341 ModuleXml.java:68,:87	ModuleXml sets dependencyVersionLimit(2) and ignoreRuntimeProfileCheck convention	SAFE	ModuleXml is a Java class (module/util/ModuleXml.java, no kotlin/Metadata); its defaults are plain Java constructor code, unaffected by Kotlin-to-Java decompile loss
B74	§74.1 :121	Slotomatic/generator code stays Java while the Gradle plugins are Kotlin	SAFE	matches the census; it is B2 §2.5's heading that is wrong
B74	§74.2 :228-232 NativeCommand	commands come from props.getString("cc.cmd"/"ld.cmd"/"ar.cmd"); key names are companion constants	SAFE	NativeCommand.kt:271,105,113 and :387,394,401 (cited 395/402/409 are shifted by 8 lines in the durable tree)
B74	§74.2 :235 AbstractNativeBuild	section key "devkit-${platform.devkitName}"	SAFE	AbstractNativeBuild.kt:62
B74	§74.2 :242-244 GccBuild/PosixCommand	GccBuild instantiates PosixCommand via ObjectFactory.newInstance; PosixCommand adds -shared and -Wl,-rpath-link=	SAFE	GccBuild.kt:33; PosixCommand.kt:66,73
B74	§74.2 :251	cc.cmd/ld.cmd/ar.cmd have no default anywhere in the Kotlin source	SAFE	no fallback literal at the 3 read sites; NativeCommand.execute is a wall (its bytes not read by the durable tree); Kotlin detail: props.getString returns a platform type assigned to a non-null String, so a missing key surfaces as a Kotlin null-check failure, not a Java NPE at the call
B89	§89.1 :93-133 NiagaraNativePlatform	os/arch/devkitName are lateinit vars; first read throws UninitializedPropertyAccessException("lateinit property os has not been initialized")	SAFE	upgrades a bytecode inference to metadata truth: `public lateinit var os/arch/devkitName/compiler` in the recovered declarations (NiagaraNativePlatform.kt.txt:6-9); message text at kotlin.jvm.internal.Intrinsics (javap: ldc "lateinit property " ... " has not been initialized")
B89	§89.2 :145 Compact3ArgumentProvider.asArguments	enabled (convention false) -> empty; language version can compile/run 9 -> empty; else -profile compact3	SAFE	Compact3ArgumentProvider.kt (whole file); cosmetic hazard: the .kt prints the abstract-class constructor as `open fun Compact3ArgumentProvider(objects)` (75 such pseudo-functions in the 4 trees)
B89	§89.8 :477-478 NativeCommand.kt:43-77	the full list of 17 companion-object key-name constants	SUSPECT	count only, not Kotlin-caused: the durable NativeCommand.kt companion declares 18 `const val` key names (CC 7, LD 7, AR 4) and B89's own enumerated list has 18 names; DevkitProperties wraps PropertiesConfiguration (DevkitProperties.kt:25-26,100) is correct
B97	§97.1 :165	a Vineflower Kotlin-lambda-naming artifact was ruled out with javap	SAFE	consistent with the 1,006 `$this$` LVT names in 360 classes and 435 `$i$f$` markers in 142 classes
B108	§108.2 :197,:384	Vineflower fails on NiagaraModulePlugin.class because of a 'no d1 attribute' Kotlin-metadata confound	SAFE	true for the anonymous/lambda classes: 333 of 333 k=3 synthetic classes carry no d1 payload and 70 of the plugin's stack traces read 'Anonymous class does not have Class Kotlin metadata'; NiagaraModulePlugin itself decodes fine (696/696); B97 does not contain the literal 'no d1 attribute'
B108	§108.2 :214 Unterjar/UberjarCopySpec.java	CopySpec classes read from vf_out	SAFE	both are Java classes in the tree (no kotlin/Metadata)
B79	§79.4 :421-425	a strings sweep of com/tridium/gradle/plugins/{node,grunt}/ classes finds no npm package name for the Grunt task definitions	SAFE	byte-level absence over class-file constant pools; Kotlin-agnostic (const val values are inlined into the pool of both the declaring and the using class)
B117	§117.4 :129	a Java decompile of Kotlin bytecode explains behaviour without being the source (n-plugin 650/724, n-conv-plugin 14/14, settings 20/20, utils 12/12 Kotlin)	SUSPECT	counts reproduced exactly; but the corpus trees for these jars are NOT a Java decompile: they are Vineflower 1.12.0's bundled Kotlin plugin output (302+4+15+8 .kt files); a Java-mode run (--kt-enable=false) is the alternative
B55	§55.6 :326-356 okhttp ConnectPlan	createSocket for DIRECT/HTTP proxy, Socket(proxy) otherwise (decompiled `1, 2 ->`)	SAFE	upstream okhttp-jvm 5.5.0 sources ConnectPlan.kt:271-272 (`Proxy.Type.DIRECT, Proxy.Type.HTTP -> ...createSocket()!!`, `else -> JavaNetSocket(route.proxy)`); decompiled `1, 2` is the WhenMappings ordinal rendering
B106	§106.5 :222-229 okio DefaultSocket/PipeSocket	never call .connect( / new Socket( / resolve a hostname	SAFE	upstream okio-jvm 3.18.1 sources: DefaultSocket.kt/PipeSocket.kt contain no connect(/Socket(/getByName calls (only the class declarations)
