jar	class	kind	classfile_major	km_functions	km_properties	km_ctors	jvm_methods	jvm_declared	jvm_generated	jvm_unexplained
n-conv-plugin	com/tridium/gradle/plugins/niagara/convention/NiagaraGradleProjectConventionPlugin	class	69	1	0	1	3	3	0	0
n-conv-plugin	com/tridium/gradle/plugins/niagara/convention/NiagaraGradleProjectConventionPlugin$apply$1$1	synthetic	69	0	0	0	4	0	4	0
n-conv-plugin	com/tridium/gradle/plugins/niagara/convention/NiagaraHomeRepositoriesPlugin	class	69	1	0	1	3	3	0	0
n-conv-plugin	com/tridium/gradle/plugins/niagara/convention/NiagaraHomeRepositoriesPlugin$apply$1$1	synthetic	69	0	0	0	4	0	4	0
n-conv-plugin	com/tridium/gradle/plugins/niagara/convention/NiagaraHomeRepositoriesPlugin$apply$1$1$1$1	synthetic	69	0	0	0	3	0	3	0
n-conv-plugin	com/tridium/gradle/plugins/niagara/convention/NiagaraHomeRepositoriesPlugin$apply$1$1$1$1$1	synthetic	69	0	0	0	4	0	4	0
n-conv-plugin	com/tridium/gradle/plugins/niagara/convention/NiagaraHomeRepositoriesPlugin$apply$1$1$1$2	synthetic	69	0	0	0	3	0	3	0
n-conv-plugin	com/tridium/gradle/plugins/niagara/convention/NiagaraHomeRepositoriesPlugin$apply$1$1$1$2$1	synthetic	69	0	0	0	4	0	4	0
n-conv-plugin	com/tridium/gradle/plugins/niagara/convention/NiagaraHomeRepositoriesPlugin$apply$1$1$1$3	synthetic	69	0	0	0	3	0	3	0
n-conv-plugin	com/tridium/gradle/plugins/niagara/convention/NiagaraHomeRepositoriesPlugin$apply$1$1$1$3$1	synthetic	69	0	0	0	4	0	4	0
n-conv-plugin	com/tridium/gradle/plugins/niagara/convention/NiagaraModuleConventionPlugin	class	69	1	0	1	3	3	0	0
n-conv-plugin	com/tridium/gradle/plugins/niagara/convention/NiagaraModuleConventionPlugin$apply$1$1	synthetic	69	0	0	0	4	0	4	0
n-conv-plugin	com/tridium/gradle/plugins/niagara/convention/SettingsConventionPlugin	class	69	1	0	1	3	3	0	0
n-conv-plugin	com/tridium/gradle/plugins/niagara/convention/SettingsConventionPlugin$apply$1$1	synthetic	69	0	0	0	4	0	4	0
n-plugin	com/tridium/extensions/CopySpecExtensionsKt	file-facade	69	4	1	0	10	6	4	0
n-plugin	com/tridium/extensions/CopySpecExtensionsKt$fromDists$1	synthetic	69	0	0	0	3	0	3	0
n-plugin	com/tridium/extensions/CopySpecExtensionsKt$fromDists$1$1	synthetic	69	0	0	0	3	0	3	0
n-plugin	com/tridium/extensions/CopySpecExtensionsKt$fromModules$1	synthetic	69	0	0	0	4	0	4	0
n-plugin	com/tridium/extensions/CopySpecExtensionsKt$fromModules$2	synthetic	69	0	0	0	3	0	3	0
n-plugin	com/tridium/extensions/CopySpecExtensionsKt$fromModules$2$1	synthetic	69	0	0	0	4	0	4	0
n-plugin	com/tridium/extensions/KeyStoreExtensionsKt	file-facade	69	15	1	0	17	15	2	0
n-plugin	com/tridium/extensions/ManifestData	class	69	6	2	1	10	9	1	0
n-plugin	com/tridium/extensions/TimestampServer	class	69	2	1	0	3	3	0	0
n-plugin	com/tridium/extensions/TimestampServerFactory	class	69	1	0	0	1	1	0	0
n-plugin	com/tridium/extensions/URLTimestampServer	class	69	1	2	1	4	2	2	0
n-plugin	com/tridium/extensions/X509CertificateExtensionsKt	file-facade	69	2	0	0	2	2	0	0
n-plugin	com/tridium/extensions/X509CertificateKeyUsage	class	69	0	0	1	6	1	5	0
n-plugin	com/tridium/gradle/action/DistCopyAction	class	69	1	1	1	7	3	4	0
n-plugin	com/tridium/gradle/action/DistCopyAction$Companion	class	69	0	1	1	2	1	1	0
n-plugin	com/tridium/gradle/action/DistCopyAction$execute$2	synthetic	69	0	0	0	4	0	4	0
n-plugin	com/tridium/gradle/artifacts/attributes/Packaging	class	69	0	7	1	3	2	1	0
n-plugin	com/tridium/gradle/artifacts/transforms/UntarTransformAction	class	69	1	1	1	3	3	0	0
n-plugin	com/tridium/gradle/artifacts/transforms/UnzipTransformAction	class	69	1	1	1	3	3	0	0
n-plugin	com/tridium/gradle/artifacts/transforms/UnzipTransformAction$Params	class	69	0	1	0	1	1	0	0
n-plugin	com/tridium/gradle/plugins/artifacts/UnpackingArtifactTransformPlugin	class	69	1	0	1	4	4	0	0
n-plugin	com/tridium/gradle/plugins/artifacts/UnpackingArtifactTransformPlugin$apply$1$1$1	synthetic	69	0	0	0	4	0	4	0
n-plugin	com/tridium/gradle/plugins/artifacts/UnpackingArtifactTransformPlugin$apply$1$1$2	synthetic	69	0	0	0	4	0	4	0
n-plugin	com/tridium/gradle/plugins/artifacts/UnpackingArtifactTransformPlugin$apply$1$1$2$1	synthetic	69	0	0	0	4	0	4	0
n-plugin	com/tridium/gradle/plugins/artifacts/UnpackingArtifactTransformPlugin$apply$1$1$2$2	synthetic	69	0	0	0	4	0	4	0
n-plugin	com/tridium/gradle/plugins/artifacts/UnpackingArtifactTransformPlugin$apply$1$1$2$3	synthetic	69	0	0	0	4	0	4	0
n-plugin	com/tridium/gradle/plugins/artifacts/UnpackingArtifactTransformPlugin$apply$1$1$2$4	synthetic	69	0	0	0	4	0	4	0
n-plugin	com/tridium/gradle/plugins/artifacts/UnpackingArtifactTransformPlugin$apply$1$1$3	synthetic	69	0	0	0	4	0	4	0
n-plugin	com/tridium/gradle/plugins/artifacts/UnpackingArtifactTransformPlugin$apply$1$1$4	synthetic	69	0	0	0	4	0	4	0
n-plugin	com/tridium/gradle/plugins/artifacts/UnpackingArtifactTransformPlugin$apply$1$1$5	synthetic	69	0	0	0	4	0	4	0
n-plugin	com/tridium/gradle/plugins/artifacts/UnpackingArtifactTransformPlugin$apply$1$1$6	synthetic	69	0	0	0	3	0	3	0
n-plugin	com/tridium/gradle/plugins/artifacts/UnpackingArtifactTransformPlugin$apply$1$1$6$3	synthetic	69	0	0	0	4	0	4	0
n-plugin	com/tridium/gradle/plugins/artifacts/UnpackingArtifactTransformPlugin$apply$1$1$7	synthetic	69	0	0	0	3	0	3	0
n-plugin	com/tridium/gradle/plugins/bajadoc/BajadocPlugin	class	69	1	0	1	4	3	1	0
n-plugin	com/tridium/gradle/plugins/bajadoc/BajadocPlugin$Companion	class	69	0	1	1	2	1	1	0
n-plugin	com/tridium/gradle/plugins/bajadoc/BajadocPlugin$apply$1$1	synthetic	69	0	0	0	7	0	7	0
n-plugin	com/tridium/gradle/plugins/bajadoc/BajadocPlugin$apply$1$1$1	synthetic	69	0	0	0	3	0	3	0
n-plugin	com/tridium/gradle/plugins/bajadoc/BajadocPlugin$apply$1$1$2	synthetic	69	0	0	0	3	0	3	0
n-plugin	com/tridium/gradle/plugins/bajadoc/BajadocPlugin$apply$1$1$2$1	synthetic	69	0	0	0	3	0	3	0
n-plugin	com/tridium/gradle/plugins/bajadoc/BajadocPlugin$apply$1$1$2$2	synthetic	69	0	0	0	3	0	3	0
n-plugin	com/tridium/gradle/plugins/bajadoc/BajadocPlugin$apply$1$1$2$2$1	synthetic	69	0	0	0	3	0	3	0
n-plugin	com/tridium/gradle/plugins/bajadoc/BajadocPlugin$apply$1$1$bajadoc$2$1	synthetic	69	0	0	0	3	0	3	0
n-plugin	com/tridium/gradle/plugins/bajadoc/BajadocPlugin$apply$1$1$bajadoc$2$2	synthetic	69	0	0	0	4	0	4	0
n-plugin	com/tridium/gradle/plugins/bajadoc/BajadocPlugin$apply$1$1$configuration$1$1	synthetic	69	0	0	0	3	0	3	0
n-plugin	com/tridium/gradle/plugins/bajadoc/BajadocPlugin$apply$1$1$execute$$inlined$the$1	class	69	0	0	0	1	0	1	0
n-plugin	com/tridium/gradle/plugins/bajadoc/BajadocPlugin$apply$1$1$execute$$inlined$the$2	class	69	0	0	0	1	0	1	0
n-plugin	com/tridium/gradle/plugins/bajadoc/extension/BajadocExtension	class	69	0	3	1	4	3	1	0
n-plugin	com/tridium/gradle/plugins/bajadoc/extension/BajadocExtension$Companion	class	69	0	1	1	2	1	1	0
n-plugin	com/tridium/gradle/plugins/bajadoc/javadoc/LazyList	class	69	11	2	1	33	15	16	2
n-plugin	com/tridium/gradle/plugins/bajadoc/javadoc/StringProviderJavadocOptionFileOption	class	69	5	2	1	9	8	1	0
n-plugin	com/tridium/gradle/plugins/bajadoc/task/Bajadoc	class	69	4	9	1	13	12	1	0
n-plugin	com/tridium/gradle/plugins/bajadoc/task/Bajadoc$wireConvention$1	synthetic	69	0	0	0	3	0	3	0
n-plugin	com/tridium/gradle/plugins/bajadoc/task/Bajadoc$wireConvention$2	synthetic	69	0	0	0	3	0	3	0
n-plugin	com/tridium/gradle/plugins/bajadoc/task/Bajadoc$wireConvention$3	synthetic	69	0	0	0	3	0	3	0
n-plugin	com/tridium/gradle/plugins/dist/task/Dist	class	69	0	0	1	1	1	0	0
n-plugin	com/tridium/gradle/plugins/dist/util/DistXml	class	69	12	20	1	36	32	4	0
n-plugin	com/tridium/gradle/plugins/dist/util/DistXmlKt	file-facade	69	2	0	0	2	2	0	0
n-plugin	com/tridium/gradle/plugins/dist/util/FileHandling	class	69	7	6	1	14	14	0	0
n-plugin	com/tridium/gradle/plugins/dist/util/FileHandlingElement	class	69	3	3	1	6	6	0	0
n-plugin	com/tridium/gradle/plugins/dist/util/PlatformElement	class	69	3	2	1	6	6	0	0
n-plugin	com/tridium/gradle/plugins/dist/util/PropertyElement	class	69	2	4	1	6	6	0	0
n-plugin	com/tridium/gradle/plugins/doc/BajadocModulePlugin	class	69	1	0	1	7	5	2	0
n-plugin	com/tridium/gradle/plugins/doc/BajadocModulePlugin$apply$1$1	synthetic	69	0	0	0	3	0	3	0
n-plugin	com/tridium/gradle/plugins/doc/BajadocModulePlugin$apply$1$1$1	synthetic	69	0	0	0	3	0	3	0
n-plugin	com/tridium/gradle/plugins/doc/BajadocModulePlugin$apply$1$2	synthetic	69	0	0	0	4	0	4	0
n-plugin	com/tridium/gradle/plugins/doc/BajadocModulePlugin$apply$1$2$1$1	synthetic	69	0	0	0	4	0	4	0
n-plugin	com/tridium/gradle/plugins/doc/BajadocModulePlugin$apply$1$2$1$2	synthetic	69	0	0	0	4	0	4	0
n-plugin	com/tridium/gradle/plugins/doc/BajadocModulePlugin$apply$1$2$inlined$sam$i$org_gradle_api_Action$0	synthetic	69	0	0	0	2	0	2	0
n-plugin	com/tridium/gradle/plugins/doc/BajadocModulePlugin$apply$1$generateBajadocIndex$2$1	synthetic	69	0	0	0	4	0	4	0
n-plugin	com/tridium/gradle/plugins/doc/BaseDocPlugin	class	69	1	0	1	3	3	0	0
n-plugin	com/tridium/gradle/plugins/doc/IndexArgumentProvider	class	69	2	2	1	5	5	0	0
n-plugin	com/tridium/gradle/plugins/doc/NiagaraDocPlugin	class	69	1	0	1	8	7	1	0
n-plugin	com/tridium/gradle/plugins/doc/NiagaraDocPlugin$Companion	class	69	0	1	1	2	1	1	0
n-plugin	com/tridium/gradle/plugins/doc/NiagaraDocPlugin$apply$1$1	synthetic	69	0	0	0	4	0	4	0
n-plugin	com/tridium/gradle/plugins/doc/NiagaraDocPlugin$apply$1$1$1$1	synthetic	69	0	0	0	4	0	4	0
n-plugin	com/tridium/gradle/plugins/doc/NiagaraDocPlugin$apply$1$1$1$2	synthetic	69	0	0	0	4	0	4	0
n-plugin	com/tridium/gradle/plugins/doc/NiagaraDocPlugin$apply$1$1$inlined$sam$i$org_gradle_api_Action$0	synthetic	69	0	0	0	2	0	2	0
n-plugin	com/tridium/gradle/plugins/doc/NiagaraDocPlugin$inlined$sam$i$org_gradle_api_Action$0	synthetic	69	0	0	0	2	0	2	0
n-plugin	com/tridium/gradle/plugins/doc/task/BajadocIndex	class	69	2	4	1	7	7	0	0
n-plugin	com/tridium/gradle/plugins/doc/task/BajadocIndex$generateIndex$1	synthetic	69	0	0	0	3	0	3	0
n-plugin	com/tridium/gradle/plugins/doc/task/HtmlDocTask	class	69	1	3	1	5	5	0	0
n-plugin	com/tridium/gradle/plugins/doc/task/HtmlDocTask$process$3	synthetic	69	0	0	0	3	0	3	0
n-plugin	com/tridium/gradle/plugins/doc/task/HtmlDocTaskKt	file-facade	69	1	0	0	1	1	0	0
n-plugin	com/tridium/gradle/plugins/grunt/GruntPlugin	class	69	2	0	1	8	7	1	0
n-plugin	com/tridium/gradle/plugins/grunt/GruntPlugin$Companion	class	69	0	7	1	2	1	1	0
n-plugin	com/tridium/gradle/plugins/grunt/GruntPlugin$apply$1$1	synthetic	69	0	0	0	4	0	4	0
n-plugin	com/tridium/gradle/plugins/grunt/GruntPlugin$apply$1$2	synthetic	69	0	0	0	5	0	5	0
n-plugin	com/tridium/gradle/plugins/grunt/GruntPlugin$apply$1$2$1	synthetic	69	0	0	0	3	0	3	0
n-plugin	com/tridium/gradle/plugins/grunt/GruntPlugin$apply$1$2$3	synthetic	69	0	0	0	3	0	3	0
n-plugin	com/tridium/gradle/plugins/grunt/GruntPlugin$apply$1$2$4	synthetic	69	0	0	0	3	0	3	0
n-plugin	com/tridium/gradle/plugins/grunt/GruntPlugin$apply$1$2$inlined$sam$i$org_gradle_api_Action$0	synthetic	69	0	0	0	2	0	2	0
n-plugin	com/tridium/gradle/plugins/grunt/GruntPlugin$configureTask$1	synthetic	69	0	0	0	3	0	3	0
n-plugin	com/tridium/gradle/plugins/grunt/GruntPlugin$configureTask$2	synthetic	69	0	0	0	3	0	3	0
n-plugin	com/tridium/gradle/plugins/grunt/GruntPlugin$configureTask$2$1	synthetic	69	0	0	0	3	0	3	0
n-plugin	com/tridium/gradle/plugins/grunt/GruntPlugin$inlined$sam$i$org_gradle_api_Action$0	synthetic	69	0	0	0	2	0	2	0
n-plugin	com/tridium/gradle/plugins/grunt/GruntResultReporter	class	69	1	5	1	2	2	0	0
n-plugin	com/tridium/gradle/plugins/grunt/task/GruntBuildTask	class	69	0	2	1	3	3	0	0
n-plugin	com/tridium/gradle/plugins/grunt/task/GruntBuildTask$1	synthetic	69	0	0	0	3	0	3	0
n-plugin	com/tridium/gradle/plugins/grunt/task/GruntCiOptions	class	69	2	35	1	38	37	1	0
n-plugin	com/tridium/gradle/plugins/grunt/task/GruntCiOptions$niagaraHomePath$1	synthetic	69	0	0	0	4	0	4	0
n-plugin	com/tridium/gradle/plugins/grunt/task/GruntCiOptions$niagaraUserHomePath$1	synthetic	69	0	0	0	4	0	4	0
n-plugin	com/tridium/gradle/plugins/grunt/task/GruntCiOptions$stationCwdPath$1	synthetic	69	0	0	0	4	0	4	0
n-plugin	com/tridium/gradle/plugins/grunt/task/GruntCiOptions$stationsDirPath$1	synthetic	69	0	0	0	4	0	4	0
n-plugin	com/tridium/gradle/plugins/grunt/task/GruntCiOptions$testNever$1$1	synthetic	69	0	0	0	3	0	3	0
n-plugin	com/tridium/gradle/plugins/grunt/task/GruntCiOptions$testOnly$1$1	synthetic	69	0	0	0	3	0	3	0
n-plugin	com/tridium/gradle/plugins/grunt/task/GruntCiTask	class	69	4	6	1	11	11	0	0
n-plugin	com/tridium/gradle/plugins/grunt/task/GruntCiTask$1	synthetic	69	0	0	0	4	0	4	0
n-plugin	com/tridium/gradle/plugins/grunt/task/GruntExecTask	class	69	3	0	1	4	4	0	0
n-plugin	com/tridium/gradle/plugins/grunt/util/CoverageReporter	class	69	2	5	1	8	8	0	0
n-plugin	com/tridium/gradle/plugins/grunt/util/CoverageReporterJson	class	69	1	4	1	10	10	0	0
n-plugin	com/tridium/gradle/plugins/grunt/util/CoverageReporterOptions	class	69	3	1	1	7	7	0	0
n-plugin	com/tridium/gradle/plugins/grunt/util/CoverageReporterOptionsJson	class	69	1	1	1	4	4	0	0
n-plugin	com/tridium/gradle/plugins/grunt/util/CoverageReporterType	class	69	1	0	1	7	2	5	0
n-plugin	com/tridium/gradle/plugins/grunt/util/GruntOptions	class	69	2	1	1	6	6	0	0
n-plugin	com/tridium/gradle/plugins/grunt/util/GruntOptionsJson	class	69	1	1	1	4	4	0	0
n-plugin	com/tridium/gradle/plugins/grunt/util/JsonOptional	class	69	1	0	0	1	1	0	0
n-plugin	com/tridium/gradle/plugins/grunt/util/JsonOptionalKt	file-facade	69	1	0	0	1	1	0	0
n-plugin	com/tridium/gradle/plugins/grunt/util/JsonSerializable	class	69	11	2	1	14	13	1	0
n-plugin	com/tridium/gradle/plugins/grunt/util/JsonSerializable$Companion	class	69	0	1	1	2	1	1	0
n-plugin	com/tridium/gradle/plugins/grunt/util/JsonSerializable$withJson$1	synthetic	69	0	0	0	3	0	3	0
n-plugin	com/tridium/gradle/plugins/grunt/util/JsonSerializable$withJson$2	synthetic	69	0	0	0	3	0	3	0
n-plugin	com/tridium/gradle/plugins/grunt/util/KarmaBrowser	class	69	2	5	1	8	8	0	0
n-plugin	com/tridium/gradle/plugins/grunt/util/KarmaBrowserJson	class	69	1	4	1	10	10	0	0
n-plugin	com/tridium/gradle/plugins/grunt/util/KarmaBrowserKt	file-facade	69	1	0	0	1	1	0	0
n-plugin	com/tridium/gradle/plugins/grunt/util/KarmaConfig	class	69	4	3	1	12	12	0	0
n-plugin	com/tridium/gradle/plugins/grunt/util/KarmaConfigJson	class	69	1	3	1	8	8	0	0
n-plugin	com/tridium/gradle/plugins/grunt/util/KarmaOptions	class	69	4	4	1	12	12	0	0
n-plugin	com/tridium/gradle/plugins/grunt/util/KarmaOptionsJson	class	69	1	4	1	10	10	0	0
n-plugin	com/tridium/gradle/plugins/grunt/util/KarmaOptionsKt	file-facade	69	1	0	0	1	1	0	0
n-plugin	com/tridium/gradle/plugins/jacoco/NiagaraJacocoPlugin	class	69	1	0	1	3	3	0	0
n-plugin	com/tridium/gradle/plugins/jacoco/NiagaraJacocoPlugin$apply$1$1	synthetic	69	0	0	0	4	0	4	0
n-plugin	com/tridium/gradle/plugins/jacoco/NiagaraJacocoPlugin$apply$1$2	synthetic	69	0	0	0	4	0	4	0
n-plugin	com/tridium/gradle/plugins/jacoco/NiagaraJacocoPlugin$apply$1$3	synthetic	69	0	0	0	4	0	4	0
n-plugin	com/tridium/gradle/plugins/jacoco/NiagaraJacocoPlugin$apply$1$4	synthetic	69	0	0	0	4	0	4	0
n-plugin	com/tridium/gradle/plugins/jacoco/NiagaraJacocoPlugin$apply$1$4$execute$$inlined$the$1	class	69	0	0	0	1	0	1	0
n-plugin	com/tridium/gradle/plugins/jacoco/NiagaraJacocoPluginKt	file-facade	69	3	0	0	7	6	1	0
n-plugin	com/tridium/gradle/plugins/jacoco/NiagaraJacocoPluginKt$configureJacoco$$inlined$the$1	class	69	0	0	0	1	0	1	0
n-plugin	com/tridium/gradle/plugins/jacoco/NiagaraJacocoPluginKt$configureJacoco$$inlined$the$2	class	69	0	0	0	1	0	1	0
n-plugin	com/tridium/gradle/plugins/jacoco/NiagaraJacocoPluginKt$configureJacoco$1$1	synthetic	69	0	0	0	3	0	3	0
n-plugin	com/tridium/gradle/plugins/jacoco/NiagaraJacocoPluginKt$configureJacoco$1$2	synthetic	69	0	0	0	3	0	3	0
n-plugin	com/tridium/gradle/plugins/jacoco/NiagaraJacocoPluginKt$configureJacoco$1$2$1	synthetic	69	0	0	0	4	0	4	0
n-plugin	com/tridium/gradle/plugins/jacoco/NiagaraJacocoPluginKt$inlined$sam$i$org_gradle_api_Action$0	synthetic	69	0	0	0	2	0	2	0
n-plugin	com/tridium/gradle/plugins/jacoco/NiagaraJacocoPluginKt$registerJacocoReportTaskFor$$inlined$the$1	class	69	0	0	0	1	0	1	0
n-plugin	com/tridium/gradle/plugins/jacoco/NiagaraJacocoPluginKt$registerJacocoReportTaskFor$2$1	synthetic	69	0	0	0	3	0	3	0
n-plugin	com/tridium/gradle/plugins/java/NiagaraJavaPlugin	class	69	1	0	1	3	3	0	0
n-plugin	com/tridium/gradle/plugins/java/NiagaraJavaPlugin$apply$1$1	synthetic	69	0	0	0	3	0	3	0
n-plugin	com/tridium/gradle/plugins/java/NiagaraJavaPlugin$apply$1$1$1	synthetic	69	0	0	0	3	0	3	0
n-plugin	com/tridium/gradle/plugins/java/util/AnnotationProcessorArgumentProvider	class	69	2	1	1	6	5	1	0
n-plugin	com/tridium/gradle/plugins/java/util/AnnotationProcessorArgumentProvider$Companion	class	69	0	1	1	2	1	1	0
n-plugin	com/tridium/gradle/plugins/java/util/Compact3ArgumentProvider	class	69	2	2	1	6	5	1	0
n-plugin	com/tridium/gradle/plugins/java/util/Compact3ArgumentProvider$Companion	class	69	0	1	1	2	1	1	0
n-plugin	com/tridium/gradle/plugins/java/util/LimitModulesArgumentProvider	class	69	2	3	1	7	6	1	0
n-plugin	com/tridium/gradle/plugins/java/util/LimitModulesArgumentProvider$Companion	class	69	0	1	1	2	1	1	0
n-plugin	com/tridium/gradle/plugins/java/util/ModulePathArgumentProvider	class	69	3	4	1	9	8	1	0
n-plugin	com/tridium/gradle/plugins/java/util/ModulePathArgumentProvider$Companion	class	69	0	1	1	2	1	1	0
n-plugin	com/tridium/gradle/plugins/manifest/ManifestDependencies	class	69	3	4	1	5	5	0	0
n-plugin	com/tridium/gradle/plugins/manifest/ManifestDependency	class	69	0	8	1	9	9	0	0
n-plugin	com/tridium/gradle/plugins/manifest/ManifestDependencySerializer	class	69	1	1	1	2	2	0	0
n-plugin	com/tridium/gradle/plugins/manifest/ManifestDependencySerializerKt	file-facade	69	1	0	0	2	1	1	0
n-plugin	com/tridium/gradle/plugins/module/LazyString	class	69	1	1	1	2	2	0	0
n-plugin	com/tridium/gradle/plugins/module/ModuleSigningConfigurationAction	class	69	1	1	1	3	3	0	0
n-plugin	com/tridium/gradle/plugins/module/ModuleSigningConfigurationAction$execute$1	synthetic	69	0	0	0	4	0	4	0
n-plugin	com/tridium/gradle/plugins/module/NiagaraAnnotationProcessorsPlugin	class	69	1	0	1	3	3	0	0
n-plugin	com/tridium/gradle/plugins/module/NiagaraAnnotationProcessorsPlugin$apply$1$1	synthetic	69	0	0	0	3	0	3	0
n-plugin	com/tridium/gradle/plugins/module/NiagaraAnnotationProcessorsPlugin$apply$1$1$1	synthetic	69	0	0	0	7	0	7	0
n-plugin	com/tridium/gradle/plugins/module/NiagaraAnnotationProcessorsPlugin$apply$1$1$1$1	synthetic	69	0	0	0	3	0	3	0
n-plugin	com/tridium/gradle/plugins/module/NiagaraAnnotationProcessorsPlugin$apply$1$1$1$2	synthetic	69	0	0	0	3	0	3	0
n-plugin	com/tridium/gradle/plugins/module/NiagaraAnnotationProcessorsPlugin$apply$1$1$1$niagaraAnnotationProcessor$2$1	synthetic	69	0	0	0	4	0	4	0
n-plugin	com/tridium/gradle/plugins/module/NiagaraAnnotationProcessorsPlugin$apply$1$1$2	synthetic	69	0	0	0	4	0	4	0
n-plugin	com/tridium/gradle/plugins/module/NiagaraAnnotationProcessorsPlugin$apply$1$1$2$1$1	synthetic	69	0	0	0	3	0	3	0
n-plugin	com/tridium/gradle/plugins/module/NiagaraAnnotationProcessorsPlugin$apply$1$1$2$1$1$WhenMappings	synthetic	69	0	0	0	1	0	1	0
n-plugin	com/tridium/gradle/plugins/module/NiagaraAnnotationProcessorsPlugin$apply$1$1$2$1$1$call$$inlined$the$1	class	69	0	0	0	1	0	1	0
n-plugin	com/tridium/gradle/plugins/module/NiagaraAnnotationProcessorsPlugin$apply$1$1$2$execute$$inlined$configure$1	class	69	0	0	0	1	0	1	0
n-plugin	com/tridium/gradle/plugins/module/NiagaraAnnotationProcessorsPlugin$apply$1$1$2$inlined$sam$i$org_gradle_api_Action$0	synthetic	69	0	0	0	2	0	2	0
n-plugin	com/tridium/gradle/plugins/module/NiagaraModularityPlugin	class	69	6	1	1	11	9	2	0
n-plugin	com/tridium/gradle/plugins/module/NiagaraModularityPlugin$MavenCoordinate	class	69	7	3	1	12	11	1	0
n-plugin	com/tridium/gradle/plugins/module/NiagaraModularityPlugin$apply$1$1	synthetic	69	0	0	0	3	0	3	0
n-plugin	com/tridium/gradle/plugins/module/NiagaraModularityPlugin$apply$1$1$1	synthetic	69	0	0	0	3	0	3	0
n-plugin	com/tridium/gradle/plugins/module/NiagaraModularityPlugin$apply$1$2	synthetic	69	0	0	0	3	0	3	0
n-plugin	com/tridium/gradle/plugins/module/NiagaraModularityPlugin$apply$1$2$1	synthetic	69	0	0	0	3	0	3	0
n-plugin	com/tridium/gradle/plugins/module/NiagaraModulePlugin	class	69	19	0	1	45	39	6	0
n-plugin	com/tridium/gradle/plugins/module/NiagaraModulePlugin$Companion	class	69	0	27	1	5	4	1	0
n-plugin	com/tridium/gradle/plugins/module/NiagaraModulePlugin$apply$1$1	synthetic	69	0	0	0	4	0	4	0
n-plugin	com/tridium/gradle/plugins/module/NiagaraModulePlugin$apply$1$2	synthetic	69	0	0	0	4	0	4	0
n-plugin	com/tridium/gradle/plugins/module/NiagaraModulePlugin$apply$1$3	synthetic	69	0	0	0	3	0	3	0
n-plugin	com/tridium/gradle/plugins/module/NiagaraModulePlugin$apply$lambda$0$$inlined$the$1	class	69	0	0	0	1	0	1	0
n-plugin	com/tridium/gradle/plugins/module/NiagaraModulePlugin$configureIdeaPlugin$1	synthetic	69	0	0	0	4	0	4	0
n-plugin	com/tridium/gradle/plugins/module/NiagaraModulePlugin$configureIdeaPlugin$1$1$1	synthetic	69	0	0	0	3	0	3	0
n-plugin	com/tridium/gradle/plugins/module/NiagaraModulePlugin$configureIdeaPlugin$1$execute$$inlined$configure$1	class	69	0	0	0	1	0	1	0
n-plugin	com/tridium/gradle/plugins/module/NiagaraModulePlugin$configureIdeaPlugin$1$inlined$sam$i$org_gradle_api_Action$0	synthetic	69	0	0	0	2	0	2	0
n-plugin	com/tridium/gradle/plugins/module/NiagaraModulePlugin$configureJavaCompileTasks$1	synthetic	69	0	0	0	4	0	4	0
n-plugin	com/tridium/gradle/plugins/module/NiagaraModulePlugin$configureJavaConvention$$inlined$configure$1	class	69	0	0	0	1	0	1	0
n-plugin	com/tridium/gradle/plugins/module/NiagaraModulePlugin$configureJavaConvention$1$1	synthetic	69	0	0	0	4	0	4	0
n-plugin	com/tridium/gradle/plugins/module/NiagaraModulePlugin$configureLegacySourceSets$$inlined$configure$1	class	69	0	0	0	1	0	1	0
n-plugin	com/tridium/gradle/plugins/module/NiagaraModulePlugin$configureLegacySourceSets$1$1	synthetic	69	0	0	0	4	0	4	0
n-plugin	com/tridium/gradle/plugins/module/NiagaraModulePlugin$configureLegacySourceSets$1$2	synthetic	69	0	0	0	4	0	4	0
n-plugin	com/tridium/gradle/plugins/module/NiagaraModulePlugin$configureLegacySourceSets$1$3	synthetic	69	0	0	0	4	0	4	0
n-plugin	com/tridium/gradle/plugins/module/NiagaraModulePlugin$createModuleManifestElementsConfiguration$1	synthetic	69	0	0	0	3	0	3	0
n-plugin	com/tridium/gradle/plugins/module/NiagaraModulePlugin$createModuleManifestElementsConfiguration$1$1	synthetic	69	0	0	0	3	0	3	0
n-plugin	com/tridium/gradle/plugins/module/NiagaraModulePlugin$createModuleManifestElementsConfiguration$1$2	synthetic	69	0	0	0	3	0	3	0
n-plugin	com/tridium/gradle/plugins/module/NiagaraModulePlugin$createModuleManifestElementsConfiguration$1$2$1	synthetic	69	0	0	0	4	0	4	0
n-plugin	com/tridium/gradle/plugins/module/NiagaraModulePlugin$createModuleManifestElementsConfiguration$1$2$2	synthetic	69	0	0	0	3	0	3	0
n-plugin	com/tridium/gradle/plugins/module/NiagaraModulePlugin$createNiagaraModuleTestSourceSet$$inlined$the$1	class	69	0	0	0	1	0	1	0
n-plugin	com/tridium/gradle/plugins/module/NiagaraModulePlugin$inlined$sam$i$org_gradle_api_Action$0	synthetic	69	0	0	0	2	0	2	0
n-plugin	com/tridium/gradle/plugins/module/NiagaraModulePlugin$maybeConfigureLegacySourceSets$$inlined$the$1	class	69	0	0	0	1	0	1	0
n-plugin	com/tridium/gradle/plugins/module/NiagaraModulePlugin$registerModuleTasks$2	synthetic	69	0	0	0	3	0	3	0
n-plugin	com/tridium/gradle/plugins/module/NiagaraModulePlugin$registerModuleTasks$3$1$1	synthetic	69	0	0	0	3	0	3	0
n-plugin	com/tridium/gradle/plugins/module/NiagaraModulePlugin$registerModuleTasks$5	synthetic	69	0	0	0	3	0	3	0
n-plugin	com/tridium/gradle/plugins/module/NiagaraModulePlugin$registerModuleTasks$6$1	synthetic	69	0	0	0	4	0	4	0
n-plugin	com/tridium/gradle/plugins/module/NiagaraModulePlugin$registerModuleTasks$6$2	synthetic	69	0	0	0	4	0	4	0
n-plugin	com/tridium/gradle/plugins/module/NiagaraModulePlugin$registerModuleTasks$7	synthetic	69	0	0	0	3	0	3	0
n-plugin	com/tridium/gradle/plugins/module/NiagaraModulePlugin$registerModuleTasks$8	synthetic	69	0	0	0	3	0	3	0
n-plugin	com/tridium/gradle/plugins/module/NiagaraModulePlugin$registerModuleTasks$9	synthetic	69	0	0	0	3	0	3	0
n-plugin	com/tridium/gradle/plugins/module/NiagaraModulePlugin$registerModuleTasks$jarTask$1$1	synthetic	69	0	0	0	4	0	4	0
n-plugin	com/tridium/gradle/plugins/module/NiagaraModulePlugin$registerModuleTasks$jarTask$1$2	synthetic	69	0	0	0	3	0	3	0
n-plugin	com/tridium/gradle/plugins/module/NiagaraModulePlugin$registerModuleTasks$jarTask$1$2$1	synthetic	69	0	0	0	4	0	4	0
n-plugin	com/tridium/gradle/plugins/module/NiagaraModulePlugin$registerModuleTasks$jarTask$1$2$1$1	synthetic	69	0	0	0	4	0	4	0
n-plugin	com/tridium/gradle/plugins/module/NiagaraModulePlugin$registerModuleTasks$jarTask$1$3	synthetic	69	0	0	0	3	0	3	0
n-plugin	com/tridium/gradle/plugins/module/NiagaraModulePlugin$registerModuleTasks$jarTask$1$4	synthetic	69	0	0	0	4	0	4	0
n-plugin	com/tridium/gradle/plugins/module/NiagaraModulePlugin$registerModuleTasks$jarTask$1$5	synthetic	69	0	0	0	3	0	3	0
n-plugin	com/tridium/gradle/plugins/module/NiagaraModulePlugin$registerModuleTasks$lambda$1$$inlined$the$1	class	69	0	0	0	1	0	1	0
n-plugin	com/tridium/gradle/plugins/module/NiagaraModulePlugin$registerModuleTasks$lambda$2$$inlined$configure$1	class	69	0	0	0	1	0	1	0
n-plugin	com/tridium/gradle/plugins/module/NiagaraModulePlugin$registerModuleTasks$lambda$2$$inlined$configure$2	class	69	0	0	0	1	0	1	0
n-plugin	com/tridium/gradle/plugins/module/NiagaraModulePlugin$registerModuleTasks$lambda$2$$inlined$configure$3	class	69	0	0	0	1	0	1	0
n-plugin	com/tridium/gradle/plugins/module/NiagaraModulePlugin$registerModuleTasks$lambda$3$$inlined$configure$1	class	69	0	0	0	1	0	1	0
n-plugin	com/tridium/gradle/plugins/module/NiagaraModulePlugin$registerModuleTasks$lambda$5$$inlined$the$1	class	69	0	0	0	1	0	1	0
n-plugin	com/tridium/gradle/plugins/module/NiagaraModulePlugin$registerModuleTasks$moduleTestJarOnlyIfSpec$1	synthetic	69	0	0	0	3	0	3	0
n-plugin	com/tridium/gradle/plugins/module/NiagaraModulePlugin$registerModuleTasks$moduleTestJarTask$1$1	synthetic	69	0	0	0	4	0	4	0
n-plugin	com/tridium/gradle/plugins/module/NiagaraModulePlugin$registerModuleTasks$moduleTestJarTask$1$2	synthetic	69	0	0	0	3	0	3	0
n-plugin	com/tridium/gradle/plugins/module/NiagaraModulePlugin$registerModuleTasks$moduleTestJarTask$1$2$1	synthetic	69	0	0	0	4	0	4	0
n-plugin	com/tridium/gradle/plugins/module/NiagaraModulePlugin$registerModuleTasks$moduleTestJarTask$1$2$1$1	synthetic	69	0	0	0	4	0	4	0
n-plugin	com/tridium/gradle/plugins/module/NiagaraModulePlugin$registerModuleTasks$moduleTestJarTask$1$3	synthetic	69	0	0	0	3	0	3	0
n-plugin	com/tridium/gradle/plugins/module/NiagaraModulePlugin$registerModuleTasks$moduleTestJarTask$1$4	synthetic	69	0	0	0	4	0	4	0
n-plugin	com/tridium/gradle/plugins/module/NiagaraModulePlugin$registerModuleTestVariant$$inlined$configure$1	class	69	0	0	0	1	0	1	0
n-plugin	com/tridium/gradle/plugins/module/NiagaraModulePlugin$registerModuleTestVariant$1$1	synthetic	69	0	0	0	3	0	3	0
n-plugin	com/tridium/gradle/plugins/module/NiagaraModulePlugin$registerNiagaraTestTasks$1	synthetic	69	0	0	0	3	0	3	0
n-plugin	com/tridium/gradle/plugins/module/NiagaraModulePlugin$registerNiagaraTestTasks$lambda$0$$inlined$the$1	class	69	0	0	0	1	0	1	0
n-plugin	com/tridium/gradle/plugins/module/NiagaraModulePlugin$registerNiagaraTestTasks$niagaraTest$2$1	synthetic	69	0	0	0	3	0	3	0
n-plugin	com/tridium/gradle/plugins/module/NiagaraModulePlugin$registerNiagaraTestTasks$niagaraTest$2$2	synthetic	69	0	0	0	3	0	3	0
n-plugin	com/tridium/gradle/plugins/module/NiagaraModulePlugin$registerSlotomaticTasks$3	synthetic	69	0	0	0	4	0	4	0
n-plugin	com/tridium/gradle/plugins/module/NiagaraModulePlugin$registerSlotomaticTasks$3$1	synthetic	69	0	0	0	4	0	4	0
n-plugin	com/tridium/gradle/plugins/module/NiagaraModulePlugin$registerSlotomaticTasks$3$execute$$inlined$the$1	class	69	0	0	0	1	0	1	0
n-plugin	com/tridium/gradle/plugins/module/NiagaraModulePluginKt	file-facade	69	2	0	0	3	2	1	0
n-plugin	com/tridium/gradle/plugins/module/NiagaraModulePluginKt$moduleTestJar$1	class	69	1	0	0	3	2	1	0
n-plugin	com/tridium/gradle/plugins/module/NiagaraModuleWithExtLibsPlugin	class	69	4	0	1	7	6	1	0
n-plugin	com/tridium/gradle/plugins/module/NiagaraModuleWithExtLibsPlugin$Companion	class	69	0	2	1	2	1	1	0
n-plugin	com/tridium/gradle/plugins/module/NiagaraModuleWithExtLibsPlugin$apply$lambda$0$$inlined$the$1	class	69	0	0	0	1	0	1	0
n-plugin	com/tridium/gradle/plugins/module/ProviderWrappingSpec	class	69	1	1	1	3	3	0	0
n-plugin	com/tridium/gradle/plugins/module/manifest/Define	class	69	1	2	1	4	4	0	0
n-plugin	com/tridium/gradle/plugins/module/manifest/Defines	class	69	2	2	1	5	5	0	0
n-plugin	com/tridium/gradle/plugins/module/manifest/Lexicon	class	69	1	4	1	6	6	0	0
n-plugin	com/tridium/gradle/plugins/module/manifest/Lexicons	class	69	4	5	1	11	10	1	0
n-plugin	com/tridium/gradle/plugins/module/manifest/Lexicons$newLexicon$1$1	synthetic	69	0	0	0	4	0	4	0
n-plugin	com/tridium/gradle/plugins/module/util/ExtensionsKt	file-facade	69	1	0	0	1	1	0	0
n-plugin	com/tridium/gradle/plugins/natives/BinaryType	class	69	7	0	1	13	8	5	0
n-plugin	com/tridium/gradle/plugins/natives/BinaryType$WhenMappings	synthetic	69	0	0	0	1	0	1	0
n-plugin	com/tridium/gradle/plugins/natives/CompilerFamily	class	69	1	3	1	10	5	5	0
n-plugin	com/tridium/gradle/plugins/natives/CompilerFamily$WhenMappings	synthetic	69	0	0	0	1	0	1	0
n-plugin	com/tridium/gradle/plugins/natives/NativeAggregationExtension	class	69	1	3	1	3	3	0	0
n-plugin	com/tridium/gradle/plugins/natives/NativeAggregationExtension$fromPlatform$1	synthetic	69	0	0	0	3	0	3	0
n-plugin	com/tridium/gradle/plugins/natives/NativeAggregationExtension$fromPlatform$1$1	synthetic	69	0	0	0	4	0	4	0
n-plugin	com/tridium/gradle/plugins/natives/NativeAggregationPlugin	class	69	1	0	1	5	4	1	0
n-plugin	com/tridium/gradle/plugins/natives/NativeAggregationPlugin$apply$1$1	synthetic	69	0	0	0	4	0	4	0
n-plugin	com/tridium/gradle/plugins/natives/NativeAggregationPlugin$apply$1$2	synthetic	69	0	0	0	3	0	3	0
n-plugin	com/tridium/gradle/plugins/natives/NiagaraNativeExtension	class	69	12	9	0	21	21	0	0
n-plugin	com/tridium/gradle/plugins/natives/NiagaraNativePlatform	class	69	9	5	2	22	21	1	0
n-plugin	com/tridium/gradle/plugins/natives/NiagaraNativePlugin	class	69	3	0	1	13	6	7	0
n-plugin	com/tridium/gradle/plugins/natives/NiagaraNativePlugin$Companion	class	69	0	6	1	6	5	1	0
n-plugin	com/tridium/gradle/plugins/natives/NiagaraNativePlugin$apply$1$1	synthetic	69	0	0	0	4	0	4	0
n-plugin	com/tridium/gradle/plugins/natives/NiagaraNativePlugin$apply$1$2$1	synthetic	69	0	0	0	4	0	4	0
n-plugin	com/tridium/gradle/plugins/natives/NiagaraNativePlugin$apply$1$3	synthetic	69	0	0	0	4	0	4	0
n-plugin	com/tridium/gradle/plugins/natives/NiagaraNativePlugin$apply$1$3$1$1	synthetic	69	0	0	0	4	0	4	0
n-plugin	com/tridium/gradle/plugins/natives/NiagaraNativePlugin$apply$1$3$inlined$sam$i$org_gradle_api_Action$0	synthetic	69	0	0	0	2	0	2	0
n-plugin	com/tridium/gradle/plugins/natives/NiagaraNativePlugin$apply$1$nativeSrcDir$1	synthetic	69	0	0	0	4	0	4	0
n-plugin	com/tridium/gradle/plugins/natives/NiagaraNativePlugin$apply$1$nativeSrcDir$1$WhenMappings	synthetic	69	0	0	0	1	0	1	0
n-plugin	com/tridium/gradle/plugins/natives/NiagaraNativePlugin$apply$lambda$0$$inlined$apply$1	synthetic	69	0	0	0	4	0	4	0
n-plugin	com/tridium/gradle/plugins/natives/NiagaraNativePlugin$apply$lambda$0$$inlined$apply$2	synthetic	69	0	0	0	4	0	4	0
n-plugin	com/tridium/gradle/plugins/natives/NiagaraNativePlugin$apply$lambda$0$$inlined$apply$3	synthetic	69	0	0	0	4	0	4	0
n-plugin	com/tridium/gradle/plugins/natives/NiagaraNativePlugin$apply$lambda$0$$inlined$the$1	class	69	0	0	0	1	0	1	0
n-plugin	com/tridium/gradle/plugins/natives/NiagaraNativePlugin$createIncludePathConfiguration$2	synthetic	69	0	0	0	3	0	3	0
n-plugin	com/tridium/gradle/plugins/natives/NiagaraNativePlugin$createIncludePathConfiguration$2$1	synthetic	69	0	0	0	3	0	3	0
n-plugin	com/tridium/gradle/plugins/natives/NiagaraNativePlugin$createNativeApiElementsConfiguration$2	synthetic	69	0	0	0	3	0	3	0
n-plugin	com/tridium/gradle/plugins/natives/NiagaraNativePlugin$createNativeApiElementsConfiguration$2$1	synthetic	69	0	0	0	3	0	3	0
n-plugin	com/tridium/gradle/plugins/natives/NiagaraNativePlugin$createNativeApiElementsConfiguration$2$2	synthetic	69	0	0	0	3	0	3	0
n-plugin	com/tridium/gradle/plugins/natives/NiagaraNativePlugin$createNativeApiElementsConfiguration$2$2$1	synthetic	69	0	0	0	3	0	3	0
n-plugin	com/tridium/gradle/plugins/natives/NiagaraNativePlugin$createNativeApiElementsConfiguration$2$2$2	synthetic	69	0	0	0	3	0	3	0
n-plugin	com/tridium/gradle/plugins/natives/NiagaraNativePluginKt	file-facade	69	5	0	0	5	5	0	0
n-plugin	com/tridium/gradle/plugins/natives/NiagaraNativePluginKt$createBinaryConsumerConfigurations$1	synthetic	69	0	0	0	3	0	3	0
n-plugin	com/tridium/gradle/plugins/natives/NiagaraNativePluginKt$createBinaryConsumerConfigurations$1$1	synthetic	69	0	0	0	3	0	3	0
n-plugin	com/tridium/gradle/plugins/natives/NiagaraNativePluginKt$createBinaryConsumerConfigurations$2	synthetic	69	0	0	0	3	0	3	0
n-plugin	com/tridium/gradle/plugins/natives/NiagaraNativePluginKt$createBinaryConsumerConfigurations$2$1	synthetic	69	0	0	0	3	0	3	0
n-plugin	com/tridium/gradle/plugins/natives/NiagaraNativePluginKt$createBinaryProducerConfigurations$1	synthetic	69	0	0	0	4	0	4	0
n-plugin	com/tridium/gradle/plugins/natives/NiagaraNativePluginKt$createBinaryProducerConfigurations$2	synthetic	69	0	0	0	3	0	3	0
n-plugin	com/tridium/gradle/plugins/natives/NiagaraNativePluginKt$createBinaryProducerConfigurations$2$3	synthetic	69	0	0	0	3	0	3	0
n-plugin	com/tridium/gradle/plugins/natives/NiagaraNativePluginKt$createBinaryProducerConfigurations$3	synthetic	69	0	0	0	3	0	3	0
n-plugin	com/tridium/gradle/plugins/natives/NiagaraNativePluginKt$createBinaryProducerConfigurations$3$3	synthetic	69	0	0	0	3	0	3	0
n-plugin	com/tridium/gradle/plugins/natives/NiagaraNativePluginKt$createLinkPathConfiguration$1	synthetic	69	0	0	0	3	0	3	0
n-plugin	com/tridium/gradle/plugins/natives/NiagaraNativePluginKt$createLinkPathConfiguration$1$1	synthetic	69	0	0	0	3	0	3	0
n-plugin	com/tridium/gradle/plugins/natives/NiagaraNativePluginKt$createRuntimeElementsConfiguration$1	synthetic	69	0	0	0	3	0	3	0
n-plugin	com/tridium/gradle/plugins/natives/NiagaraNativePluginKt$createRuntimeElementsConfiguration$1$1	synthetic	69	0	0	0	3	0	3	0
n-plugin	com/tridium/gradle/plugins/natives/NpsdkNativePlugin	class	69	1	0	1	4	4	0	0
n-plugin	com/tridium/gradle/plugins/natives/NpsdkNativePlugin$apply$1$1	synthetic	69	0	0	0	4	0	4	0
n-plugin	com/tridium/gradle/plugins/natives/NpsdkNativePlugin$apply$1$2$1	synthetic	69	0	0	0	4	0	4	0
n-plugin	com/tridium/gradle/plugins/natives/NpsdkNativePlugin$apply$1$2$1$1	synthetic	69	0	0	0	4	0	4	0
n-plugin	com/tridium/gradle/plugins/natives/NpsdkNativePlugin$apply$lambda$0$$inlined$configure$1	class	69	0	0	0	1	0	1	0
n-plugin	com/tridium/gradle/plugins/natives/NpsdkNativePlugin$inlined$sam$i$org_gradle_api_Action$0	synthetic	69	0	0	0	2	0	2	0
n-plugin	com/tridium/gradle/plugins/natives/Os	class	69	2	1	1	9	4	5	0
n-plugin	com/tridium/gradle/plugins/natives/Os$WhenMappings	synthetic	69	0	0	0	1	0	1	0
n-plugin	com/tridium/gradle/plugins/natives/ProjectComponentFilter	class	69	1	1	1	3	3	0	0
n-plugin	com/tridium/gradle/plugins/natives/RootProjectNiagaraNativePlugin	class	69	1	0	1	3	3	0	0
n-plugin	com/tridium/gradle/plugins/natives/RootProjectNiagaraNativePlugin$apply$1$1	synthetic	69	0	0	0	3	0	3	0
n-plugin	com/tridium/gradle/plugins/natives/RootProjectNiagaraNativePlugin$apply$1$1$1	synthetic	69	0	0	0	3	0	3	0
n-plugin	com/tridium/gradle/plugins/natives/RootProjectNiagaraNativePlugin$apply$1$devkitProperties$1	synthetic	69	0	0	0	4	0	4	0
n-plugin	com/tridium/gradle/plugins/natives/RootProjectNiagaraNativePlugin$apply$1$localDevkitProperties$1	synthetic	69	0	0	0	4	0	4	0
n-plugin	com/tridium/gradle/plugins/natives/command/NativeCommand	class	69	30	15	1	51	46	5	0
n-plugin	com/tridium/gradle/plugins/natives/command/NativeCommand$Companion	class	69	0	19	1	4	3	1	0
n-plugin	com/tridium/gradle/plugins/natives/command/NativeCommand$execute$result$1	synthetic	69	0	0	0	3	0	3	0
n-plugin	com/tridium/gradle/plugins/natives/command/PosixCommand	class	69	1	4	1	9	8	1	0
n-plugin	com/tridium/gradle/plugins/natives/command/Win32Command	class	69	16	12	1	29	25	4	0
n-plugin	com/tridium/gradle/plugins/natives/command/Win32Command$Companion	class	69	0	18	1	3	2	1	0
n-plugin	com/tridium/gradle/plugins/natives/command/Win32Command$WhenMappings	synthetic	69	0	0	0	1	0	1	0
n-plugin	com/tridium/gradle/plugins/natives/command/Win32Command$sign$signer$1	synthetic	69	0	0	0	2	0	2	0
n-plugin	com/tridium/gradle/plugins/natives/devkit/DevkitProperties	class	69	59	1	1	74	72	2	0
n-plugin	com/tridium/gradle/plugins/natives/devkit/DevkitProperties$Companion	class	69	2	0	1	4	3	1	0
n-plugin	com/tridium/gradle/plugins/natives/devkit/DevkitPropertiesKt	file-facade	69	3	0	0	6	4	2	0
n-plugin	com/tridium/gradle/plugins/natives/extension/DefaultNiagaraNativeExtension	class	69	4	11	1	18	17	1	0
n-plugin	com/tridium/gradle/plugins/natives/extension/DefaultNiagaraNativeExtension$NativePlatformFactory	class	69	1	1	1	3	3	0	0
n-plugin	com/tridium/gradle/plugins/natives/extension/DefaultNiagaraNativeExtension$NativePlatformFactory$create$1	synthetic	69	0	0	0	3	0	3	0
n-plugin	com/tridium/gradle/plugins/natives/extension/DefaultNiagaraNativeExtension$RootNativeSourceFactory	class	69	1	2	1	3	3	0	0
n-plugin	com/tridium/gradle/plugins/natives/extension/DefaultNiagaraNativeExtension$RootNativeSourceFactory$WhenMappings	synthetic	69	0	0	0	1	0	1	0
n-plugin	com/tridium/gradle/plugins/natives/extension/DefaultNiagaraNativeExtension$RootNativeSourceFactory$create$$inlined$the$1	class	69	0	0	0	1	0	1	0
n-plugin	com/tridium/gradle/plugins/natives/extension/DefaultNiagaraNativeExtension$WhenMappings	synthetic	69	0	0	0	1	0	1	0
n-plugin	com/tridium/gradle/plugins/natives/extension/DefaultNiagaraNativeExtension$dependsOn$1$1	synthetic	69	0	0	0	4	0	4	0
n-plugin	com/tridium/gradle/plugins/natives/extension/DefaultNiagaraNativeExtension$inlined$sam$i$org_gradle_api_Action$0	synthetic	69	0	0	0	2	0	2	0
n-plugin	com/tridium/gradle/plugins/natives/extension/DefaultNiagaraNativeExtension$javah$1	synthetic	69	0	0	0	3	0	3	0
n-plugin	com/tridium/gradle/plugins/natives/extension/DefaultNiagaraNativeExtension$registerTaskForNativePlatform$1	synthetic	69	0	0	0	3	0	3	0
n-plugin	com/tridium/gradle/plugins/natives/extension/DefaultNiagaraNativeExtension$registerTaskForNativePlatform$1$1	synthetic	69	0	0	0	3	0	3	0
n-plugin	com/tridium/gradle/plugins/natives/extension/DefaultNiagaraNativeExtension$registerTaskForNativePlatform$1$2	synthetic	69	0	0	0	3	0	3	0
n-plugin	com/tridium/gradle/plugins/natives/extension/DefaultNiagaraNativeExtension$registerTaskForNativePlatform$1$3$1	synthetic	69	0	0	0	3	0	3	0
n-plugin	com/tridium/gradle/plugins/natives/extension/DefaultNiagaraNativeExtension$registerTaskForNativePlatform$1$3$1$1	synthetic	69	0	0	0	3	0	3	0
n-plugin	com/tridium/gradle/plugins/natives/extension/DefaultNiagaraNativeExtension$registerTaskForNativePlatform$2$1	synthetic	69	0	0	0	3	0	3	0
n-plugin	com/tridium/gradle/plugins/natives/extension/DefaultNiagaraNativeExtension$registerTaskForNativePlatform$2$1$1	synthetic	69	0	0	0	4	0	4	0
n-plugin	com/tridium/gradle/plugins/natives/extension/DefaultNiagaraNativeExtension$registerTaskForNativePlatform$2$1$2	synthetic	69	0	0	0	3	0	3	0
n-plugin	com/tridium/gradle/plugins/natives/extension/DefaultNiagaraNativeExtension$registerTaskForNativePlatform$3$1	synthetic	69	0	0	0	3	0	3	0
n-plugin	com/tridium/gradle/plugins/natives/extension/DefaultNiagaraNativeExtension$registerTaskForNativePlatform$3$1$1	synthetic	69	0	0	0	4	0	4	0
n-plugin	com/tridium/gradle/plugins/natives/extension/DefaultNiagaraNativeExtension$registerTaskForNativePlatform$3$1$2	synthetic	69	0	0	0	3	0	3	0
n-plugin	com/tridium/gradle/plugins/natives/extension/DefaultNiagaraNativeExtension$registerTaskForNativePlatform$4	synthetic	69	0	0	0	3	0	3	0
n-plugin	com/tridium/gradle/plugins/natives/extension/DefaultNiagaraNativeExtension$useJvmToolchain$1	synthetic	69	0	0	0	3	0	3	0
n-plugin	com/tridium/gradle/plugins/natives/extension/DefaultNiagaraNativeExtension$useJvmToolchain$2	synthetic	69	0	0	0	3	0	3	0
n-plugin	com/tridium/gradle/plugins/natives/extension/DefaultNiagaraNativeExtensionKt	file-facade	69	1	0	0	1	1	0	0
n-plugin	com/tridium/gradle/plugins/natives/extension/DefaultNiagaraNativeExtensionKt$asCopyAction$1	synthetic	69	0	0	0	3	0	3	0
n-plugin	com/tridium/gradle/plugins/natives/extension/DefaultNiagaraNativeExtensionKt$asCopyAction$1$1	synthetic	69	0	0	0	3	0	3	0
n-plugin	com/tridium/gradle/plugins/natives/service/DevkitPropertiesService	class	69	2	1	1	4	3	1	0
n-plugin	com/tridium/gradle/plugins/natives/service/DevkitPropertiesService$Companion	class	69	0	1	1	2	1	1	0
n-plugin	com/tridium/gradle/plugins/natives/service/DevkitPropertiesService$Params	class	69	0	4	0	4	4	0	0
n-plugin	com/tridium/gradle/plugins/natives/source/ArchNativeSource	class	69	0	1	0	1	1	0	0
n-plugin	com/tridium/gradle/plugins/natives/source/BaseNativeSource	class	69	1	6	1	11	7	4	0
n-plugin	com/tridium/gradle/plugins/natives/source/BaseNativeSource$Companion	class	69	0	1	1	4	3	1	0
n-plugin	com/tridium/gradle/plugins/natives/source/BasePosixArchNativeSource	class	69	0	1	1	2	2	0	0
n-plugin	com/tridium/gradle/plugins/natives/source/BasePosixOsNativeSource	class	69	1	1	1	3	3	0	0
n-plugin	com/tridium/gradle/plugins/natives/source/BasePosixPlatformNativeSource	class	69	0	0	1	1	1	0	0
n-plugin	com/tridium/gradle/plugins/natives/source/BaseWin32ArchNativeSource	class	69	0	1	1	2	2	0	0
n-plugin	com/tridium/gradle/plugins/natives/source/BaseWin32NativeSource	class	69	1	2	1	4	4	0	0
n-plugin	com/tridium/gradle/plugins/natives/source/BaseWin32OsNativeSource	class	69	0	1	1	2	2	0	0
n-plugin	com/tridium/gradle/plugins/natives/source/BaseWin32PlatformNativeSource	class	69	0	0	1	1	1	0	0
n-plugin	com/tridium/gradle/plugins/natives/source/JavahSource	class	69	1	3	1	4	4	0	0
n-plugin	com/tridium/gradle/plugins/natives/source/NativeSource	class	69	9	8	0	17	17	0	0
n-plugin	com/tridium/gradle/plugins/natives/source/OsNativeSource	class	69	0	1	0	1	1	0	0
n-plugin	com/tridium/gradle/plugins/natives/source/PosixArchNativeSource	class	69	0	0	0	0	0	0	0
n-plugin	com/tridium/gradle/plugins/natives/source/PosixNativeSource	class	69	0	0	0	0	0	0	0
n-plugin	com/tridium/gradle/plugins/natives/source/PosixOsNativeSource	class	69	0	0	0	0	0	0	0
n-plugin	com/tridium/gradle/plugins/natives/source/RootNativeSource	class	69	1	6	1	8	8	0	0
n-plugin	com/tridium/gradle/plugins/natives/source/SupportedWin32Version	class	69	0	1	1	7	2	5	0
n-plugin	com/tridium/gradle/plugins/natives/source/Win32ArchNativeSource	class	69	0	0	0	0	0	0	0
n-plugin	com/tridium/gradle/plugins/natives/source/Win32NativeSource	class	69	1	10	0	11	11	0	0
n-plugin	com/tridium/gradle/plugins/natives/source/Win32NativeSourceKt	file-facade	69	1	0	0	1	1	0	0
n-plugin	com/tridium/gradle/plugins/natives/source/Win32OsNativeSource	class	69	0	0	0	0	0	0	0
n-plugin	com/tridium/gradle/plugins/natives/source/factory/ArchNativeSourceFactory	class	69	2	3	1	5	5	0	0
n-plugin	com/tridium/gradle/plugins/natives/source/factory/OsNativeSourceFactory	class	69	2	2	1	5	5	0	0
n-plugin	com/tridium/gradle/plugins/natives/source/factory/PlatformNativeSourceFactory	class	69	2	3	1	5	5	0	0
n-plugin	com/tridium/gradle/plugins/natives/source/factory/PosixArchNativeSourceFactory	class	69	1	0	1	2	2	0	0
n-plugin	com/tridium/gradle/plugins/natives/source/factory/PosixOsNativeSourceFactory	class	69	1	0	1	2	2	0	0
n-plugin	com/tridium/gradle/plugins/natives/source/factory/PosixPlatformNativeSourceFactory	class	69	1	0	1	2	2	0	0
n-plugin	com/tridium/gradle/plugins/natives/source/factory/Win32ArchNativeSourceFactory	class	69	1	0	1	2	2	0	0
n-plugin	com/tridium/gradle/plugins/natives/source/factory/Win32OsNativeSourceFactory	class	69	1	0	1	2	2	0	0
n-plugin	com/tridium/gradle/plugins/natives/source/factory/Win32PlatformNativeSourceFactory	class	69	1	0	1	2	2	0	0
n-plugin	com/tridium/gradle/plugins/natives/task/AbstractNativeBuild	class	69	2	14	1	17	17	0	0
n-plugin	com/tridium/gradle/plugins/natives/task/AbstractNativeBuild$1	synthetic	69	0	0	0	4	0	4	0
n-plugin	com/tridium/gradle/plugins/natives/task/AbstractNativeBuild$2	synthetic	69	0	0	0	4	0	4	0
n-plugin	com/tridium/gradle/plugins/natives/task/DumpDevkitProperties	class	69	2	3	1	8	7	1	0
n-plugin	com/tridium/gradle/plugins/natives/task/GccBuild	class	69	1	0	1	2	2	0	0
n-plugin	com/tridium/gradle/plugins/natives/task/Win32Build	class	69	1	1	1	3	3	0	0
n-plugin	com/tridium/gradle/plugins/niagara/NiagaraEnvironmentAwareTask	class	69	0	1	0	1	1	0	0
n-plugin	com/tridium/gradle/plugins/niagara/NiagaraPlugin	class	69	1	0	1	4	3	1	0
n-plugin	com/tridium/gradle/plugins/niagara/NiagaraPlugin$Companion	class	69	0	1	1	2	1	1	0
n-plugin	com/tridium/gradle/plugins/niagara/NiagaraProjectLayout	class	69	0	0	1	6	1	5	0
n-plugin	com/tridium/gradle/plugins/niagara/NreAwareTask	class	69	0	1	0	1	1	0	0
n-plugin	com/tridium/gradle/plugins/niagara/RootProjectNiagaraPlugin	class	69	1	0	1	8	7	1	0
n-plugin	com/tridium/gradle/plugins/niagara/RootProjectNiagaraPlugin$Companion	class	69	0	1	1	2	1	1	0
n-plugin	com/tridium/gradle/plugins/niagara/RootProjectNiagaraPlugin$apply$1$1	synthetic	69	0	0	0	3	0	3	0
n-plugin	com/tridium/gradle/plugins/niagara/RootProjectNiagaraPlugin$apply$1$1$1	synthetic	69	0	0	0	3	0	3	0
n-plugin	com/tridium/gradle/plugins/niagara/RootProjectNiagaraPlugin$apply$1$2	synthetic	69	0	0	0	3	0	3	0
n-plugin	com/tridium/gradle/plugins/niagara/RootProjectNiagaraPlugin$apply$1$2$1	synthetic	69	0	0	0	3	0	3	0
n-plugin	com/tridium/gradle/plugins/niagara/RootProjectNiagaraPlugin$apply$1$3	synthetic	69	0	0	0	3	0	3	0
n-plugin	com/tridium/gradle/plugins/niagara/RootProjectNiagaraPlugin$apply$1$niagaraEnvironmentService$1	synthetic	69	0	0	0	3	0	3	0
n-plugin	com/tridium/gradle/plugins/niagara/RootProjectNiagaraPlugin$apply$1$niagaraEnvironmentService$1$1	synthetic	69	0	0	0	3	0	3	0
n-plugin	com/tridium/gradle/plugins/niagara/RootProjectNiagaraPlugin$inlined$sam$i$org_gradle_api_Action$0	synthetic	69	0	0	0	2	0	2	0
n-plugin	com/tridium/gradle/plugins/niagara/SettingsNiagaraPlugin	class	69	1	0	1	3	3	0	0
n-plugin	com/tridium/gradle/plugins/niagara/SettingsNiagaraPlugin$apply$1$1	synthetic	69	0	0	0	3	0	3	0
n-plugin	com/tridium/gradle/plugins/niagara/SettingsNiagaraPlugin$apply$1$1$1	synthetic	69	0	0	0	3	0	3	0
n-plugin	com/tridium/gradle/plugins/niagara/SettingsNiagaraPlugin$apply$1$2	synthetic	69	0	0	0	3	0	3	0
n-plugin	com/tridium/gradle/plugins/niagara/SettingsNiagaraPlugin$apply$1$2$1	synthetic	69	0	0	0	3	0	3	0
n-plugin	com/tridium/gradle/plugins/niagara/extension/NiagaraProjectExtension	class	69	0	2	1	3	3	0	0
n-plugin	com/tridium/gradle/plugins/niagara/service/NiagaraBuildConfigurationService	class	69	1	3	1	6	5	1	0
n-plugin	com/tridium/gradle/plugins/niagara/service/NiagaraBuildConfigurationService$Companion	class	69	0	1	1	2	1	1	0
n-plugin	com/tridium/gradle/plugins/niagara/service/NiagaraBuildConfigurationService$Params	class	69	0	3	0	3	3	0	0
n-plugin	com/tridium/gradle/plugins/niagara/service/NiagaraBuildConfigurationServiceKt	file-facade	69	1	1	0	2	2	0	0
n-plugin	com/tridium/gradle/plugins/niagara/service/NiagaraEnvironmentService	class	69	4	8	1	16	13	3	0
n-plugin	com/tridium/gradle/plugins/niagara/service/NiagaraEnvironmentService$Companion	class	69	0	1	1	2	1	1	0
n-plugin	com/tridium/gradle/plugins/niagara/service/NiagaraEnvironmentService$Params	class	69	0	2	0	2	2	0	0
n-plugin	com/tridium/gradle/plugins/niagara/service/NiagaraEnvironmentService$addNiagaraEnvironment$1$1	synthetic	69	0	0	0	4	0	4	0
n-plugin	com/tridium/gradle/plugins/niagara/service/NiagaraEnvironmentService$addNiagaraEnvironment$1$2	synthetic	69	0	0	0	4	0	4	0
n-plugin	com/tridium/gradle/plugins/niagara/service/NiagaraEnvironmentService$addNiagaraEnvironment$1$3	synthetic	69	0	0	0	4	0	4	0
n-plugin	com/tridium/gradle/plugins/niagara/service/NiagaraEnvironmentService$addNiagaraEnvironment$1$4	synthetic	69	0	0	0	4	0	4	0
n-plugin	com/tridium/gradle/plugins/niagara/service/NiagaraEnvironmentService$addNiagaraEnvironment$1$5	synthetic	69	0	0	0	4	0	4	0
n-plugin	com/tridium/gradle/plugins/niagara/service/NiagaraEnvironmentService$addNiagaraEnvironment$1$6	synthetic	69	0	0	0	4	0	4	0
n-plugin	com/tridium/gradle/plugins/niagara/service/NiagaraEnvironmentService$addNiagaraEnvironment$1$7	synthetic	69	0	0	0	4	0	4	0
n-plugin	com/tridium/gradle/plugins/niagara/service/NiagaraEnvironmentService$addNiagaraEnvironment$1$8	synthetic	69	0	0	0	4	0	4	0
n-plugin	com/tridium/gradle/plugins/niagara/service/NiagaraEnvironmentServiceKt	file-facade	69	1	1	0	2	2	0	0
n-plugin	com/tridium/gradle/plugins/niagara/service/NiagaraEnvironmentSpec	class	69	2	7	1	10	10	0	0
n-plugin	com/tridium/gradle/plugins/niagara/service/NreService	class	69	0	0	1	2	1	1	0
n-plugin	com/tridium/gradle/plugins/niagara/service/NreService$Companion	class	69	0	1	1	2	1	1	0
n-plugin	com/tridium/gradle/plugins/niagara/service/NreService$Params	class	69	0	1	0	1	1	0	0
n-plugin	com/tridium/gradle/plugins/niagara/task/AddDriverTask	class	69	1	4	1	6	6	0	0
n-plugin	com/tridium/gradle/plugins/niagara/task/AddModuleSubproject	class	69	1	1	1	3	3	0	0
n-plugin	com/tridium/gradle/plugins/niagara/task/AddModuleSubprojectKt	file-facade	69	1	0	0	1	1	0	0
n-plugin	com/tridium/gradle/plugins/niagara/task/AddModuleTask	class	69	0	5	1	6	6	0	0
n-plugin	com/tridium/gradle/plugins/niagara/task/AddModuleTask$1	synthetic	69	0	0	0	4	0	4	0
n-plugin	com/tridium/gradle/plugins/niagara/task/AddNDriverSubproject	class	69	1	6	1	8	8	0	0
n-plugin	com/tridium/gradle/plugins/niagara/task/AddVideoDriverSubproject	class	69	1	5	1	7	7	0	0
n-plugin	com/tridium/gradle/plugins/niagara/task/DownloadLicenseTask	class	69	2	0	1	5	3	2	0
n-plugin	com/tridium/gradle/plugins/niagara/task/DownloadLicenseTask$Companion	class	69	1	0	1	3	2	1	0
n-plugin	com/tridium/gradle/plugins/niagara/task/GenerateGradleProject	class	69	1	3	1	5	5	0	0
n-plugin	com/tridium/gradle/plugins/niagara/task/GradleGeneratorTask	class	69	1	4	1	6	6	0	0
n-plugin	com/tridium/gradle/plugins/niagara/task/NDriverCommType	class	69	0	0	1	6	1	5	0
n-plugin	com/tridium/gradle/plugins/niagara/task/NiagaraExecTask	class	69	7	2	1	10	10	0	0
n-plugin	com/tridium/gradle/plugins/niagara/task/NreForkOptions	class	69	32	7	0	67	66	1	0
n-plugin	com/tridium/gradle/plugins/niagara/task/RunNiagaraTestTask	class	69	2	8	1	11	11	0	0
n-plugin	com/tridium/gradle/plugins/niagara/task/RunNiagaraTestTask$1	synthetic	69	0	0	0	3	0	3	0
n-plugin	com/tridium/gradle/plugins/niagara/task/RunNiagaraTestTask$TestArgumentProvider	class	69	1	0	1	2	2	0	0
n-plugin	com/tridium/gradle/plugins/niagara/task/RunNiagaraTestTaskKt	file-facade	69	1	0	0	2	2	0	0
n-plugin	com/tridium/gradle/plugins/niagara/task/RunNiagaraTestTaskKt$inlined$sam$i$org_gradle_api_Action$0	synthetic	69	0	0	0	2	0	2	0
n-plugin	com/tridium/gradle/plugins/niagara/task/RunNiagaraTestTaskKt$registerZipNiagaraTestResultsTaskFor$1$1	synthetic	69	0	0	0	4	0	4	0
n-plugin	com/tridium/gradle/plugins/niagara/task/VideoDriverCameraFeatures	class	69	0	0	1	6	1	5	0
n-plugin	com/tridium/gradle/plugins/niagara/util/NiagaraArchitecture	class	69	0	1	1	8	2	6	0
n-plugin	com/tridium/gradle/plugins/niagara/util/NiagaraPlatform	class	69	1	9	1	19	12	7	0
n-plugin	com/tridium/gradle/plugins/niagara/util/NiagaraPlatform$Companion	class	69	1	1	1	5	4	1	0
n-plugin	com/tridium/gradle/plugins/niagara/util/NiagaraPlatformKt	file-facade	69	0	14	0	0	0	0	0
n-plugin	com/tridium/gradle/plugins/node/GlobalNodeModules	class	69	0	3	1	9	4	5	0
n-plugin	com/tridium/gradle/plugins/node/NodePlugin	class	69	1	0	1	7	6	1	0
n-plugin	com/tridium/gradle/plugins/node/NodePlugin$Companion	class	69	0	4	1	2	1	1	0
n-plugin	com/tridium/gradle/plugins/node/NodePlugin$apply$1$1	synthetic	69	0	0	0	4	0	4	0
n-plugin	com/tridium/gradle/plugins/node/NodePlugin$apply$1$2	synthetic	69	0	0	0	4	0	4	0
n-plugin	com/tridium/gradle/plugins/node/NodePlugin$inlined$sam$i$org_gradle_api_Action$0	synthetic	69	0	0	0	2	0	2	0
n-plugin	com/tridium/gradle/plugins/node/NodePluginKt	file-facade	69	0	2	0	2	2	0	0
n-plugin	com/tridium/gradle/plugins/node/NodePluginKt$javascriptProjectName$2$1$packageJson$1	class	69	0	0	0	1	0	1	0
n-plugin	com/tridium/gradle/plugins/node/RootProjectNodePlugin	class	69	1	0	1	5	5	0	0
n-plugin	com/tridium/gradle/plugins/node/RootProjectNodePlugin$apply$1$1$1	synthetic	69	0	0	0	4	0	4	0
n-plugin	com/tridium/gradle/plugins/node/RootProjectNodePlugin$apply$1$2$1	synthetic	69	0	0	0	4	0	4	0
n-plugin	com/tridium/gradle/plugins/node/RootProjectNodePlugin$inlined$sam$i$org_gradle_api_Action$0	synthetic	69	0	0	0	2	0	2	0
n-plugin	com/tridium/gradle/plugins/node/YarnWorkspaceAggregationPlugin	class	69	1	0	1	4	4	0	0
n-plugin	com/tridium/gradle/plugins/node/YarnWorkspaceAggregationPlugin$apply$1$1	synthetic	69	0	0	0	4	0	4	0
n-plugin	com/tridium/gradle/plugins/node/YarnWorkspaceAggregationPlugin$apply$1$2	synthetic	69	0	0	0	3	0	3	0
n-plugin	com/tridium/gradle/plugins/node/YarnWorkspaceAggregationPlugin$apply$1$2$1	synthetic	69	0	0	0	3	0	3	0
n-plugin	com/tridium/gradle/plugins/node/YarnWorkspaceAggregationPlugin$apply$1$writeWorkspacePackageJson$1	synthetic	69	0	0	0	3	0	3	0
n-plugin	com/tridium/gradle/plugins/node/YarnWorkspaceAggregationPlugin$inlined$sam$i$org_gradle_api_Action$0	synthetic	69	0	0	0	2	0	2	0
n-plugin	com/tridium/gradle/plugins/node/YarnWorkspacePlugin	class	69	1	0	1	4	3	1	0
n-plugin	com/tridium/gradle/plugins/node/YarnWorkspacePlugin$Companion	class	69	0	1	1	2	1	1	0
n-plugin	com/tridium/gradle/plugins/node/YarnWorkspacePlugin$apply$1$1	synthetic	69	0	0	0	3	0	3	0
n-plugin	com/tridium/gradle/plugins/node/YarnWorkspacePlugin$apply$1$1$1	synthetic	69	0	0	0	3	0	3	0
n-plugin	com/tridium/gradle/plugins/node/YarnWorkspacePlugin$apply$1$1$2	synthetic	69	0	0	0	3	0	3	0
n-plugin	com/tridium/gradle/plugins/node/YarnWorkspacePlugin$apply$1$2	synthetic	69	0	0	0	3	0	3	0
n-plugin	com/tridium/gradle/plugins/node/YarnWorkspacePlugin$apply$1$2$1	synthetic	69	0	0	0	4	0	4	0
n-plugin	com/tridium/gradle/plugins/node/task/CheckNodeInstalled	class	69	3	8	1	14	14	0	0
n-plugin	com/tridium/gradle/plugins/node/task/CheckNodeInstalled$checkNodeVersion$1	synthetic	69	0	0	0	4	0	4	0
n-plugin	com/tridium/gradle/plugins/node/task/CheckNodeInstalled$findNodeVersion$node$1	synthetic	69	0	0	0	4	0	4	0
n-plugin	com/tridium/gradle/plugins/node/task/CheckNodeInstalled$findNodeVersion$result$1	synthetic	69	0	0	0	3	0	3	0
n-plugin	com/tridium/gradle/plugins/node/task/CheckNodeInstalled$nodeExecutable$1	synthetic	69	0	0	0	4	0	4	0
n-plugin	com/tridium/gradle/plugins/node/task/CheckNodeInstalled$nodeExecutableName$1	synthetic	69	0	0	0	4	0	4	0
n-plugin	com/tridium/gradle/plugins/node/task/CheckNodeInstalled$nodeExecutablePath$1	synthetic	69	0	0	0	4	0	4	0
n-plugin	com/tridium/gradle/plugins/node/task/CheckNodeInstalled$nodeExecutablePath$2	synthetic	69	0	0	0	4	0	4	0
n-plugin	com/tridium/gradle/plugins/node/task/CheckNodePackageGloballyInstalled	class	69	2	11	1	17	17	0	0
n-plugin	com/tridium/gradle/plugins/node/task/CheckNodePackageGloballyInstalled$findPackage$npm$1	synthetic	69	0	0	0	4	0	4	0
n-plugin	com/tridium/gradle/plugins/node/task/CheckNodePackageGloballyInstalled$findPackage$result$1	synthetic	69	0	0	0	3	0	3	0
n-plugin	com/tridium/gradle/plugins/node/task/CheckNodePackageGloballyInstalled$findPackage$result$projectProperties$1	synthetic	69	0	0	0	4	0	4	0
n-plugin	com/tridium/gradle/plugins/node/task/CheckNodePackageGloballyInstalled$findPackage$result$userProperties$1	synthetic	69	0	0	0	4	0	4	0
n-plugin	com/tridium/gradle/plugins/node/task/CheckNodePackageGloballyInstalled$installPath$1	synthetic	69	0	0	0	4	0	4	0
n-plugin	com/tridium/gradle/plugins/node/task/CheckNodePackageGloballyInstalled$installPath$2	synthetic	69	0	0	0	3	0	3	0
n-plugin	com/tridium/gradle/plugins/node/task/CheckNodePackageGloballyInstalled$nodeExecutablePath$1	synthetic	69	0	0	0	4	0	4	0
n-plugin	com/tridium/gradle/plugins/node/task/CheckNodePackageGloballyInstalled$nodeExecutablePath$2	synthetic	69	0	0	0	3	0	3	0
n-plugin	com/tridium/gradle/plugins/node/task/CheckNodePackageGloballyInstalled$npmExecutable$1	synthetic	69	0	0	0	4	0	4	0
n-plugin	com/tridium/gradle/plugins/node/task/CheckNodePackageGloballyInstalled$npmExecutableName$1	synthetic	69	0	0	0	4	0	4	0
n-plugin	com/tridium/gradle/plugins/node/task/CheckNodePackageGloballyInstalled$packageDirectory$1	synthetic	69	0	0	0	4	0	4	0
n-plugin	com/tridium/gradle/plugins/node/task/IJavaScriptTask	class	69	0	1	0	1	1	0	0
n-plugin	com/tridium/gradle/plugins/node/task/JavaScriptTask	class	69	0	1	1	2	2	0	0
n-plugin	com/tridium/gradle/plugins/node/task/JavaScriptTaskKt	file-facade	69	3	0	0	3	3	0	0
n-plugin	com/tridium/gradle/plugins/node/task/JavaScriptTaskKt$wireSkipJsConvention$1	synthetic	69	0	0	0	3	0	3	0
n-plugin	com/tridium/gradle/plugins/node/task/NodeExec	class	69	1	0	1	2	2	0	0
n-plugin	com/tridium/gradle/plugins/node/task/NodePackageNotFoundException	class	69	0	0	1	3	1	2	0
n-plugin	com/tridium/gradle/plugins/node/task/NodePackageNotFoundException$Companion	class	69	0	1	1	2	1	1	0
n-plugin	com/tridium/gradle/plugins/node/task/NpmExecTask	class	69	0	0	1	1	1	0	0
n-plugin	com/tridium/gradle/plugins/node/task/NpmGlobalInstallTask	class	69	0	7	1	10	9	1	0
n-plugin	com/tridium/gradle/plugins/node/task/NpmGlobalInstallTask$1	synthetic	69	0	0	0	3	0	3	0
n-plugin	com/tridium/gradle/plugins/node/task/NpmGlobalInstallTask$2	synthetic	69	0	0	0	3	0	3	0
n-plugin	com/tridium/gradle/plugins/node/task/NpmGlobalInstallTask$moduleSpec$1	synthetic	69	0	0	0	3	0	3	0
n-plugin	com/tridium/gradle/plugins/node/task/NpmGlobalInstallTask$moduleSpec$2	synthetic	69	0	0	0	4	0	4	0
n-plugin	com/tridium/gradle/plugins/node/task/WriteWorkspacePackageJson	class	69	2	6	1	9	9	0	0
n-plugin	com/tridium/gradle/plugins/node/task/WriteWorkspacePackageJson$writePackageJson$1	synthetic	69	0	0	0	3	0	3	0
n-plugin	com/tridium/gradle/plugins/node/task/YarnInstall	class	69	0	4	1	5	5	0	0
n-plugin	com/tridium/gradle/plugins/node/task/YarnInstall$1	synthetic	69	0	0	0	3	0	3	0
n-plugin	com/tridium/gradle/plugins/node/task/YarnLockfileMode	class	69	1	1	1	7	2	5	0
n-plugin	com/tridium/gradle/plugins/node/task/YarnOptions	class	69	1	2	1	4	4	0	0
n-plugin	com/tridium/gradle/plugins/node/util/YarnPackage	class	69	2	5	1	10	9	1	0
n-plugin	com/tridium/gradle/plugins/node/util/YarnPackage$Companion	class	69	0	1	1	2	1	1	0
n-plugin	com/tridium/gradle/plugins/node/util/YarnPackageJson	class	69	1	4	1	10	10	0	0
n-plugin	com/tridium/gradle/plugins/signing/ISigningProfileFactory	class	69	1	0	0	1	1	0	0
n-plugin	com/tridium/gradle/plugins/signing/JarSignerSigningProfileFactoryService	class	69	1	1	1	2	2	0	0
n-plugin	com/tridium/gradle/plugins/signing/RootProjectSigningPlugin	class	69	1	0	1	10	9	1	0
n-plugin	com/tridium/gradle/plugins/signing/RootProjectSigningPlugin$Companion	class	69	0	1	1	2	1	1	0
n-plugin	com/tridium/gradle/plugins/signing/RootProjectSigningPlugin$apply$1$1	synthetic	69	0	0	0	3	0	3	0
n-plugin	com/tridium/gradle/plugins/signing/RootProjectSigningPlugin$apply$1$jarSignerFactory$1	synthetic	69	0	0	0	4	0	4	0
n-plugin	com/tridium/gradle/plugins/signing/RootProjectSigningPlugin$apply$1$signingService$1	synthetic	69	0	0	0	3	0	3	0
n-plugin	com/tridium/gradle/plugins/signing/RootProjectSigningPlugin$inlined$sam$i$org_gradle_api_Action$0	synthetic	69	0	0	0	2	0	2	0
n-plugin	com/tridium/gradle/plugins/signing/SignedJarPlugin	class	69	2	0	1	5	4	1	0
n-plugin	com/tridium/gradle/plugins/signing/SignedJarPlugin$apply$1$1	synthetic	69	0	0	0	3	0	3	0
n-plugin	com/tridium/gradle/plugins/signing/SignedJarPlugin$apply$1$2	synthetic	69	0	0	0	3	0	3	0
n-plugin	com/tridium/gradle/plugins/signing/SignedJarPlugin$apply$lambda$0$$inlined$the$1	class	69	0	0	0	1	0	1	0
n-plugin	com/tridium/gradle/plugins/signing/SignedJarPlugin$registerConfigurationForSignedArtifacts$1	synthetic	69	0	0	0	3	0	3	0
n-plugin	com/tridium/gradle/plugins/signing/SignedJarPlugin$registerConfigurationForSignedArtifacts$1$1	synthetic	69	0	0	0	3	0	3	0
n-plugin	com/tridium/gradle/plugins/signing/SignedJarPlugin$registerConfigurationForSignedArtifacts$1$1$1	synthetic	69	0	0	0	4	0	4	0
n-plugin	com/tridium/gradle/plugins/signing/SignedJarPlugin$registerConfigurationForSignedArtifacts$1$1$1$transform$$inlined$the$1	class	69	0	0	0	1	0	1	0
n-plugin	com/tridium/gradle/plugins/signing/SignedJarPlugin$registerConfigurationForSignedArtifacts$1$1$2	synthetic	69	0	0	0	3	0	3	0
n-plugin	com/tridium/gradle/plugins/signing/SignedJarPlugin$registerConfigurationForSignedArtifacts$1$1$3	synthetic	69	0	0	0	4	0	4	0
n-plugin	com/tridium/gradle/plugins/signing/SignedJarPlugin$registerConfigurationForSignedArtifacts$1$1$3$transform$$inlined$the$1	class	69	0	0	0	1	0	1	0
n-plugin	com/tridium/gradle/plugins/signing/SignedJarPlugin$registerConfigurationForSignedArtifacts$1$1$4	synthetic	69	0	0	0	3	0	3	0
n-plugin	com/tridium/gradle/plugins/signing/SignedJarPluginKt	file-facade	69	1	0	0	1	1	0	0
n-plugin	com/tridium/gradle/plugins/signing/SignedJarPluginKt$addAttributesForSignedJars$1	synthetic	69	0	0	0	3	0	3	0
n-plugin	com/tridium/gradle/plugins/signing/SigningPlugin	class	69	3	0	1	6	5	1	0
n-plugin	com/tridium/gradle/plugins/signing/SigningPlugin$Companion	class	69	0	1	1	2	1	1	0
n-plugin	com/tridium/gradle/plugins/signing/SigningPlugin$apply$1$1	synthetic	69	0	0	0	4	0	4	0
n-plugin	com/tridium/gradle/plugins/signing/SigningPlugin$apply$1$2	synthetic	69	0	0	0	3	0	3	0
n-plugin	com/tridium/gradle/plugins/signing/SigningPlugin$apply$1$defaultProfileFileProvider$1	synthetic	69	0	0	0	3	0	3	0
n-plugin	com/tridium/gradle/plugins/signing/SigningPlugin$apply$lambda$0$$inlined$the$1	class	69	0	0	0	1	0	1	0
n-plugin	com/tridium/gradle/plugins/signing/SigningPlugin$apply$lambda$0$$inlined$the$2	class	69	0	0	0	1	0	1	0
n-plugin	com/tridium/gradle/plugins/signing/SigningProfileFactory	class	69	6	4	2	11	9	2	0
n-plugin	com/tridium/gradle/plugins/signing/SigningProfileFactory$1	class	69	1	0	0	2	1	1	0
n-plugin	com/tridium/gradle/plugins/signing/SigningProfileFactory$2	class	69	1	0	0	2	1	1	0
n-plugin	com/tridium/gradle/plugins/signing/SigningProfileFactory$Companion	class	69	0	1	1	3	2	1	0
n-plugin	com/tridium/gradle/plugins/signing/SigningProfileFactory$getSigningProfile$1	synthetic	69	0	0	0	3	0	3	0
n-plugin	com/tridium/gradle/plugins/signing/SigningProfileFactorySpec	class	69	0	2	1	3	3	0	0
n-plugin	com/tridium/gradle/plugins/signing/extension/DefaultSigningExtension	class	69	1	2	1	4	4	0	0
n-plugin	com/tridium/gradle/plugins/signing/extension/SigningExtension	class	69	1	0	0	2	1	1	0
n-plugin	com/tridium/gradle/plugins/signing/extension/SigningServices	class	69	1	2	1	4	4	0	0
n-plugin	com/tridium/gradle/plugins/signing/profile/JarSignerSigningProfile	class	69	1	2	1	4	4	0	0
n-plugin	com/tridium/gradle/plugins/signing/profile/JarSignerSigningProfile$JarSignerArchiveFileSigner	class	69	1	0	1	2	2	0	0
n-plugin	com/tridium/gradle/plugins/signing/profile/JarSignerSigningProfile$JarSignerArchiveFileSigner$doSignFile$result$1	synthetic	69	0	0	0	3	0	3	0
n-plugin	com/tridium/gradle/plugins/signing/profile/LocalSigningProfile	class	69	21	5	2	34	27	7	0
n-plugin	com/tridium/gradle/plugins/signing/profile/LocalSigningProfile$1	class	69	1	0	0	2	1	1	0
n-plugin	com/tridium/gradle/plugins/signing/profile/LocalSigningProfile$Companion	class	69	2	4	1	5	4	1	0
n-plugin	com/tridium/gradle/plugins/signing/profile/RestrictedSigningProfile	class	69	1	0	1	4	2	2	0
n-plugin	com/tridium/gradle/plugins/signing/profile/RestrictedSigningProfile$Companion	class	69	1	0	1	4	3	1	0
n-plugin	com/tridium/gradle/plugins/signing/profile/SignatureContentSigner	class	69	3	3	1	4	4	0	0
n-plugin	com/tridium/gradle/plugins/signing/profile/SigningProfile	class	69	27	9	1	47	38	9	0
n-plugin	com/tridium/gradle/plugins/signing/profile/SigningProfile$Companion	class	69	0	23	1	4	3	1	0
n-plugin	com/tridium/gradle/plugins/signing/profile/SigningProfileParameters	class	69	11	7	1	27	19	8	0
n-plugin	com/tridium/gradle/plugins/signing/profile/SigningProfileProperties	class	69	10	3	1	19	13	6	0
n-plugin	com/tridium/gradle/plugins/signing/profile/SigningProfileProperties$Companion	class	69	2	3	1	6	5	1	0
n-plugin	com/tridium/gradle/plugins/signing/profile/SigningProfileProperties$expander$1	synthetic	69	0	0	0	3	0	3	0
n-plugin	com/tridium/gradle/plugins/signing/profile/SigningProfileProperties$sam$java_util_function_Function$0	synthetic	69	0	0	0	2	0	2	0
n-plugin	com/tridium/gradle/plugins/signing/service/SigningService	class	69	4	1	1	6	5	1	0
n-plugin	com/tridium/gradle/plugins/signing/service/SigningService$Companion	class	69	0	1	1	2	1	1	0
n-plugin	com/tridium/gradle/plugins/signing/service/SigningService$Params	class	69	0	3	0	3	3	0	0
n-plugin	com/tridium/gradle/plugins/signing/task/CertificateInfo	class	69	3	1	1	5	5	0	0
n-plugin	com/tridium/gradle/plugins/signing/task/CertificateInfo$dump$1	synthetic	69	0	0	0	4	0	4	0
n-plugin	com/tridium/gradle/plugins/signing/task/ConvertProfileStoreType	class	69	1	1	1	3	3	0	0
n-plugin	com/tridium/gradle/plugins/signing/task/CreateProfile	class	69	1	2	1	4	4	0	0
n-plugin	com/tridium/gradle/plugins/signing/task/ExportCert	class	69	2	7	1	10	10	0	0
n-plugin	com/tridium/gradle/plugins/signing/task/ExportCertKt	file-facade	69	1	0	0	1	1	0	0
n-plugin	com/tridium/gradle/plugins/signing/task/GenerateCertificate	class	69	1	4	1	6	6	0	0
n-plugin	com/tridium/gradle/plugins/signing/task/ImportCertificate	class	69	1	5	1	7	7	0	0
n-plugin	com/tridium/gradle/plugins/signing/task/PkiPackageSigningTask	class	69	12	6	1	18	18	0	0
n-plugin	com/tridium/gradle/plugins/signing/task/PkiPackageSigningTask$buildSslContext$trustAll$1	class	69	3	0	0	4	3	1	0
n-plugin	com/tridium/gradle/plugins/signing/task/ProfileTask	class	69	1	3	1	5	5	0	0
n-plugin	com/tridium/gradle/plugins/signing/task/SignWin32Binary	class	69	1	6	1	8	8	0	0
n-plugin	com/tridium/gradle/plugins/signing/task/SignWin32Binary$destinationFile$1	synthetic	69	0	0	0	3	0	3	0
n-plugin	com/tridium/gradle/plugins/signing/task/SignWin32Binary$destinationName$1	synthetic	69	0	0	0	4	0	4	0
n-plugin	com/tridium/gradle/plugins/signing/util/CMSOutputStreamSigner	class	69	2	3	1	3	3	0	0
n-plugin	com/tridium/gradle/plugins/signing/util/CertInfo	class	69	6	4	1	13	11	2	0
n-plugin	com/tridium/gradle/plugins/signing/util/PemFileKt	file-facade	69	8	0	0	11	10	1	0
n-plugin	com/tridium/gradle/plugins/signing/util/SetOnceProperty	class	69	2	2	1	5	3	2	0
n-plugin	com/tridium/gradle/plugins/signing/util/WrappedContentSigner	class	69	2	1	1	3	3	0	0
n-plugin	com/tridium/gradle/plugins/task/AbstractExtractTask	class	69	2	3	1	6	6	0	0
n-plugin	com/tridium/gradle/plugins/task/AbstractSignedArchiveTaskKt	file-facade	69	5	0	0	6	5	1	0
n-plugin	com/tridium/gradle/plugins/task/AbstractSignedArchiveTaskKt$WhenMappings	synthetic	69	0	0	0	1	0	1	0
n-plugin	com/tridium/gradle/plugins/task/AbstractSignedArchiveTaskKt$mapDefaults$1	synthetic	69	0	0	0	4	0	4	0
n-plugin	com/tridium/gradle/plugins/task/ArchiveSigningAction	class	69	1	1	1	3	3	0	0
n-plugin	com/tridium/gradle/plugins/task/ArchiveSigningAction$WhenMappings	synthetic	69	0	0	0	1	0	1	0
n-plugin	com/tridium/gradle/plugins/task/CopyImpl	class	69	0	0	1	6	1	5	0
n-plugin	com/tridium/gradle/plugins/task/DeferredMapEntry	class	69	0	2	1	3	3	0	0
n-plugin	com/tridium/gradle/plugins/task/DeferredStringMapEntry	class	69	0	0	1	1	1	0	0
n-plugin	com/tridium/gradle/plugins/task/InterpreterExecTask	class	69	6	4	1	11	11	0	0
n-plugin	com/tridium/gradle/plugins/task/MultipleZipExtract	class	69	1	2	1	4	4	0	0
n-plugin	com/tridium/gradle/plugins/task/MultipleZipExtract$extract$1	synthetic	69	0	0	0	3	0	3	0
n-plugin	com/tridium/gradle/plugins/task/NiagaraEnvironmentAwareExec	class	69	2	0	1	3	3	0	0
n-plugin	com/tridium/gradle/plugins/task/NiagaraEnvironmentAwareExec$1	synthetic	69	0	0	0	4	0	4	0
n-plugin	com/tridium/gradle/plugins/task/NiagaraEnvironmentAwareExec$2	synthetic	69	0	0	0	4	0	4	0
n-plugin	com/tridium/gradle/plugins/task/NiagaraEnvironmentAwareExecInfo	class	69	3	1	1	5	5	0	0
n-plugin	com/tridium/gradle/plugins/task/SignedTar	class	69	3	0	1	4	4	0	0
n-plugin	com/tridium/gradle/plugins/task/SignedTar$1	synthetic	69	0	0	0	3	0	3	0
n-plugin	com/tridium/gradle/plugins/task/SignedTar$WhenMappings	synthetic	69	0	0	0	1	0	1	0
n-plugin	com/tridium/gradle/plugins/task/SignedZip	class	69	2	1	1	5	5	0	0
n-plugin	com/tridium/gradle/plugins/task/SigningAwareArchiveTaskExtension	class	69	3	12	1	14	14	0	0
n-plugin	com/tridium/gradle/plugins/task/SigningAwareArchiveTaskExtension$externalSignatureAlias$1	synthetic	69	0	0	0	4	0	4	0
n-plugin	com/tridium/gradle/plugins/task/SigningAwareArchiveTaskExtension$signatureFile$1	synthetic	69	0	0	0	4	0	4	0
n-plugin	com/tridium/gradle/plugins/task/TarExtract	class	69	2	2	1	6	6	0	0
n-plugin	com/tridium/gradle/plugins/task/TarExtract$WhenMappings	synthetic	69	0	0	0	1	0	1	0
n-plugin	com/tridium/gradle/plugins/task/WritePropertiesFile	class	69	2	4	1	7	7	0	0
n-plugin	com/tridium/gradle/plugins/task/ZipExtract	class	69	1	0	1	3	3	0	0
n-plugin	com/tridium/gradle/plugins/util/WriteDistXml	class	69	1	1	1	4	4	0	0
n-plugin	com/tridium/gradle/plugins/util/WriteModuleXml	class	69	1	2	1	5	5	0	0
n-plugin	com/tridium/gradle/plugins/util/WriteXmlManifest	class	69	1	1	1	3	3	0	0
n-plugin	com/tridium/gradle/plugins/vendor/VendorExtension	class	69	4	2	1	5	5	0	0
n-plugin	com/tridium/gradle/plugins/vendor/VendorExtension$defaultDistVersion$1	synthetic	69	0	0	0	3	0	3	0
n-plugin	com/tridium/gradle/plugins/vendor/VendorExtension$defaultDistVersion$1$1	synthetic	69	0	0	0	3	0	3	0
n-plugin	com/tridium/gradle/plugins/vendor/VendorExtension$defaultDistVersion$1$1$execute$$inlined$the$1	class	69	0	0	0	1	0	1	0
n-plugin	com/tridium/gradle/plugins/vendor/VendorExtension$defaultGroup$1	synthetic	69	0	0	0	3	0	3	0
n-plugin	com/tridium/gradle/plugins/vendor/VendorExtension$defaultModuleVersion$1	synthetic	69	0	0	0	3	0	3	0
n-plugin	com/tridium/gradle/plugins/vendor/VendorExtension$defaultModuleVersion$1$1	synthetic	69	0	0	0	4	0	4	0
n-plugin	com/tridium/gradle/plugins/vendor/VendorExtension$defaultModuleVersion$1$1$execute$$inlined$configure$1	class	69	0	0	0	1	0	1	0
n-plugin	com/tridium/gradle/plugins/vendor/VendorExtension$defaultModuleVersion$1$1$inlined$sam$i$org_gradle_api_Action$0	synthetic	69	0	0	0	2	0	2	0
n-plugin	com/tridium/gradle/plugins/vendor/VendorExtension$defaultVendor$1	synthetic	69	0	0	0	3	0	3	0
n-plugin	com/tridium/gradle/plugins/vendor/VendorExtension$defaultVendor$1$1	synthetic	69	0	0	0	4	0	4	0
n-plugin	com/tridium/gradle/plugins/vendor/VendorExtension$defaultVendor$1$1$execute$$inlined$configure$1	class	69	0	0	0	1	0	1	0
n-plugin	com/tridium/gradle/plugins/vendor/VendorExtension$defaultVendor$1$1$inlined$sam$i$org_gradle_api_Action$0	synthetic	69	0	0	0	2	0	2	0
n-plugin	com/tridium/gradle/plugins/vendor/VendorExtension$defaultVendor$1$2	synthetic	69	0	0	0	3	0	3	0
n-plugin	com/tridium/gradle/plugins/vendor/VendorExtension$defaultVendor$1$2$execute$$inlined$the$1	class	69	0	0	0	1	0	1	0
n-plugin	com/tridium/gradle/plugins/vendor/VendorPlugin	class	69	1	0	1	3	3	0	0
n-plugin	com/tridium/gradle/plugins/vendor/VendorProviderExtension	class	69	0	1	0	1	1	0	0
n-plugin	extensions/GsonExtensionsKt	file-facade	69	3	0	0	3	3	0	0
n-plugin	extensions/GsonExtensionsKt$toJsonTreeFromString$1	class	69	0	0	0	1	0	1	0
settings	com/tridium/gradle/plugins/settings/DiscoveredProject	class	69	8	4	1	14	13	1	0
settings	com/tridium/gradle/plugins/settings/LocalSettingsConventionPlugin	class	69	1	0	1	3	3	0	0
settings	com/tridium/gradle/plugins/settings/LocalSettingsExtension	class	69	2	3	1	5	5	0	0
settings	com/tridium/gradle/plugins/settings/MultiProjectExtension	class	69	5	3	1	14	11	3	0
settings	com/tridium/gradle/plugins/settings/MultiProjectPlugin	class	69	1	0	1	3	3	0	0
settings	com/tridium/gradle/plugins/settings/MultiProjectPlugin$apply$1$1	synthetic	69	0	0	0	3	0	3	0
settings	com/tridium/gradle/plugins/settings/MultiProjectPluginKt	file-facade	69	4	0	0	4	4	0	0
settings	com/tridium/gradle/plugins/settings/ProjectData	class	69	0	3	1	4	4	0	0
settings	com/tridium/gradle/plugins/settings/java/JavaCompilerWarningsPlugin	class	69	1	0	1	3	3	0	0
settings	com/tridium/gradle/plugins/settings/java/JavaCompilerWarningsPlugin$apply$1$1	synthetic	69	0	0	0	3	0	3	0
settings	com/tridium/gradle/plugins/settings/java/util/CompilerWarningArgumentProvider	class	69	2	41	1	46	45	1	0
settings	com/tridium/gradle/plugins/settings/java/util/CompilerWarningArgumentProviderKt	file-facade	69	1	0	0	1	1	0	0
settings	com/tridium/gradle/plugins/settings/java/util/JavaVersionRange	class	69	7	2	1	18	10	8	0
settings	com/tridium/gradle/plugins/settings/java/util/JavaVersionRange$Companion	class	69	0	4	1	6	5	1	0
settings	com/tridium/gradle/plugins/settings/project/ProjectMetadataPlugin	class	69	1	0	1	3	3	0	0
settings	com/tridium/gradle/plugins/settings/project/ProjectMetadataPlugin$apply$1$1	synthetic	69	0	0	0	4	0	4	0
settings	com/tridium/gradle/plugins/settings/project/ProjectMetadataPluginKt	file-facade	69	1	0	0	1	1	0	0
settings	com/tridium/gradle/plugins/settings/project/extension/ProjectMetadataExtension	class	69	1	2	1	5	4	1	0
settings	com/tridium/gradle/plugins/settings/project/extension/ProjectMetadataExtension$Companion	class	69	0	1	1	2	1	1	0
settings	com/tridium/gradle/plugins/settings/project/util/LazyString	class	69	1	1	1	2	2	0	0
utils	com/tridium/gradle/util/ActionsKt	file-facade	69	3	0	0	3	3	0	0
utils	com/tridium/gradle/util/CompositeAction	class	69	1	1	1	2	2	0	0
utils	com/tridium/gradle/util/ConfigurationExtensionsKt	file-facade	69	7	0	0	14	7	7	0
utils	com/tridium/gradle/util/ConfigurationExtensionsKt$createBucketConfiguration$1	synthetic	69	0	0	0	3	0	3	0
utils	com/tridium/gradle/util/ConfigurationExtensionsKt$createConsumerConfiguration$1	synthetic	69	0	0	0	3	0	3	0
utils	com/tridium/gradle/util/ConfigurationExtensionsKt$createProducerConfiguration$1	synthetic	69	0	0	0	3	0	3	0
utils	com/tridium/gradle/util/ConfigurationExtensionsKt$createResolveConfiguration$consumer$1	synthetic	69	0	0	0	3	0	3	0
utils	com/tridium/gradle/util/GradleExtensionsKt	file-facade	69	9	0	0	13	11	2	0
utils	com/tridium/gradle/util/NO_ACTION	class	69	1	0	1	3	2	1	0
utils	com/tridium/gradle/util/PairedConfiguration	class	69	6	2	1	10	9	1	0
utils	com/tridium/gradle/util/ResolveConfiguration	class	69	6	2	1	10	9	1	0
utils	com/tridium/gradle/util/ServiceExtensionsKt	file-facade	69	4	0	0	4	4	0	0
