jar	classes	kotlin_classes	tridium_classes	kotlin_tridium_classes	kinds	metadata_versions
<config>/modules/aaphp.jar	143	0	142	0	{}	{}
<config>/modules/aapup.jar	103	0	102	0	{}	{}
<config>/modules/abstractMqttDriver.jar!LIB-INF/org.eclipse.paho.client.mqttv3-1.2.5.jar	110	0	0	0	{}	{}
<config>/modules/abstractMqttDriver.jar!LIB-INF/jjwt-jackson-0.13.0.jar	5	0	0	0	{}	{}
<config>/modules/abstractMqttDriver.jar!LIB-INF/jackson-databind-2.22.2.jar	812	0	0	0	{}	{}
<config>/modules/abstractMqttDriver.jar!LIB-INF/jackson-core-2.22.2.jar	213	0	0	0	{}	{}
<config>/modules/abstractMqttDriver.jar!LIB-INF/jackson-annotations-2.22.jar	78	0	0	0	{}	{}
<config>/modules/abstractMqttDriver.jar!LIB-INF/jjwt-impl-0.13.0.jar	350	0	0	0	{}	{}
<config>/modules/abstractMqttDriver.jar!LIB-INF/jjwt-api-0.13.0.jar	196	0	0	0	{}	{}
<config>/modules/abstractMqttDriver.jar	81	0	80	0	{}	{}
<config>/modules/ace.jar	237	0	236	0	{}	{}
<config>/modules/aceEdge.jar	20	0	19	0	{}	{}
<config>/modules/alarm.jar	422	0	421	0	{}	{}
<config>/modules/alarmOrion.jar	34	0	33	0	{}	{}
<config>/modules/analytics.jar	524	0	523	0	{}	{}
<config>/modules/analyticsLibs.jar	0	0	0	0	{}	{}
<config>/modules/andoverAC256.jar	77	0	76	0	{}	{}
<config>/modules/andoverInfinity.jar	69	0	68	0	{}	{}
<config>/modules/apachePoi.jar!LIB-INF/poi-ooxml-5.5.1.jar	887	0	0	0	{}	{}
<config>/modules/apachePoi.jar!LIB-INF/poi-5.5.1.jar	1693	0	0	0	{}	{}
<config>/modules/apachePoi.jar!LIB-INF/poi-ooxml-lite-5.5.1.jar	2554	0	0	0	{}	{}
<config>/modules/apachePoi.jar!LIB-INF/xmlbeans-5.3.0.jar	1033	0	0	0	{}	{}
<config>/modules/apachePoi.jar!LIB-INF/curvesapi-1.08.jar	101	0	0	0	{}	{}
<config>/modules/apachePoi.jar!LIB-INF/log4j-api-2.24.3.jar	209	0	0	0	{}	{}
<config>/modules/apachePoi.jar!LIB-INF/commons-collections4-4.5.0.jar	614	0	0	0	{}	{}
<config>/modules/apachePoi.jar!LIB-INF/commons-math3-3.6.1.jar	1301	0	0	0	{}	{}
<config>/modules/apachePoi.jar!LIB-INF/SparseBitSet-1.3.jar	15	0	0	0	{}	{}
<config>/modules/apachePoi.jar	0	0	0	0	{}	{}
<config>/modules/awsUtils.jar	35	0	34	0	{}	{}
<config>/modules/axvelocity.jar!LIB-INF/velocity-engine-core-2.4.1.jar	255	0	0	0	{}	{}
<config>/modules/axvelocity.jar!LIB-INF/slf4j-api-1.7.36.jar	34	0	0	0	{}	{}
<config>/modules/axvelocity.jar	35	0	34	0	{}	{}
<config>/modules/azureUtils.jar	7	0	6	0	{}	{}
<config>/modules/backup.jar	29	0	28	0	{}	{}
<config>/modules/bacnet.jar	1134	0	1133	0	{}	{}
<config>/modules/bacnetAws.jar	53	0	52	0	{}	{}
<config>/modules/bacnetEDE.jar	28	0	27	0	{}	{}
<config>/modules/bacnetUtil.jar	30	0	29	0	{}	{}
<config>/modules/baja.jar	1244	0	1243	0	{}	{}
<config>/modules/bajaScript.jar	4	0	3	0	{}	{}
<config>/modules/bajaui.jar	832	0	831	0	{}	{}
<config>/modules/bajaux.jar	11	0	10	0	{}	{}
<config>/modules/baseRtsp.jar	9	0	8	0	{}	{}
<config>/modules/basicDriver.jar	31	0	30	0	{}	{}
<config>/modules/batchJob.jar	173	0	172	0	{}	{}
<config>/modules/box.jar	88	0	87	0	{}	{}
<config>/modules/bql.jar	177	0	176	0	{}	{}
<config>/modules/brick.jar	3	0	2	0	{}	{}
<config>/modules/ccn.jar	199	0	198	0	{}	{}
<config>/modules/chart.jar	93	0	92	0	{}	{}
<config>/modules/clientCertAuth.jar	32	0	31	0	{}	{}
<config>/modules/cloudLink.jar!LIB-INF/qpid-proton-j-extensions-1.2.7.jar	40	0	0	0	{}	{}
<config>/modules/cloudLink.jar!LIB-INF/proton-j-0.34.1.jar	534	0	0	0	{}	{}
<config>/modules/cloudLink.jar!LIB-INF/biweekly-0.6.8.jar	432	0	0	0	{}	{}
<config>/modules/cloudLink.jar!LIB-INF/vinnie-2.0.2.jar	27	0	0	0	{}	{}
<config>/modules/cloudLink.jar	475	0	474	0	{}	{}
<config>/modules/cloudLinkAzure.jar	13	0	12	0	{}	{}
<config>/modules/cloudLinkExtensionBacnet.jar	7	0	6	0	{}	{}
<config>/modules/cloudLinkExtensionEbi.jar	5	0	4	0	{}	{}
<config>/modules/cloudLinkExtensionNiagara.jar	10	0	9	0	{}	{}
<config>/modules/cloudLinkForge.jar	163	0	162	0	{}	{}
<config>/modules/cloudLinkHonSbp.jar	39	0	38	0	{}	{}
<config>/modules/cloudLinkNcs.jar	26	0	25	0	{}	{}
<config>/modules/commonsCompress.jar!LIB-INF/commons-compress-1.28.0.jar	589	0	0	0	{}	{}
<config>/modules/commonsCompress.jar	1	0	0	0	{}	{}
<config>/modules/commonsIo.jar!LIB-INF/commons-io-2.22.0.jar	428	0	0	0	{}	{}
<config>/modules/commonsIo.jar	0	0	0	0	{}	{}
<config>/modules/commonsLang.jar	0	0	0	0	{}	{}
<config>/modules/control.jar	54	0	53	0	{}	{}
<config>/modules/converters.jar	175	0	174	0	{}	{}
<config>/modules/csmgrbase.jar	12	0	11	0	{}	{}
<config>/modules/dashboard.jar	10	0	9	0	{}	{}
<config>/modules/devDriver.jar	141	0	140	0	{}	{}
<config>/modules/devHttpDriver.jar	29	0	28	0	{}	{}
<config>/modules/devIpDriver.jar	30	0	29	0	{}	{}
<config>/modules/devSerialDriver.jar	12	0	11	0	{}	{}
<config>/modules/devkit.jar!LIB-INF/n-templates-5.0.54.9.2.jar!gradle/gradle/wrapper/gradle-wrapper.jar	31	0	0	0	{}	{}
<config>/modules/devkit.jar!LIB-INF/n-templates-5.0.54.9.2.jar	15	0	15	0	{}	{}
<config>/modules/devkit.jar!LIB-INF/tridium-niagara-slotomatic-library-5.0.2.jar	145	0	145	0	{}	{}
<config>/modules/devkit.jar!LIB-INF/javaparser-core-3.28.0.jar	696	0	0	0	{}	{}
<config>/modules/devkit.jar!LIB-INF/kotlin-stdlib-2.3.0.jar	977	934	0	0	{"1": 652, "2": 100, "3": 64, "4": 30, "5": 88}	{"2.3.0": 934}
<config>/modules/devkit.jar!LIB-INF/annotations-13.0.jar	32	0	0	0	{}	{}
<config>/modules/devkit.jar	80	0	79	0	{}	{}
<config>/modules/docDeveloper.jar	9	0	8	0	{}	{}
<config>/modules/docDeveloperAnalytics.jar	1	0	0	0	{}	{}
<config>/modules/docSource.jar	1	0	0	0	{}	{}
<config>/modules/driver.jar	181	0	180	0	{}	{}
<config>/modules/driverUpgrade.jar	27	0	26	0	{}	{}
<config>/modules/edgeIo.jar	73	0	72	0	{}	{}
<config>/modules/email.jar!LIB-INF/jakarta.mail-2.0.5.jar	356	0	0	0	{}	{}
<config>/modules/email.jar	74	0	73	0	{}	{}
<config>/modules/entityIo.jar	8	0	7	0	{}	{}
<config>/modules/event.jar	29	0	28	0	{}	{}
<config>/modules/export.jar	15	0	14	0	{}	{}
<config>/modules/exportTags.jar	100	0	99	0	{}	{}
<config>/modules/ffmpeg.jar	18	0	0	0	{}	{}
<config>/modules/file.jar	100	0	99	0	{}	{}
<config>/modules/flexSerial.jar	86	0	85	0	{}	{}
<config>/modules/fonts.jar	1	0	0	0	{}	{}
<config>/modules/fox.jar	199	0	198	0	{}	{}
<config>/modules/gx.jar!LIB-INF/batik-anim-1.19.jar	396	0	0	0	{}	{}
<config>/modules/gx.jar!LIB-INF/batik-awt-util-1.19.jar	222	0	0	0	{}	{}
<config>/modules/gx.jar!LIB-INF/batik-constants-1.19.jar	1	0	0	0	{}	{}
<config>/modules/gx.jar!LIB-INF/batik-css-1.19.jar	237	0	0	0	{}	{}
<config>/modules/gx.jar!LIB-INF/batik-dom-1.19.jar	115	0	0	0	{}	{}
<config>/modules/gx.jar!LIB-INF/batik-ext-1.19.jar	7	0	0	0	{}	{}
<config>/modules/gx.jar!LIB-INF/batik-i18n-1.19.jar	4	0	0	0	{}	{}
<config>/modules/gx.jar!LIB-INF/batik-parser-1.19.jar	55	0	0	0	{}	{}
<config>/modules/gx.jar!LIB-INF/batik-svg-dom-1.19.jar	64	0	0	0	{}	{}
<config>/modules/gx.jar!LIB-INF/batik-transcoder-1.19.jar	60	0	0	0	{}	{}
<config>/modules/gx.jar!LIB-INF/batik-util-1.19.jar	80	0	0	0	{}	{}
<config>/modules/gx.jar!LIB-INF/batik-xml-1.19.jar	6	0	0	0	{}	{}
<config>/modules/gx.jar!LIB-INF/xml-apis-ext-1.3.05.jar	192	0	0	0	{}	{}
<config>/modules/gx.jar!LIB-INF/org.eclipse.swt.win32.win32.x86_64-3.134.0.jar	959	0	0	0	{}	{}
<config>/modules/gx.jar	199	0	198	0	{}	{}
<config>/modules/haystack.jar	44	0	43	0	{}	{}
<config>/modules/help.jar	99	0	98	0	{}	{}
<config>/modules/hierarchy.jar	49	0	48	0	{}	{}
<config>/modules/history.jar	373	0	372	0	{}	{}
<config>/modules/html.jar	12	0	11	0	{}	{}
<config>/modules/httpClient.jar	152	0	151	0	{}	{}
<config>/modules/hx.jar	189	0	188	0	{}	{}
<config>/modules/icons.jar	1	0	0	0	{}	{}
<config>/modules/jetty.jar	49	0	48	0	{}	{}
<config>/modules/jodaTime.jar!LIB-INF/joda-time-2.14.3.jar	248	0	0	0	{}	{}
<config>/modules/jodaTime.jar	1	0	0	0	{}	{}
<config>/modules/js.jar	1	0	0	0	{}	{}
<config>/modules/jsonSmart.jar!LIB-INF/json-smart-2.6.0.jar	94	0	0	0	{}	{}
<config>/modules/jsonSmart.jar!LIB-INF/accessors-smart-2.6.0.jar	13	0	0	0	{}	{}
<config>/modules/jsonSmart.jar	1	0	0	0	{}	{}
<config>/modules/jsonToolkit.jar!LIB-INF/gson-2.14.0.jar	221	0	0	0	{}	{}
<config>/modules/jsonToolkit.jar!LIB-INF/json-path-2.10.0.jar	203	0	0	0	{}	{}
<config>/modules/jsonToolkit.jar!LIB-INF/error_prone_annotations-2.48.0.jar	29	0	0	0	{}	{}
<config>/modules/jsonToolkit.jar	182	0	181	0	{}	{}
<config>/modules/jxBrowser.jar	20	0	19	0	{}	{}
<config>/modules/kitControl.jar	225	0	224	0	{}	{}
<config>/modules/kitIo.jar	17	0	16	0	{}	{}
<config>/modules/kitLon.jar	11	0	10	0	{}	{}
<config>/modules/kitPx.jar	92	0	91	0	{}	{}
<config>/modules/kitPxGraphics.jar	1	0	0	0	{}	{}
<config>/modules/kitPxHvac.jar	1	0	0	0	{}	{}
<config>/modules/kitPxN4svg.jar	1	0	0	0	{}	{}
<config>/modules/ldap.jar	18	0	17	0	{}	{}
<config>/modules/lonDevices.jar	1	0	0	0	{}	{}
<config>/modules/lonHoneywell.jar	5	0	4	0	{}	{}
<config>/modules/lonHoneywellXfl800.jar	13	0	12	0	{}	{}
<config>/modules/lonIp.jar	51	0	50	0	{}	{}
<config>/modules/lonWattStopper.jar	6	0	5	0	{}	{}
<config>/modules/lontunnel.jar	2	0	1	0	{}	{}
<config>/modules/lonworks.jar	639	0	638	0	{}	{}
<config>/modules/maxpro.jar	43	0	42	0	{}	{}
<config>/modules/mbus.jar	162	0	161	0	{}	{}
<config>/modules/mcquay.jar	42	0	41	0	{}	{}
<config>/modules/migration.jar	18	0	17	0	{}	{}
<config>/modules/migrator.jar	94	0	93	0	{}	{}
<config>/modules/modbusAsync.jar	12	0	11	0	{}	{}
<config>/modules/modbusCore.jar	125	0	124	0	{}	{}
<config>/modules/modbusSlave.jar	12	0	11	0	{}	{}
<config>/modules/modbusTcp.jar	19	0	18	0	{}	{}
<config>/modules/modbusTcpSlave.jar	13	0	12	0	{}	{}
<config>/modules/nSnmp.jar	250	0	249	0	{}	{}
<config>/modules/naxisVideo.jar	72	0	71	0	{}	{}
<config>/modules/ndriver.jar	133	0	132	0	{}	{}
<config>/modules/neql.jar	57	0	56	0	{}	{}
<config>/modules/net.jar	33	0	32	0	{}	{}
<config>/modules/niagaraCloud.jar	17	0	16	0	{}	{}
<config>/modules/niagaraDriver.jar	261	0	260	0	{}	{}
<config>/modules/niagaraLexiconAl.jar	1	0	0	0	{}	{}
<config>/modules/niagaraLexiconAr.jar	1	0	0	0	{}	{}
<config>/modules/niagaraLexiconBe.jar	1	0	0	0	{}	{}
<config>/modules/niagaraLexiconBg.jar	1	0	0	0	{}	{}
<config>/modules/niagaraLexiconCa.jar	1	0	0	0	{}	{}
<config>/modules/niagaraLexiconCs.jar	1	0	0	0	{}	{}
<config>/modules/niagaraLexiconDa.jar	1	0	0	0	{}	{}
<config>/modules/niagaraLexiconDe.jar	1	0	0	0	{}	{}
<config>/modules/niagaraLexiconEl.jar	1	0	0	0	{}	{}
<config>/modules/niagaraLexiconEs.jar	1	0	0	0	{}	{}
<config>/modules/niagaraLexiconEt.jar	1	0	0	0	{}	{}
<config>/modules/niagaraLexiconFi.jar	1	0	0	0	{}	{}
<config>/modules/niagaraLexiconFr.jar	1	0	0	0	{}	{}
<config>/modules/niagaraLexiconHi.jar	1	0	0	0	{}	{}
<config>/modules/niagaraLexiconHr.jar	1	0	0	0	{}	{}
<config>/modules/niagaraLexiconHu.jar	1	0	0	0	{}	{}
<config>/modules/niagaraLexiconIn.jar	1	0	0	0	{}	{}
<config>/modules/niagaraLexiconIs.jar	1	0	0	0	{}	{}
<config>/modules/niagaraLexiconIt.jar	1	0	0	0	{}	{}
<config>/modules/niagaraLexiconIw.jar	1	0	0	0	{}	{}
<config>/modules/niagaraLexiconJa.jar	1	0	0	0	{}	{}
<config>/modules/niagaraLexiconKo.jar	1	0	0	0	{}	{}
<config>/modules/niagaraLexiconLt.jar	1	0	0	0	{}	{}
<config>/modules/niagaraLexiconLv.jar	1	0	0	0	{}	{}
<config>/modules/niagaraLexiconMk.jar	1	0	0	0	{}	{}
<config>/modules/niagaraLexiconNl.jar	1	0	0	0	{}	{}
<config>/modules/niagaraLexiconNo.jar	1	0	0	0	{}	{}
<config>/modules/niagaraLexiconPl.jar	1	0	0	0	{}	{}
<config>/modules/niagaraLexiconPt.jar	1	0	0	0	{}	{}
<config>/modules/niagaraLexiconRo.jar	1	0	0	0	{}	{}
<config>/modules/niagaraLexiconRu.jar	1	0	0	0	{}	{}
<config>/modules/niagaraLexiconSk.jar	1	0	0	0	{}	{}
<config>/modules/niagaraLexiconSl.jar	1	0	0	0	{}	{}
<config>/modules/niagaraLexiconSq.jar	1	0	0	0	{}	{}
<config>/modules/niagaraLexiconSr.jar	1	0	0	0	{}	{}
<config>/modules/niagaraLexiconSv.jar	1	0	0	0	{}	{}
<config>/modules/niagaraLexiconTh.jar	1	0	0	0	{}	{}
<config>/modules/niagaraLexiconTr.jar	1	0	0	0	{}	{}
<config>/modules/niagaraLexiconUk.jar	1	0	0	0	{}	{}
<config>/modules/niagaraLexiconVi.jar	1	0	0	0	{}	{}
<config>/modules/niagaraLexiconZh.jar	1	0	0	0	{}	{}
<config>/modules/niagaraLexiconZhcn.jar	1	0	0	0	{}	{}
<config>/modules/niagaraSync.jar	29	0	28	0	{}	{}
<config>/modules/niagaraSystemIndex.jar	17	0	16	0	{}	{}
<config>/modules/niagaraTest.jar	0	0	0	0	{}	{}
<config>/modules/niagaraVirtual.jar	67	0	66	0	{}	{}
<config>/modules/nmilestone.jar	83	0	82	0	{}	{}
<config>/modules/nrio.jar	162	0	161	0	{}	{}
<config>/modules/nsh.jar	6	0	5	0	{}	{}
<config>/modules/nss.jar	36	0	35	0	{}	{}
<config>/modules/nurio.jar	163	0	162	0	{}	{}
<config>/modules/nvideo.jar	51	0	50	0	{}	{}
<config>/modules/oauth2.jar!LIB-INF/oauth2-oidc-sdk-11.26-jdk11.jar	533	0	0	0	{}	{}
<config>/modules/oauth2.jar!LIB-INF/jcip-annotations-1.0-1.jar	4	0	0	0	{}	{}
<config>/modules/oauth2.jar!LIB-INF/content-type-2.3.jar	3	0	0	0	{}	{}
<config>/modules/oauth2.jar!LIB-INF/lang-tag-1.7.jar	4	0	0	0	{}	{}
<config>/modules/oauth2.jar!LIB-INF/nimbus-jose-jwt-10.0.2.jar	544	0	0	0	{}	{}
<config>/modules/oauth2.jar	12	0	11	0	{}	{}
<config>/modules/obix.jar	221	0	0	0	{}	{}
<config>/modules/obixDriver.jar	164	0	163	0	{}	{}
<config>/modules/obixSeriesTransform.jar	5	0	4	0	{}	{}
<config>/modules/onCall.jar	34	0	33	0	{}	{}
<config>/modules/opcUaClient.jar	69	0	68	0	{}	{}
<config>/modules/opcUaCore.jar!LIB-INF/prosys-opc-ua-sdk-client-server-5.7.0-248.jar	4591	0	0	0	{}	{}
<config>/modules/opcUaCore.jar	20	0	19	0	{}	{}
<config>/modules/opcUaServer.jar	66	0	65	0	{}	{}
<config>/modules/orientSystemDb.jar	17	0	16	0	{}	{}
<config>/modules/orion.jar	236	0	235	0	{}	{}
<config>/modules/pdf.jar	54	0	53	0	{}	{}
<config>/modules/platAceIpc.jar	4	0	3	0	{}	{}
<config>/modules/platBacnet.jar	15	0	14	0	{}	{}
<config>/modules/platCcn.jar	73	0	72	0	{}	{}
<config>/modules/platCrypto.jar	248	0	247	0	{}	{}
<config>/modules/platDaemon.jar	442	0	441	0	{}	{}
<config>/modules/platDataRecovery.jar	42	0	41	0	{}	{}
<config>/modules/platEdgeIo.jar	2	0	1	0	{}	{}
<config>/modules/platHwScan.jar	35	0	34	0	{}	{}
<config>/modules/platHwScanAtlas.jar	2	0	1	0	{}	{}
<config>/modules/platIEEE8021X.jar	23	0	22	0	{}	{}
<config>/modules/platLon.jar	4	0	3	0	{}	{}
<config>/modules/platMstp.jar	23	0	22	0	{}	{}
<config>/modules/platNrio.jar	93	0	92	0	{}	{}
<config>/modules/platNurio.jar	62	0	61	0	{}	{}
<config>/modules/platSerial.jar	6	0	5	0	{}	{}
<config>/modules/platSerialNpsdk.jar	7	0	6	0	{}	{}
<config>/modules/platWifi.jar	101	0	100	0	{}	{}
<config>/modules/platform.jar	652	0	651	0	{}	{}
<config>/modules/portalApi.jar	36	0	35	0	{}	{}
<config>/modules/program.jar	129	0	128	0	{}	{}
<config>/modules/propMigration.jar	20	0	19	0	{}	{}
<config>/modules/provisioningNiagara.jar	386	0	385	0	{}	{}
<config>/modules/pxEditor.jar	357	0	356	0	{}	{}
<config>/modules/query.jar	43	0	42	0	{}	{}
<config>/modules/queryTable.jar	65	0	64	0	{}	{}
<config>/modules/raster.jar	48	0	47	0	{}	{}
<config>/modules/rdb.jar!LIB-INF/commons-dbcp2-2.14.0.jar	78	0	0	0	{}	{}
<config>/modules/rdb.jar!LIB-INF/commons-pool2-2.13.1.jar	85	0	0	0	{}	{}
<config>/modules/rdb.jar!LIB-INF/jakarta.transaction-api-1.3.3.jar	19	0	0	0	{}	{}
<config>/modules/rdb.jar	155	0	154	0	{}	{}
<config>/modules/rdbHsqlDb.jar!LIB-INF/hsqldb-2.7.4.jar	687	0	0	0	{}	{}
<config>/modules/rdbHsqlDb.jar	5	0	4	0	{}	{}
<config>/modules/rdbMySQL.jar	15	0	14	0	{}	{}
<config>/modules/rdbSqlServer.jar!LIB-INF/mssql-jdbc-13.4.0.jre11.jar	458	0	0	0	{}	{}
<config>/modules/rdbSqlServer.jar	17	0	16	0	{}	{}
<config>/modules/remoteVideo.jar	27	0	26	0	{}	{}
<config>/modules/report.jar	79	0	78	0	{}	{}
<config>/modules/saml.jar!LIB-INF/xmlsec-4.0.4.jar	691	0	0	0	{}	{}
<config>/modules/saml.jar!LIB-INF/java-saml-core-2.9.0.jar	33	0	0	0	{}	{}
<config>/modules/saml.jar	67	0	66	0	{}	{}
<config>/modules/samlEncryption.jar	4	0	3	0	{}	{}
<config>/modules/schedule.jar	144	0	143	0	{}	{}
<config>/modules/search.jar	21	0	20	0	{}	{}
<config>/modules/serial.jar	15	0	14	0	{}	{}
<config>/modules/seriesTransform.jar	190	0	189	0	{}	{}
<config>/modules/signingService.jar	37	0	36	0	{}	{}
<config>/modules/silk.jar	16	0	15	0	{}	{}
<config>/modules/smartTableHx.jar	114	0	113	0	{}	{}
<config>/modules/sms.jar	34	0	33	0	{}	{}
<config>/modules/snmpLibs.jar!LIB-INF/mibble-mibs-2.10.1.jar	0	0	0	0	{}	{}
<config>/modules/snmpLibs.jar	210	0	0	0	{}	{}
<config>/modules/svg.jar	4	0	3	0	{}	{}
<config>/modules/svgBatik.jar!LIB-INF/batik-bridge-1.19.jar	399	0	0	0	{}	{}
<config>/modules/svgBatik.jar!LIB-INF/batik-gvt-1.19.jar	103	0	0	0	{}	{}
<config>/modules/svgBatik.jar!LIB-INF/batik-script-1.19.jar	13	0	0	0	{}	{}
<config>/modules/svgBatik.jar!LIB-INF/xmlgraphics-commons-2.11.jar	378	0	0	0	{}	{}
<config>/modules/svgBatik.jar	11	0	10	0	{}	{}
<config>/modules/systemDb.jar	15	0	14	0	{}	{}
<config>/modules/systemIndex.jar	15	0	14	0	{}	{}
<config>/modules/systemMonitor.jar	19	0	18	0	{}	{}
<config>/modules/tagdictionary.jar	103	0	102	0	{}	{}
<config>/modules/template.jar	349	0	348	0	{}	{}
<config>/modules/templateBulk.jar	27	0	26	0	{}	{}
<config>/modules/test.jar!LIB-INF/testng-7.12.0.jar	545	0	0	0	{}	{}
<config>/modules/test.jar!LIB-INF/jcommander-1.83.jar	72	0	0	0	{}	{}
<config>/modules/test.jar	70	0	64	0	{}	{}
<config>/modules/themeLucid.jar	1	0	0	0	{}	{}
<config>/modules/themeN5.jar	1	0	0	0	{}	{}
<config>/modules/themeZebra.jar	1	0	0	0	{}	{}
<config>/modules/tls.jar	144	0	143	0	{}	{}
<config>/modules/totpAuth.jar!LIB-INF/core-3.5.4.jar	289	0	0	0	{}	{}
<config>/modules/totpAuth.jar	20	0	19	0	{}	{}
<config>/modules/tunnel.jar	28	0	27	0	{}	{}
<config>/modules/uxBuilder.jar	24	0	23	0	{}	{}
<config>/modules/videoDriver.jar	261	0	260	0	{}	{}
<config>/modules/wbutil.jar!rc/gradle/wrapper/gradle-wrapper.jar	41	0	0	0	{}	{}
<config>/modules/wbutil.jar	239	0	238	0	{}	{}
<config>/modules/weather.jar	72	0	71	0	{}	{}
<config>/modules/web.jar	192	0	191	0	{}	{}
<config>/modules/webChart.jar	13	0	12	0	{}	{}
<config>/modules/webEditors.jar	102	0	101	0	{}	{}
<config>/modules/wiresheet.jar	102	0	101	0	{}	{}
<config>/modules/workbench.jar	1202	0	1201	0	{}	{}
<config>/modules/xprotect.jar!LIB-INF/wsit-impl-4.0.7.jar	2160	0	0	0	{}	{}
<config>/modules/xprotect.jar!LIB-INF/wsit-api-4.0.7.jar	67	0	0	0	{}	{}
<config>/modules/xprotect.jar!LIB-INF/rt-fi-4.0.5.jar	9	0	0	0	{}	{}
<config>/modules/xprotect.jar!LIB-INF/rt-4.0.5.jar	1380	0	0	0	{}	{}
<config>/modules/xprotect.jar!LIB-INF/policy-4.0.5.jar	108	0	0	0	{}	{}
<config>/modules/xprotect.jar!LIB-INF/jakarta.xml.ws-api-4.0.3.jar	90	0	0	0	{}	{}
<config>/modules/xprotect.jar!LIB-INF/jakarta.xml.bind-api-4.0.5.jar	115	0	0	0	{}	{}
<config>/modules/xprotect.jar!LIB-INF/saaj-impl-3.0.6.jar	182	0	0	0	{}	{}
<config>/modules/xprotect.jar!LIB-INF/jakarta.xml.soap-api-3.0.2.jar	34	0	0	0	{}	{}
<config>/modules/xprotect.jar!LIB-INF/streambuffer-2.1.0.jar	34	0	0	0	{}	{}
<config>/modules/xprotect.jar!LIB-INF/stax-ex-2.1.0.jar	25	0	0	0	{}	{}
<config>/modules/xprotect.jar!LIB-INF/jakarta.activation-api-2.1.4.jar	46	0	0	0	{}	{}
<config>/modules/xprotect.jar!LIB-INF/jakarta.authentication-api-3.1.0.jar	35	0	0	0	{}	{}
<config>/modules/xprotect.jar!LIB-INF/gmbal-4.1.2.jar	131	0	0	0	{}	{}
<config>/modules/xprotect.jar!LIB-INF/ha-api-3.1.13.jar	41	0	0	0	{}	{}
<config>/modules/xprotect.jar!LIB-INF/FastInfoset-2.1.1.jar	140	0	0	0	{}	{}
<config>/modules/xprotect.jar!LIB-INF/xmlsec-4.0.4.jar	691	0	0	0	{}	{}
<config>/modules/xprotect.jar!LIB-INF/gmbal-api-only-4.1.2.jar	25	0	0	0	{}	{}
<config>/modules/xprotect.jar!LIB-INF/management-api-3.3.0.jar	40	0	0	0	{}	{}
<config>/modules/xprotect.jar!LIB-INF/mimepull-1.11.0.jar	43	0	0	0	{}	{}
<config>/modules/xprotect.jar!LIB-INF/woodstox-core-7.2.0.jar	946	0	0	0	{}	{}
<config>/modules/xprotect.jar!LIB-INF/stax2-api-4.3.0.jar	125	0	0	0	{}	{}
<config>/modules/xprotect.jar!LIB-INF/pfl-tf-5.1.1.jar	69	0	0	0	{}	{}
<config>/modules/xprotect.jar!LIB-INF/pfl-dynamic-5.1.1.jar	237	0	0	0	{}	{}
<config>/modules/xprotect.jar!LIB-INF/pfl-basic-5.1.1.jar	184	0	0	0	{}	{}
<config>/modules/xprotect.jar!LIB-INF/commons-codec-1.18.0.jar	114	0	0	0	{}	{}
<config>/modules/xprotect.jar	108	0	107	0	{}	{}
<install>/bin/ext/angus-activation-2.0.3.jar	10	0	0	0	{}	{}
<install>/bin/ext/annotations-13.0.jar	32	0	0	0	{}	{}
<install>/bin/ext/asm-9.10.1.jar	39	0	0	0	{}	{}
<install>/bin/ext/asm-commons-9.10.1.jar	28	0	0	0	{}	{}
<install>/bin/ext/asm-tree-9.10.1.jar	39	0	0	0	{}	{}
<install>/bin/ext/byte-buddy-1.18.12.jar	3048	0	0	0	{}	{}
<install>/bin/ext/commons-codec-1.22.1.jar	150	0	0	0	{}	{}
<install>/bin/ext/commons-lang3-3.20.0.jar	421	0	0	0	{}	{}
<install>/bin/ext/commons-logging-1.4.0.jar	28	0	0	0	{}	{}
<install>/bin/ext/encoder-1.4.0.jar	22	0	0	0	{}	{}
<install>/bin/ext/httpclient5-5.6.4.jar	595	0	0	0	{}	{}
<install>/bin/ext/httpcore5-5.4.3.jar	678	0	0	0	{}	{}
<install>/bin/ext/httpcore5-h2-5.4.3.jar	160	0	0	0	{}	{}
<install>/bin/ext/jakarta.activation-api-2.1.4.jar	46	0	0	0	{}	{}
<install>/bin/ext/jakarta.annotation-api-3.0.0.jar	19	0	0	0	{}	{}
<install>/bin/ext/jakarta.el-api-6.0.1.jar	58	0	0	0	{}	{}
<install>/bin/ext/jakarta.enterprise.cdi-api-4.1.0.jar	195	0	0	0	{}	{}
<install>/bin/ext/jakarta.enterprise.lang-model-4.1.0.jar	26	0	0	0	{}	{}
<install>/bin/ext/jakarta.inject-api-2.0.1.jar	7	0	0	0	{}	{}
<install>/bin/ext/jakarta.interceptor-api-2.2.0.jar	11	0	0	0	{}	{}
<install>/bin/ext/jakarta.servlet-api-6.1.0.jar	85	0	0	0	{}	{}
<install>/bin/ext/jakarta.transaction-api-2.0.1.jar	20	0	0	0	{}	{}
<install>/bin/ext/jakarta.xml.bind-api-4.0.5.jar	115	0	0	0	{}	{}
<install>/bin/ext/jetty-alpn-client-12.1.13.jar	3	0	0	0	{}	{}
<install>/bin/ext/jetty-annotations-12.1.13.jar	11	0	0	0	{}	{}
<install>/bin/ext/jetty-client-12.1.13.jar	208	0	0	0	{}	{}
<install>/bin/ext/jetty-compression-common-12.1.13.jar	9	0	0	0	{}	{}
<install>/bin/ext/jetty-compression-gzip-12.1.13.jar	10	0	0	0	{}	{}
<install>/bin/ext/jetty-compression-server-12.1.13.jar	11	0	0	0	{}	{}
<install>/bin/ext/jetty-deploy-12.1.13.jar	17	0	0	0	{}	{}
<install>/bin/ext/jetty-ee-webapp-12.1.13.jar	5	0	0	0	{}	{}
<install>/bin/ext/jetty-ee11-annotations-12.1.13.jar	30	0	0	0	{}	{}
<install>/bin/ext/jetty-ee11-plus-12.1.13.jar	8	0	0	0	{}	{}
<install>/bin/ext/jetty-ee11-servlet-12.1.13.jar	194	0	0	0	{}	{}
<install>/bin/ext/jetty-ee11-servlets-12.1.13.jar	22	0	0	0	{}	{}
<install>/bin/ext/jetty-ee11-webapp-12.1.13.jar	40	0	0	0	{}	{}
<install>/bin/ext/jetty-ee11-websocket-jetty-server-12.1.13.jar	16	0	0	0	{}	{}
<install>/bin/ext/jetty-ee11-websocket-servlet-12.1.13.jar	3	0	0	0	{}	{}
<install>/bin/ext/jetty-http-12.1.13.jar	240	0	0	0	{}	{}
<install>/bin/ext/jetty-io-12.1.13.jar	236	0	0	0	{}	{}
<install>/bin/ext/jetty-jmx-12.1.13.jar	8	0	0	0	{}	{}
<install>/bin/ext/jetty-jndi-12.1.13.jar	15	0	0	0	{}	{}
<install>/bin/ext/jetty-plus-12.1.13.jar	16	0	0	0	{}	{}
<install>/bin/ext/jetty-security-12.1.13.jar	99	0	0	0	{}	{}
<install>/bin/ext/jetty-server-12.1.13.jar	341	0	0	0	{}	{}
<install>/bin/ext/jetty-session-12.1.13.jar	47	0	0	0	{}	{}
<install>/bin/ext/jetty-util-12.1.13.jar	406	0	0	0	{}	{}
<install>/bin/ext/jetty-websocket-core-client-12.1.13.jar	9	0	0	0	{}	{}
<install>/bin/ext/jetty-websocket-core-common-12.1.13.jar	110	0	0	0	{}	{}
<install>/bin/ext/jetty-websocket-core-server-12.1.13.jar	29	0	0	0	{}	{}
<install>/bin/ext/jetty-websocket-jetty-api-12.1.13.jar	41	0	0	0	{}	{}
<install>/bin/ext/jetty-websocket-jetty-client-12.1.13.jar	8	0	0	0	{}	{}
<install>/bin/ext/jetty-websocket-jetty-common-12.1.13.jar	13	0	0	0	{}	{}
<install>/bin/ext/jetty-websocket-jetty-server-12.1.13.jar	12	0	0	0	{}	{}
<install>/bin/ext/jetty-xml-12.1.13.jar	20	0	0	0	{}	{}
<install>/bin/ext/jose4j-0.9.6.jar	210	0	0	0	{}	{}
<install>/bin/ext/json-20260814.jar	31	0	0	0	{}	{}
<install>/bin/ext/kotlin-stdlib-2.4.10.jar	989	946	0	0	{"1": 660, "2": 104, "3": 64, "4": 30, "5": 88}	{"2.4.0": 946}
<install>/bin/ext/kotlin-stdlib-jdk7-2.4.10.jar	0	0	0	0	{}	{}
<install>/bin/ext/kotlin-stdlib-jdk8-2.4.10.jar	0	0	0	0	{}	{}
<install>/bin/ext/libthrift-0.24.0.jar	262	0	0	0	{}	{}
<install>/bin/ext/niagara-remote-client-1.0.5.jar	9	0	8	0	{}	{}
<install>/bin/ext/niagaraAnnotationProcessors.jar	52	0	51	0	{}	{}
<install>/bin/ext/niagarad.jar	256	0	255	0	{}	{}
<install>/bin/ext/nre.jar	705	0	704	0	{}	{}
<install>/bin/ext/okhttp-5.5.0.jar	0	0	0	0	{}	{}
<install>/bin/ext/okhttp-jvm-5.5.0.jar	383	383	0	0	{"1": 345, "2": 31, "3": 7}	{"2.1.0": 383}
<install>/bin/ext/okio-jvm-3.18.1.jar	121	121	0	0	{"1": 86, "2": 27, "3": 4, "4": 1, "5": 3}	{"2.1.0": 121}
<install>/bin/ext/resilience4j-core-2.4.0.jar	77	0	0	0	{}	{}
<install>/bin/ext/resilience4j-retry-2.4.0.jar	31	0	0	0	{}	{}
<install>/bin/ext/slf4j-api-2.0.18.jar	55	0	0	0	{}	{}
<install>/bin/ext/slf4j-jdk14-2.0.18.jar	4	0	0	0	{}	{}
<install>/bin/ext/splash.jar	3	0	2	0	{}	{}
<install>/bin/ext/bcfips/bc-bcfkswrapprov-1.0.0.jar	9	0	0	0	{}	{}
<install>/bin/ext/bcfips/bc-fips-2.1.2.jar	3431	0	0	0	{}	{}
<install>/bin/ext/bcfips/bcpkix-fips-2.1.12.jar	856	0	0	0	{}	{}
<install>/bin/ext/bcfips/bctls-fips-2.1.24.jar	532	0	0	0	{}	{}
<install>/bin/ext/bcfips/bcutil-fips-2.1.7.jar	638	0	0	0	{}	{}
<install>/bin/ext/bcstd/bcpkix-jdk18on-1.85.jar	1028	0	0	0	{}	{}
<install>/bin/ext/bcstd/bcprov-jdk18on-1.85.2.jar	5798	0	0	0	{}	{}
<install>/bin/ext/bcstd/bctls-jdk18on-1.85.jar	561	0	0	0	{}	{}
<install>/bin/ext/bcstd/bcutil-jdk18on-1.85.jar	617	0	0	0	{}	{}
<install>/bin/ext/jxbrowser/jxbrowser-9.5.0.jar	6035	0	0	0	{}	{}
<install>/bin/ext/jxbrowser/jxbrowser-javafx-9.5.0.jar	137	0	0	0	{}	{}
<install>/bin/ext/jxbrowser/jxbrowser-swing-9.5.0.jar	129	0	0	0	{}	{}
<install>/bin/ext/jxbrowser/jxbrowser-swt-9.5.0.jar	151	0	0	0	{}	{}
<install>/bin/ext/jxbrowser/jxbrowser-win64-9.5.0.jar	0	0	0	0	{}	{}
<install>/bin/ext/securityBridge/securityBridge.jar	3	0	2	0	{}	{}
<install>/bin/ext/system/asm-analysis-9.10.1.jar	15	0	0	0	{}	{}
<install>/bin/ext/system/asm-util-9.10.1.jar	28	0	0	0	{}	{}
<install>/bin/ext/system/concurrentlinkedhashmap-lru-1.4.2.jar	78	0	0	0	{}	{}
<install>/bin/ext/system/istack-commons-runtime-4.2.0.jar	23	0	0	0	{}	{}
<install>/bin/ext/system/jaxb-core-4.0.9.jar	106	0	0	0	{}	{}
<install>/bin/ext/system/jaxb-runtime-4.0.9.jar	560	0	0	0	{}	{}
<install>/bin/ext/system/jffi-1.4.0-native.jar	0	0	0	0	{}	{}
<install>/bin/ext/system/jffi-1.4.0.jar	134	0	0	0	{}	{}
<install>/bin/ext/system/jna-5.19.1.jar	125	0	0	0	{}	{}
<install>/bin/ext/system/jna-platform-5.19.1.jar	1333	0	0	0	{}	{}
<install>/bin/ext/system/jnr-a64asm-1.0.0.jar	48	0	0	0	{}	{}
<install>/bin/ext/system/jnr-constants-0.11.0.jar	1038	0	0	0	{}	{}
<install>/bin/ext/system/jnr-ffi-2.3.1.jar	671	0	0	0	{}	{}
<install>/bin/ext/system/jnr-posix-3.2.2.jar	245	0	0	0	{}	{}
<install>/bin/ext/system/jnr-x86asm-1.0.2.jar	84	0	0	0	{}	{}
<install>/bin/ext/system/lz4-java-1.11.2.jar	85	0	0	0	{}	{}
<install>/bin/ext/system/orientdb-client-3.2.55.jar	222	0	0	0	{}	{}
<install>/bin/ext/system/orientdb-core-3.2.55.jar	2342	0	0	0	{}	{}
<install>/bin/ext/system/orientdb-server-3.2.55.jar	239	0	0	0	{}	{}
<install>/bin/ext/system/orientdb-tools-3.2.55.jar	55	0	0	0	{}	{}
<install>/bin/ext/system/txw2-4.0.9.jar	57	0	0	0	{}	{}
<install>/etc/m2/repository/com/fasterxml/jackson/core/jackson-annotations/2.22/jackson-annotations-2.22.jar	78	0	0	0	{}	{}
<install>/etc/m2/repository/com/fasterxml/jackson/core/jackson-core/2.22.0/jackson-core-2.22.0.jar	213	0	0	0	{}	{}
<install>/etc/m2/repository/com/fasterxml/jackson/core/jackson-databind/2.22.0/jackson-databind-2.22.0.jar	811	0	0	0	{}	{}
<install>/etc/m2/repository/com/fasterxml/jackson/module/jackson-module-kotlin/2.22.0/jackson-module-kotlin-2.22.0.jar	150	147	0	0	{"1": 108, "2": 10, "3": 29}	{"1.9.0": 147}
<install>/etc/m2/repository/com/tridium/tools/filetypes/1.0.2/filetypes-1.0.2.jar	3	0	3	0	{}	{}
<install>/etc/m2/repository/com/tridium/tools/java-utils/7.6.2/java-utils-7.6.2.jar	4	0	4	0	{}	{}
<install>/etc/m2/repository/com/tridium/tools/n-conv-plugin/5.0.54.9.2/n-conv-plugin-5.0.54.9.2.jar	14	14	14	14	{"1": 4, "3": 10}	{"2.2.0": 14}
<install>/etc/m2/repository/com/tridium/tools/n-plugin/5.0.54.9.2/n-plugin-5.0.54.9.2.jar	724	650	722	648	{"1": 306, "2": 28, "3": 316}	{"2.2.0": 650}
<install>/etc/m2/repository/com/tridium/tools/n-templates/5.0.54.9.2/n-templates-5.0.54.9.2.jar!gradle/gradle/wrapper/gradle-wrapper.jar	31	0	0	0	{}	{}
<install>/etc/m2/repository/com/tridium/tools/n-templates/5.0.54.9.2/n-templates-5.0.54.9.2.jar	15	0	15	0	{}	{}
<install>/etc/m2/repository/com/tridium/tools/settings/5.0.9.8.14/settings-5.0.9.8.14.jar	20	20	20	20	{"1": 14, "2": 3, "3": 3}	{"2.2.0": 20}
<install>/etc/m2/repository/com/tridium/tools/tridium-niagara-slotomatic-library/5.0.2/tridium-niagara-slotomatic-library-5.0.2.jar	145	0	145	0	{}	{}
<install>/etc/m2/repository/com/tridium/tools/utils/5.0.7.8.14/utils-5.0.7.8.14.jar	12	12	12	12	{"1": 4, "2": 4, "3": 4}	{"2.2.0": 12}
<install>/etc/m2/repository/com/tridium/xelem/4.0.3/xelem-4.0.3.jar	8	0	8	0	{}	{}
<install>/etc/m2/repository/commons-codec/commons-codec/1.18.0/commons-codec-1.18.0.jar	114	0	0	0	{}	{}
<install>/etc/m2/repository/org/jetbrains/kotlin/kotlin-reflect/2.1.21/kotlin-reflect-2.1.21.jar	1963	141	0	0	{"1": 103, "2": 21, "3": 17}	{"2.1.0": 141}
<install>/javadoc/niagaraJavadoc.jar	0	0	0	0	{}	{}
<install>/jre/lib/javafx-swt.jar	17	0	0	0	{}	{}
<install>/jre/lib/jrt-fs.jar	57	0	0	0	{}	{}
<install>/lib/tridium-niagara-baja-doclet-5.0.4.jar	23	0	15	0	{}	{}
