jar	kt_file	line	member_head
n-conv-plugin	com/tridium/gradle/plugins/niagara/convention/NiagaraHomeRepositoriesPlugin.kt	8	fun apply/1
n-plugin	com/tridium/extensions/CopySpecExtensionsKt.kt	24	fun fromModules/2
n-plugin	com/tridium/extensions/CopySpecExtensionsKt.kt	59	fun fromDists/3
n-plugin	com/tridium/gradle/plugins/bajadoc/BajadocPlugin.kt	8	fun apply/1
n-plugin	com/tridium/gradle/plugins/bajadoc/task/Bajadoc.kt	97	fun wireConvention/1
n-plugin	com/tridium/gradle/plugins/doc/BajadocModulePlugin.kt	12	fun apply/1
n-plugin	com/tridium/gradle/plugins/doc/NiagaraDocPlugin.kt	23	fun apply/1
n-plugin	com/tridium/gradle/plugins/doc/task/BajadocIndex.kt	39	fun generateIndex/0
n-plugin	com/tridium/gradle/plugins/doc/task/HtmlDocTask.kt	38	fun process/0
n-plugin	com/tridium/gradle/plugins/grunt/GruntPlugin.kt	18	fun apply/1
n-plugin	com/tridium/gradle/plugins/grunt/GruntPlugin.kt	166	fun configureTask/4
n-plugin	com/tridium/gradle/plugins/grunt/util/JsonSerializable.kt	50	fun withJson/1
n-plugin	com/tridium/gradle/plugins/grunt/util/JsonSerializable.kt	77	fun withJson/1
n-plugin	com/tridium/gradle/plugins/jacoco/NiagaraJacocoPlugin.kt	14	fun apply/1
n-plugin	com/tridium/gradle/plugins/jacoco/NiagaraJacocoPluginKt.kt	19	fun configureJacoco/0
n-plugin	com/tridium/gradle/plugins/java/NiagaraJavaPlugin.kt	8	fun apply/1
n-plugin	com/tridium/gradle/plugins/module/NiagaraAnnotationProcessorsPlugin.kt	8	fun apply/1
n-plugin	com/tridium/gradle/plugins/module/NiagaraModularityPlugin.kt	31	fun apply/1
n-plugin	com/tridium/gradle/plugins/module/NiagaraModulePlugin.kt	56	fun apply/1
n-plugin	com/tridium/gradle/plugins/module/NiagaraModulePlugin.kt	276	fun registerModuleTasks/2
n-plugin	com/tridium/gradle/plugins/module/NiagaraModulePlugin.kt	889	fun registerNiagaraTestTasks/1
n-plugin	com/tridium/gradle/plugins/module/NiagaraModulePlugin.kt	960	fun configureIdeaPlugin/1
n-plugin	com/tridium/gradle/plugins/module/NiagaraModulePlugin.kt	1020	private fun createModuleManifestElementsConfiguration
n-plugin	com/tridium/gradle/plugins/natives/NativeAggregationExtension.kt	22	fun fromPlatform/1
n-plugin	com/tridium/gradle/plugins/natives/NativeAggregationPlugin.kt	17	fun apply/1
n-plugin	com/tridium/gradle/plugins/natives/NiagaraNativePlugin.kt	19	fun apply/1
n-plugin	com/tridium/gradle/plugins/natives/NiagaraNativePlugin.kt	203	fun createNativeApiElementsConfiguration/2
n-plugin	com/tridium/gradle/plugins/natives/NiagaraNativePlugin.kt	250	fun createIncludePathConfiguration/1
n-plugin	com/tridium/gradle/plugins/natives/NiagaraNativePluginKt.kt	7	fun createRuntimeElementsConfiguration/1
n-plugin	com/tridium/gradle/plugins/natives/NiagaraNativePluginKt.kt	42	fun createLinkPathConfiguration/1
n-plugin	com/tridium/gradle/plugins/natives/NiagaraNativePluginKt.kt	77	fun createBinaryProducerConfigurations/1
n-plugin	com/tridium/gradle/plugins/natives/NiagaraNativePluginKt.kt	150	fun createBinaryConsumerConfigurations/1
n-plugin	com/tridium/gradle/plugins/natives/RootProjectNiagaraNativePlugin.kt	13	fun apply/1
n-plugin	com/tridium/gradle/plugins/natives/command/NativeCommand.kt	119	fun execute/2
n-plugin	com/tridium/gradle/plugins/natives/command/Win32Command.kt	149	fun sign/0
n-plugin	com/tridium/gradle/plugins/natives/extension/DefaultNiagaraNativeExtension.kt	46	fun useJvmToolchain/1
n-plugin	com/tridium/gradle/plugins/natives/extension/DefaultNiagaraNativeExtension.kt	98	fun useJvmToolchain/1
n-plugin	com/tridium/gradle/plugins/natives/extension/DefaultNiagaraNativeExtension.kt	179	fun registerTaskForNativePlatform/2
n-plugin	com/tridium/gradle/plugins/natives/extension/DefaultNiagaraNativeExtension.kt	322	fun create/1
n-plugin	com/tridium/gradle/plugins/natives/extension/DefaultNiagaraNativeExtensionKt.kt	9	fun asCopyAction/0
n-plugin	com/tridium/gradle/plugins/niagara/RootProjectNiagaraPlugin.kt	15	fun apply/1
n-plugin	com/tridium/gradle/plugins/niagara/SettingsNiagaraPlugin.kt	11	fun apply/1
n-plugin	com/tridium/gradle/plugins/node/YarnWorkspaceAggregationPlugin.kt	14	fun apply/1
n-plugin	com/tridium/gradle/plugins/node/YarnWorkspacePlugin.kt	10	fun apply/1
n-plugin	com/tridium/gradle/plugins/node/task/CheckNodeInstalled.kt	108	fun findNodeVersion/0
n-plugin	com/tridium/gradle/plugins/node/task/CheckNodePackageGloballyInstalled.kt	56	fun findPackage/0
n-plugin	com/tridium/gradle/plugins/node/task/JavaScriptTaskKt.kt	7	fun wireSkipJsConvention/1
n-plugin	com/tridium/gradle/plugins/node/task/WriteWorkspacePackageJson.kt	44	fun writePackageJson/0
n-plugin	com/tridium/gradle/plugins/signing/RootProjectSigningPlugin.kt	16	fun apply/1
n-plugin	com/tridium/gradle/plugins/signing/SignedJarPlugin.kt	18	fun apply/1
n-plugin	com/tridium/gradle/plugins/signing/SignedJarPlugin.kt	102	fun registerConfigurationForSignedArtifacts/3
n-plugin	com/tridium/gradle/plugins/signing/SignedJarPluginKt.kt	7	fun addAttributesForSignedJars/2
n-plugin	com/tridium/gradle/plugins/signing/SigningPlugin.kt	27	fun apply/1
n-plugin	com/tridium/gradle/plugins/signing/profile/JarSignerSigningProfile.kt	72	fun doSignFile/4
n-plugin	com/tridium/gradle/plugins/signing/profile/SigningProfileProperties.kt	34	private final get
n-plugin	com/tridium/gradle/plugins/signing/profile/SigningProfileProperties.kt	115	fun getProperty/3
n-plugin	com/tridium/gradle/plugins/task/MultipleZipExtract.kt	18	fun extract/0
n-plugin	com/tridium/gradle/plugins/vendor/VendorExtension.kt	16	fun defaultGroup/1
n-plugin	com/tridium/gradle/plugins/vendor/VendorExtension.kt	48	fun defaultVendor/1
n-plugin	com/tridium/gradle/plugins/vendor/VendorExtension.kt	75	fun defaultModuleVersion/1
n-plugin	com/tridium/gradle/plugins/vendor/VendorExtension.kt	102	fun defaultDistVersion/1
settings	com/tridium/gradle/plugins/settings/MultiProjectPlugin.kt	12	fun apply/1
settings	com/tridium/gradle/plugins/settings/java/JavaCompilerWarningsPlugin.kt	9	fun apply/1
utils	com/tridium/gradle/util/ConfigurationExtensionsKt.kt	8	fun createBucketConfiguration/2
utils	com/tridium/gradle/util/ConfigurationExtensionsKt.kt	45	fun createProducerConfiguration/2
utils	com/tridium/gradle/util/ConfigurationExtensionsKt.kt	82	fun createConsumerConfiguration/2
utils	com/tridium/gradle/util/ConfigurationExtensionsKt.kt	134	fun createResolveConfiguration/3
