jar	tree	metric	value
n-plugin	vf-kt(fresh)	files	364
n-plugin	vf-kt(fresh)	files_kt	302
n-plugin	vf-kt(fresh)	files_java	62
n-plugin	vf-kt(fresh)	lines	24156
n-plugin	vf-kt(fresh)	couldnt_be_decompiled	60
n-plugin	vf-kt(fresh)	unable_to_decompile_class	6
n-plugin	vf-kt(fresh)	unrepresentable	37
n-plugin	vf-kt(fresh)	Intrinsics_lines	215
n-plugin	vf-kt(fresh)	dollar_default_calls	112
n-plugin	vf-kt(fresh)	dollar_this_names	381
n-plugin	vf-kt(fresh)	dollar_i_f_dollar_names	8
n-plugin	vf-kt(fresh)	dollar_i_a_dollar_names	0
n-plugin	vf-kt(fresh)	synthetic_varN_names	2948
n-plugin	vf-kt(fresh)	i_f_marker_name_bound_to_NON_int_local	0
n-plugin	vf-kt(fresh)	i_f_marker_name_bound_to_int_local	0
n-plugin	vf-kt(fresh)	unrepresentable_INSTANCE_lambda	37
n-plugin	vf-kt(fresh)	kt_fun_named_like_class_constructor	73
n-plugin	vf-kt(fresh)	Companion_refs	29
n-plugin	vf-kt(fresh)	INSTANCE_refs	74
n-plugin	vf-kt(fresh)	jetbrains_NotNull_Nullable	46
n-plugin	vf-kt(fresh)	kotlin_nullable_types_'?'	106
n-plugin	vf-kt(fresh)	kotlin_default_param_'= '_in_fun	25
n-plugin	vf-kt(fresh)	kotlin_fun_keyword	797
n-plugin	vf-kt(fresh)	java_static_final_field_lines	41
n-plugin	vf-java(fresh,--kt-enable=false)	files	364
n-plugin	vf-java(fresh,--kt-enable=false)	files_kt	0
n-plugin	vf-java(fresh,--kt-enable=false)	files_java	364
n-plugin	vf-java(fresh,--kt-enable=false)	lines	41105
n-plugin	vf-java(fresh,--kt-enable=false)	couldnt_be_decompiled	0
n-plugin	vf-java(fresh,--kt-enable=false)	unable_to_decompile_class	0
n-plugin	vf-java(fresh,--kt-enable=false)	unrepresentable	115
n-plugin	vf-java(fresh,--kt-enable=false)	Intrinsics_lines	1927
n-plugin	vf-java(fresh,--kt-enable=false)	dollar_default_calls	144
n-plugin	vf-java(fresh,--kt-enable=false)	dollar_this_names	2916
n-plugin	vf-java(fresh,--kt-enable=false)	dollar_i_f_dollar_names	412
n-plugin	vf-java(fresh,--kt-enable=false)	dollar_i_a_dollar_names	366
n-plugin	vf-java(fresh,--kt-enable=false)	synthetic_varN_names	6284
n-plugin	vf-java(fresh,--kt-enable=false)	i_f_marker_name_bound_to_NON_int_local	2
n-plugin	vf-java(fresh,--kt-enable=false)	i_f_marker_name_bound_to_int_local	292
n-plugin	vf-java(fresh,--kt-enable=false)	unrepresentable_INSTANCE_lambda	114
n-plugin	vf-java(fresh,--kt-enable=false)	kt_fun_named_like_class_constructor	0
n-plugin	vf-java(fresh,--kt-enable=false)	Companion_refs	336
n-plugin	vf-java(fresh,--kt-enable=false)	INSTANCE_refs	203
n-plugin	vf-java(fresh,--kt-enable=false)	jetbrains_NotNull_Nullable	2005
n-plugin	vf-java(fresh,--kt-enable=false)	kotlin_nullable_types_'?'	1
n-plugin	vf-java(fresh,--kt-enable=false)	kotlin_default_param_'= '_in_fun	0
n-plugin	vf-java(fresh,--kt-enable=false)	kotlin_fun_keyword	0
n-plugin	vf-java(fresh,--kt-enable=false)	java_static_final_field_lines	451
n-plugin	corpus-v2	files	364
n-plugin	corpus-v2	files_kt	302
n-plugin	corpus-v2	files_java	62
n-plugin	corpus-v2	lines	24128
n-plugin	corpus-v2	couldnt_be_decompiled	60
n-plugin	corpus-v2	unable_to_decompile_class	6
n-plugin	corpus-v2	unrepresentable	37
n-plugin	corpus-v2	Intrinsics_lines	215
n-plugin	corpus-v2	dollar_default_calls	112
n-plugin	corpus-v2	dollar_this_names	381
n-plugin	corpus-v2	dollar_i_f_dollar_names	8
n-plugin	corpus-v2	dollar_i_a_dollar_names	0
n-plugin	corpus-v2	synthetic_varN_names	2943
n-plugin	corpus-v2	i_f_marker_name_bound_to_NON_int_local	0
n-plugin	corpus-v2	i_f_marker_name_bound_to_int_local	0
n-plugin	corpus-v2	unrepresentable_INSTANCE_lambda	37
n-plugin	corpus-v2	kt_fun_named_like_class_constructor	73
n-plugin	corpus-v2	Companion_refs	29
n-plugin	corpus-v2	INSTANCE_refs	74
n-plugin	corpus-v2	jetbrains_NotNull_Nullable	46
n-plugin	corpus-v2	kotlin_nullable_types_'?'	106
n-plugin	corpus-v2	kotlin_default_param_'= '_in_fun	25
n-plugin	corpus-v2	kotlin_fun_keyword	797
n-plugin	corpus-v2	java_static_final_field_lines	41
n-plugin	fresh-kt vs corpus-v2	files_in_both	364
n-plugin	fresh-kt vs corpus-v2	byte_identical_files	347
n-plugin	fresh-kt vs corpus-v2	files_only_fresh	0
n-plugin	fresh-kt vs corpus-v2	files_only_corpus	0
n-conv-plugin	vf-kt(fresh)	files	4
n-conv-plugin	vf-kt(fresh)	files_kt	4
n-conv-plugin	vf-kt(fresh)	files_java	0
n-conv-plugin	vf-kt(fresh)	lines	74
n-conv-plugin	vf-kt(fresh)	couldnt_be_decompiled	1
n-conv-plugin	vf-kt(fresh)	unable_to_decompile_class	0
n-conv-plugin	vf-kt(fresh)	unrepresentable	3
n-conv-plugin	vf-kt(fresh)	Intrinsics_lines	1
n-conv-plugin	vf-kt(fresh)	dollar_default_calls	0
n-conv-plugin	vf-kt(fresh)	dollar_this_names	0
n-conv-plugin	vf-kt(fresh)	dollar_i_f_dollar_names	0
n-conv-plugin	vf-kt(fresh)	dollar_i_a_dollar_names	0
n-conv-plugin	vf-kt(fresh)	synthetic_varN_names	0
n-conv-plugin	vf-kt(fresh)	i_f_marker_name_bound_to_NON_int_local	0
n-conv-plugin	vf-kt(fresh)	i_f_marker_name_bound_to_int_local	0
n-conv-plugin	vf-kt(fresh)	unrepresentable_INSTANCE_lambda	3
n-conv-plugin	vf-kt(fresh)	kt_fun_named_like_class_constructor	0
n-conv-plugin	vf-kt(fresh)	Companion_refs	0
n-conv-plugin	vf-kt(fresh)	INSTANCE_refs	3
n-conv-plugin	vf-kt(fresh)	jetbrains_NotNull_Nullable	0
n-conv-plugin	vf-kt(fresh)	kotlin_nullable_types_'?'	0
n-conv-plugin	vf-kt(fresh)	kotlin_default_param_'= '_in_fun	0
n-conv-plugin	vf-kt(fresh)	kotlin_fun_keyword	4
n-conv-plugin	vf-kt(fresh)	java_static_final_field_lines	0
n-conv-plugin	vf-java(fresh,--kt-enable=false)	files	4
n-conv-plugin	vf-java(fresh,--kt-enable=false)	files_kt	0
n-conv-plugin	vf-java(fresh,--kt-enable=false)	files_java	4
n-conv-plugin	vf-java(fresh,--kt-enable=false)	lines	189
n-conv-plugin	vf-java(fresh,--kt-enable=false)	couldnt_be_decompiled	0
n-conv-plugin	vf-java(fresh,--kt-enable=false)	unable_to_decompile_class	0
n-conv-plugin	vf-java(fresh,--kt-enable=false)	unrepresentable	7
n-conv-plugin	vf-java(fresh,--kt-enable=false)	Intrinsics_lines	9
n-conv-plugin	vf-java(fresh,--kt-enable=false)	dollar_default_calls	0
n-conv-plugin	vf-java(fresh,--kt-enable=false)	dollar_this_names	39
n-conv-plugin	vf-java(fresh,--kt-enable=false)	dollar_i_f_dollar_names	0
n-conv-plugin	vf-java(fresh,--kt-enable=false)	dollar_i_a_dollar_names	4
n-conv-plugin	vf-java(fresh,--kt-enable=false)	synthetic_varN_names	4
n-conv-plugin	vf-java(fresh,--kt-enable=false)	i_f_marker_name_bound_to_NON_int_local	0
n-conv-plugin	vf-java(fresh,--kt-enable=false)	i_f_marker_name_bound_to_int_local	0
n-conv-plugin	vf-java(fresh,--kt-enable=false)	unrepresentable_INSTANCE_lambda	7
n-conv-plugin	vf-java(fresh,--kt-enable=false)	kt_fun_named_like_class_constructor	0
n-conv-plugin	vf-java(fresh,--kt-enable=false)	Companion_refs	0
n-conv-plugin	vf-java(fresh,--kt-enable=false)	INSTANCE_refs	7
n-conv-plugin	vf-java(fresh,--kt-enable=false)	jetbrains_NotNull_Nullable	4
n-conv-plugin	vf-java(fresh,--kt-enable=false)	kotlin_nullable_types_'?'	0
n-conv-plugin	vf-java(fresh,--kt-enable=false)	kotlin_default_param_'= '_in_fun	0
n-conv-plugin	vf-java(fresh,--kt-enable=false)	kotlin_fun_keyword	0
n-conv-plugin	vf-java(fresh,--kt-enable=false)	java_static_final_field_lines	1
n-conv-plugin	corpus-v2	files	4
n-conv-plugin	corpus-v2	files_kt	4
n-conv-plugin	corpus-v2	files_java	0
n-conv-plugin	corpus-v2	lines	74
n-conv-plugin	corpus-v2	couldnt_be_decompiled	1
n-conv-plugin	corpus-v2	unable_to_decompile_class	0
n-conv-plugin	corpus-v2	unrepresentable	3
n-conv-plugin	corpus-v2	Intrinsics_lines	1
n-conv-plugin	corpus-v2	dollar_default_calls	0
n-conv-plugin	corpus-v2	dollar_this_names	0
n-conv-plugin	corpus-v2	dollar_i_f_dollar_names	0
n-conv-plugin	corpus-v2	dollar_i_a_dollar_names	0
n-conv-plugin	corpus-v2	synthetic_varN_names	0
n-conv-plugin	corpus-v2	i_f_marker_name_bound_to_NON_int_local	0
n-conv-plugin	corpus-v2	i_f_marker_name_bound_to_int_local	0
n-conv-plugin	corpus-v2	unrepresentable_INSTANCE_lambda	3
n-conv-plugin	corpus-v2	kt_fun_named_like_class_constructor	0
n-conv-plugin	corpus-v2	Companion_refs	0
n-conv-plugin	corpus-v2	INSTANCE_refs	3
n-conv-plugin	corpus-v2	jetbrains_NotNull_Nullable	0
n-conv-plugin	corpus-v2	kotlin_nullable_types_'?'	0
n-conv-plugin	corpus-v2	kotlin_default_param_'= '_in_fun	0
n-conv-plugin	corpus-v2	kotlin_fun_keyword	4
n-conv-plugin	corpus-v2	java_static_final_field_lines	0
n-conv-plugin	fresh-kt vs corpus-v2	files_in_both	4
n-conv-plugin	fresh-kt vs corpus-v2	byte_identical_files	4
n-conv-plugin	fresh-kt vs corpus-v2	files_only_fresh	0
n-conv-plugin	fresh-kt vs corpus-v2	files_only_corpus	0
settings	vf-kt(fresh)	files	15
settings	vf-kt(fresh)	files_kt	15
settings	vf-kt(fresh)	files_java	0
settings	vf-kt(fresh)	lines	743
settings	vf-kt(fresh)	couldnt_be_decompiled	2
settings	vf-kt(fresh)	unable_to_decompile_class	0
settings	vf-kt(fresh)	unrepresentable	1
settings	vf-kt(fresh)	Intrinsics_lines	4
settings	vf-kt(fresh)	dollar_default_calls	2
settings	vf-kt(fresh)	dollar_this_names	31
settings	vf-kt(fresh)	dollar_i_f_dollar_names	0
settings	vf-kt(fresh)	dollar_i_a_dollar_names	0
settings	vf-kt(fresh)	synthetic_varN_names	75
settings	vf-kt(fresh)	i_f_marker_name_bound_to_NON_int_local	0
settings	vf-kt(fresh)	i_f_marker_name_bound_to_int_local	0
settings	vf-kt(fresh)	unrepresentable_INSTANCE_lambda	1
settings	vf-kt(fresh)	kt_fun_named_like_class_constructor	2
settings	vf-kt(fresh)	Companion_refs	4
settings	vf-kt(fresh)	INSTANCE_refs	1
settings	vf-kt(fresh)	jetbrains_NotNull_Nullable	0
settings	vf-kt(fresh)	kotlin_nullable_types_'?'	6
settings	vf-kt(fresh)	kotlin_default_param_'= '_in_fun	5
settings	vf-kt(fresh)	kotlin_fun_keyword	39
settings	vf-kt(fresh)	java_static_final_field_lines	0
settings	vf-java(fresh,--kt-enable=false)	files	15
settings	vf-java(fresh,--kt-enable=false)	files_kt	0
settings	vf-java(fresh,--kt-enable=false)	files_java	15
settings	vf-java(fresh,--kt-enable=false)	lines	1545
settings	vf-java(fresh,--kt-enable=false)	couldnt_be_decompiled	0
settings	vf-java(fresh,--kt-enable=false)	unable_to_decompile_class	0
settings	vf-java(fresh,--kt-enable=false)	unrepresentable	1
settings	vf-java(fresh,--kt-enable=false)	Intrinsics_lines	59
settings	vf-java(fresh,--kt-enable=false)	dollar_default_calls	2
settings	vf-java(fresh,--kt-enable=false)	dollar_this_names	95
settings	vf-java(fresh,--kt-enable=false)	dollar_i_f_dollar_names	6
settings	vf-java(fresh,--kt-enable=false)	dollar_i_a_dollar_names	16
settings	vf-java(fresh,--kt-enable=false)	synthetic_varN_names	150
settings	vf-java(fresh,--kt-enable=false)	i_f_marker_name_bound_to_NON_int_local	0
settings	vf-java(fresh,--kt-enable=false)	i_f_marker_name_bound_to_int_local	6
settings	vf-java(fresh,--kt-enable=false)	unrepresentable_INSTANCE_lambda	1
settings	vf-java(fresh,--kt-enable=false)	kt_fun_named_like_class_constructor	0
settings	vf-java(fresh,--kt-enable=false)	Companion_refs	18
settings	vf-java(fresh,--kt-enable=false)	INSTANCE_refs	1
settings	vf-java(fresh,--kt-enable=false)	jetbrains_NotNull_Nullable	122
settings	vf-java(fresh,--kt-enable=false)	kotlin_nullable_types_'?'	0
settings	vf-java(fresh,--kt-enable=false)	kotlin_default_param_'= '_in_fun	0
settings	vf-java(fresh,--kt-enable=false)	kotlin_fun_keyword	0
settings	vf-java(fresh,--kt-enable=false)	java_static_final_field_lines	18
settings	corpus-v2	files	15
settings	corpus-v2	files_kt	15
settings	corpus-v2	files_java	0
settings	corpus-v2	lines	743
settings	corpus-v2	couldnt_be_decompiled	2
settings	corpus-v2	unable_to_decompile_class	0
settings	corpus-v2	unrepresentable	1
settings	corpus-v2	Intrinsics_lines	4
settings	corpus-v2	dollar_default_calls	2
settings	corpus-v2	dollar_this_names	31
settings	corpus-v2	dollar_i_f_dollar_names	0
settings	corpus-v2	dollar_i_a_dollar_names	0
settings	corpus-v2	synthetic_varN_names	75
settings	corpus-v2	i_f_marker_name_bound_to_NON_int_local	0
settings	corpus-v2	i_f_marker_name_bound_to_int_local	0
settings	corpus-v2	unrepresentable_INSTANCE_lambda	1
settings	corpus-v2	kt_fun_named_like_class_constructor	2
settings	corpus-v2	Companion_refs	4
settings	corpus-v2	INSTANCE_refs	1
settings	corpus-v2	jetbrains_NotNull_Nullable	0
settings	corpus-v2	kotlin_nullable_types_'?'	6
settings	corpus-v2	kotlin_default_param_'= '_in_fun	5
settings	corpus-v2	kotlin_fun_keyword	39
settings	corpus-v2	java_static_final_field_lines	0
settings	fresh-kt vs corpus-v2	files_in_both	15
settings	fresh-kt vs corpus-v2	byte_identical_files	15
settings	fresh-kt vs corpus-v2	files_only_fresh	0
settings	fresh-kt vs corpus-v2	files_only_corpus	0
utils	vf-kt(fresh)	files	8
utils	vf-kt(fresh)	files_kt	8
utils	vf-kt(fresh)	files_java	0
utils	vf-kt(fresh)	lines	473
utils	vf-kt(fresh)	couldnt_be_decompiled	4
utils	vf-kt(fresh)	unable_to_decompile_class	0
utils	vf-kt(fresh)	unrepresentable	0
utils	vf-kt(fresh)	Intrinsics_lines	16
utils	vf-kt(fresh)	dollar_default_calls	5
utils	vf-kt(fresh)	dollar_this_names	44
utils	vf-kt(fresh)	dollar_i_f_dollar_names	0
utils	vf-kt(fresh)	dollar_i_a_dollar_names	0
utils	vf-kt(fresh)	synthetic_varN_names	52
utils	vf-kt(fresh)	i_f_marker_name_bound_to_NON_int_local	0
utils	vf-kt(fresh)	i_f_marker_name_bound_to_int_local	0
utils	vf-kt(fresh)	unrepresentable_INSTANCE_lambda	0
utils	vf-kt(fresh)	kt_fun_named_like_class_constructor	0
utils	vf-kt(fresh)	Companion_refs	0
utils	vf-kt(fresh)	INSTANCE_refs	1
utils	vf-kt(fresh)	jetbrains_NotNull_Nullable	0
utils	vf-kt(fresh)	kotlin_nullable_types_'?'	8
utils	vf-kt(fresh)	kotlin_default_param_'= '_in_fun	11
utils	vf-kt(fresh)	kotlin_fun_keyword	37
utils	vf-kt(fresh)	java_static_final_field_lines	0
utils	vf-java(fresh,--kt-enable=false)	files	8
utils	vf-java(fresh,--kt-enable=false)	files_kt	0
utils	vf-java(fresh,--kt-enable=false)	files_java	8
utils	vf-java(fresh,--kt-enable=false)	lines	769
utils	vf-java(fresh,--kt-enable=false)	couldnt_be_decompiled	0
utils	vf-java(fresh,--kt-enable=false)	unable_to_decompile_class	0
utils	vf-java(fresh,--kt-enable=false)	unrepresentable	0
utils	vf-java(fresh,--kt-enable=false)	Intrinsics_lines	72
utils	vf-java(fresh,--kt-enable=false)	dollar_default_calls	5
utils	vf-java(fresh,--kt-enable=false)	dollar_this_names	107
utils	vf-java(fresh,--kt-enable=false)	dollar_i_f_dollar_names	6
utils	vf-java(fresh,--kt-enable=false)	dollar_i_a_dollar_names	4
utils	vf-java(fresh,--kt-enable=false)	synthetic_varN_names	103
utils	vf-java(fresh,--kt-enable=false)	i_f_marker_name_bound_to_NON_int_local	1
utils	vf-java(fresh,--kt-enable=false)	i_f_marker_name_bound_to_int_local	4
utils	vf-java(fresh,--kt-enable=false)	unrepresentable_INSTANCE_lambda	0
utils	vf-java(fresh,--kt-enable=false)	kt_fun_named_like_class_constructor	0
utils	vf-java(fresh,--kt-enable=false)	Companion_refs	0
utils	vf-java(fresh,--kt-enable=false)	INSTANCE_refs	3
utils	vf-java(fresh,--kt-enable=false)	jetbrains_NotNull_Nullable	94
utils	vf-java(fresh,--kt-enable=false)	kotlin_nullable_types_'?'	0
utils	vf-java(fresh,--kt-enable=false)	kotlin_default_param_'= '_in_fun	0
utils	vf-java(fresh,--kt-enable=false)	kotlin_fun_keyword	0
utils	vf-java(fresh,--kt-enable=false)	java_static_final_field_lines	26
utils	corpus-v2	files	8
utils	corpus-v2	files_kt	8
utils	corpus-v2	files_java	0
utils	corpus-v2	lines	473
utils	corpus-v2	couldnt_be_decompiled	4
utils	corpus-v2	unable_to_decompile_class	0
utils	corpus-v2	unrepresentable	0
utils	corpus-v2	Intrinsics_lines	16
utils	corpus-v2	dollar_default_calls	5
utils	corpus-v2	dollar_this_names	44
utils	corpus-v2	dollar_i_f_dollar_names	0
utils	corpus-v2	dollar_i_a_dollar_names	0
utils	corpus-v2	synthetic_varN_names	52
utils	corpus-v2	i_f_marker_name_bound_to_NON_int_local	0
utils	corpus-v2	i_f_marker_name_bound_to_int_local	0
utils	corpus-v2	unrepresentable_INSTANCE_lambda	0
utils	corpus-v2	kt_fun_named_like_class_constructor	0
utils	corpus-v2	Companion_refs	0
utils	corpus-v2	INSTANCE_refs	1
utils	corpus-v2	jetbrains_NotNull_Nullable	0
utils	corpus-v2	kotlin_nullable_types_'?'	8
utils	corpus-v2	kotlin_default_param_'= '_in_fun	11
utils	corpus-v2	kotlin_fun_keyword	37
utils	corpus-v2	java_static_final_field_lines	0
utils	fresh-kt vs corpus-v2	files_in_both	8
utils	fresh-kt vs corpus-v2	byte_identical_files	8
utils	fresh-kt vs corpus-v2	files_only_fresh	0
utils	fresh-kt vs corpus-v2	files_only_corpus	0
