class	method	descriptor	shipped_flags	grade	rules	kind
GruntOptions	GruntOptions	()V	ACC_PUBLIC	mismatch	-	declared
GruntOptions	getKarma	()Lcom/tridium/gradle/plugins/grunt/util/KarmaConfig;	ACC_FINAL,ACC_PUBLIC	exact	-	declared
GruntOptions	getKarma$annotations	()V	ACC_PUBLIC,ACC_STATIC,ACC_SYNTHETIC	missing	-	synthetic
GruntOptions	karma	(Lorg/gradle/api/Action;)V	ACC_FINAL,ACC_PUBLIC	canonical	-	declared
GruntOptions	toJsonObject	()Lcom/tridium/gradle/plugins/grunt/util/GruntOptionsJson;	ACC_PUBLIC	mismatch	-	declared
GruntOptions	toJsonObject	()Lcom/tridium/gradle/plugins/grunt/util/JsonOptional;	ACC_BRIDGE,ACC_PUBLIC,ACC_SYNTHETIC	mismatch	-	synthetic
KarmaConfig	KarmaConfig	()V	ACC_PUBLIC	mismatch	-	declared
KarmaConfig	ci	(Lorg/gradle/api/Action;)V	ACC_FINAL,ACC_PUBLIC	canonical	-	declared
KarmaConfig	getCi	()Lcom/tridium/gradle/plugins/grunt/util/KarmaOptions;	ACC_FINAL,ACC_PUBLIC	exact	-	declared
KarmaConfig	getCi$annotations	()V	ACC_PUBLIC,ACC_STATIC,ACC_SYNTHETIC	missing	-	synthetic
KarmaConfig	getOptions	()Lcom/tridium/gradle/plugins/grunt/util/KarmaOptions;	ACC_FINAL,ACC_PUBLIC	exact	-	declared
KarmaConfig	getOptions$annotations	()V	ACC_PUBLIC,ACC_STATIC,ACC_SYNTHETIC	missing	-	synthetic
KarmaConfig	getWatch	()Lcom/tridium/gradle/plugins/grunt/util/KarmaOptions;	ACC_FINAL,ACC_PUBLIC	exact	-	declared
KarmaConfig	getWatch$annotations	()V	ACC_PUBLIC,ACC_STATIC,ACC_SYNTHETIC	missing	-	synthetic
KarmaConfig	options	(Lorg/gradle/api/Action;)V	ACC_FINAL,ACC_PUBLIC	canonical	-	declared
KarmaConfig	toJsonObject	()Lcom/tridium/gradle/plugins/grunt/util/JsonOptional;	ACC_BRIDGE,ACC_PUBLIC,ACC_SYNTHETIC	mismatch	-	synthetic
KarmaConfig	toJsonObject	()Lcom/tridium/gradle/plugins/grunt/util/KarmaConfigJson;	ACC_PUBLIC	mismatch	-	declared
KarmaConfig	watch	(Lorg/gradle/api/Action;)V	ACC_FINAL,ACC_PUBLIC	canonical	-	declared
