wall_id	jar	cls	method	desc	java_file	compile_errors	error_kinds	first_error	grade	class_grade	m_total	m_exact	m_canon	m_anon	m_mismatch	m_missing	rules
n-conv-plugin:com/tridium/gradle/plugins/niagara/convention/NiagaraHomeRepositoriesPlugin.kt:8	n-conv-plugin	com/tridium/gradle/plugins/niagara/convention/NiagaraHomeRepositoriesPlugin	apply	(Lorg/gradle/api/Project;)V	_evidence/b125/java-mode/n-conv-plugin/com/tridium/gradle/plugins/niagara/convention/NiagaraHomeRepositoriesPlugin.java	9	other:1;placeholder-syntax:8	n-conv-plugin/com/tridium/gradle/plugins/niagara/convention/NiagaraHomeRepositoriesPlugin.java:50: error: illegal start of expression	no-compile	no-compile	0	0	0	0	0	0	
n-plugin:com/tridium/extensions/CopySpecExtensionsKt.kt:59	n-plugin	com/tridium/extensions/CopySpecExtensionsKt	fromDists	(Lorg/gradle/api/file/CopySpec;Lorg/gradle/api/file/FileCollection;ZLorg/gradle/api/Action;)V	_evidence/b125/java-mode/n-plugin/com/tridium/extensions/CopySpecExtensionsKt.java	2	placeholder-syntax:2	n-plugin/com/tridium/extensions/CopySpecExtensionsKt.java:70: error: illegal start of expression	no-compile	no-compile	0	0	0	0	0	0	
n-plugin:com/tridium/extensions/CopySpecExtensionsKt.kt:24	n-plugin	com/tridium/extensions/CopySpecExtensionsKt	fromModules	(Lorg/gradle/api/file/CopySpec;Lorg/gradle/api/artifacts/Configuration;Lorg/gradle/api/Action;)V	_evidence/b125/java-mode/n-plugin/com/tridium/extensions/CopySpecExtensionsKt.java	2	placeholder-syntax:2	n-plugin/com/tridium/extensions/CopySpecExtensionsKt.java:70: error: illegal start of expression	no-compile	no-compile	0	0	0	0	0	0	
n-plugin:com/tridium/gradle/plugins/bajadoc/BajadocPlugin.kt:8	n-plugin	com/tridium/gradle/plugins/bajadoc/BajadocPlugin	apply	(Lorg/gradle/api/Project;)V	_evidence/b125/java-mode/n-plugin/com/tridium/gradle/plugins/bajadoc/BajadocPlugin.java	23	other:1;placeholder-syntax:22	n-plugin/com/tridium/gradle/plugins/bajadoc/BajadocPlugin.java:133: error: illegal start of expression	no-compile	no-compile	0	0	0	0	0	0	
n-plugin:com/tridium/gradle/plugins/bajadoc/task/Bajadoc.kt:97	n-plugin	com/tridium/gradle/plugins/bajadoc/task/Bajadoc	wireConvention	(Lorg/gradle/api/Project;)V	_evidence/b125/java-mode/n-plugin/com/tridium/gradle/plugins/bajadoc/task/Bajadoc.java	16	other:14;synthetic-symbol:2	n-plugin/com/tridium/gradle/plugins/bajadoc/task/Bajadoc.java:116: error: cannot assign a value to final variable bajadocOptions	no-compile	no-compile	0	0	0	0	0	0	
n-plugin:com/tridium/gradle/plugins/doc/BajadocModulePlugin.kt:12	n-plugin	com/tridium/gradle/plugins/doc/BajadocModulePlugin	apply	(Lorg/gradle/api/Project;)V	_evidence/b125/java-mode/n-plugin/com/tridium/gradle/plugins/doc/BajadocModulePlugin.java	8	other:1;placeholder-syntax:7	n-plugin/com/tridium/gradle/plugins/doc/BajadocModulePlugin.java:111: error: illegal start of expression	no-compile	no-compile	0	0	0	0	0	0	
n-plugin:com/tridium/gradle/plugins/doc/NiagaraDocPlugin.kt:23	n-plugin	com/tridium/gradle/plugins/doc/NiagaraDocPlugin	apply	(Lorg/gradle/api/Project;)V	_evidence/b125/java-mode/n-plugin/com/tridium/gradle/plugins/doc/NiagaraDocPlugin.java	6	other:1;placeholder-syntax:5	n-plugin/com/tridium/gradle/plugins/doc/NiagaraDocPlugin.java:118: error: illegal start of expression	no-compile	no-compile	0	0	0	0	0	0	
n-plugin:com/tridium/gradle/plugins/doc/task/BajadocIndex.kt:39	n-plugin	com/tridium/gradle/plugins/doc/task/BajadocIndex	generateIndex	()V	_evidence/b125/java-mode/n-plugin/com/tridium/gradle/plugins/doc/task/BajadocIndex.java	1	anon-not-implementing:1	n-plugin/com/tridium/gradle/plugins/doc/task/BajadocIndex.java:118: error: <anonymous com.tridium.gradle.plugins.doc.task.BajadocIndex$1> is not abstract and does not override abstract method execute(	no-compile	no-compile	0	0	0	0	0	0	
n-plugin:com/tridium/gradle/plugins/doc/task/HtmlDocTask.kt:38	n-plugin	com/tridium/gradle/plugins/doc/task/HtmlDocTask	process	()V	_evidence/b125/java-mode/n-plugin/com/tridium/gradle/plugins/doc/task/HtmlDocTask.java	1	anon-not-implementing:1	n-plugin/com/tridium/gradle/plugins/doc/task/HtmlDocTask.java:136: error: <anonymous com.tridium.gradle.plugins.doc.task.HtmlDocTask$1> is not abstract and does not override abstract method execute(Ob	no-compile	no-compile	0	0	0	0	0	0	
n-plugin:com/tridium/gradle/plugins/grunt/GruntPlugin.kt:18	n-plugin	com/tridium/gradle/plugins/grunt/GruntPlugin	apply	(Lorg/gradle/api/Project;)V	_evidence/b125/java-mode/n-plugin/com/tridium/gradle/plugins/grunt/GruntPlugin.java	6	other:2;placeholder-syntax:4	n-plugin/com/tridium/gradle/plugins/grunt/GruntPlugin.java:80: error: illegal start of expression	no-compile	no-compile	0	0	0	0	0	0	
n-plugin:com/tridium/gradle/plugins/grunt/GruntPlugin.kt:166	n-plugin	com/tridium/gradle/plugins/grunt/GruntPlugin	configureTask	(Lcom/tridium/gradle/plugins/grunt/task/GruntCiTask;Ljava/lang/String;Lorg/gradle/api/provider/Provider;Lorg/gradle/api/provider/Provider;Ljava/lang/String;)V	_evidence/b125/java-mode/n-plugin/com/tridium/gradle/plugins/grunt/GruntPlugin.java	6	other:2;placeholder-syntax:4	n-plugin/com/tridium/gradle/plugins/grunt/GruntPlugin.java:80: error: illegal start of expression	no-compile	no-compile	0	0	0	0	0	0	
n-plugin:com/tridium/gradle/plugins/grunt/util/GruntOptions.kt:class	n-plugin	com/tridium/gradle/plugins/grunt/util/GruntOptions	*	*	_evidence/b125/java-mode/n-plugin/com/tridium/gradle/plugins/grunt/util/GruntOptions.java	0			class:compiles-mismatch	compiles-mismatch	6	1	1	0	3	1	
n-plugin:com/tridium/gradle/plugins/grunt/util/JsonSerializable.kt:50	n-plugin	com/tridium/gradle/plugins/grunt/util/JsonSerializable	withJson	(Ljava/lang/String;)V	_evidence/b125/java-mode/n-plugin/com/tridium/gradle/plugins/grunt/util/JsonSerializable.java	3	anon-not-implementing:2;companion-ctor:1	n-plugin/com/tridium/gradle/plugins/grunt/util/JsonSerializable.java:73: error: constructor Companion in class Companion cannot be applied to given types;	no-compile	no-compile	0	0	0	0	0	0	
n-plugin:com/tridium/gradle/plugins/grunt/util/JsonSerializable.kt:77	n-plugin	com/tridium/gradle/plugins/grunt/util/JsonSerializable	withJson	(Lorg/gradle/api/provider/Provider;)V	_evidence/b125/java-mode/n-plugin/com/tridium/gradle/plugins/grunt/util/JsonSerializable.java	3	anon-not-implementing:2;companion-ctor:1	n-plugin/com/tridium/gradle/plugins/grunt/util/JsonSerializable.java:73: error: constructor Companion in class Companion cannot be applied to given types;	no-compile	no-compile	0	0	0	0	0	0	
n-plugin:com/tridium/gradle/plugins/grunt/util/KarmaConfig.kt:class	n-plugin	com/tridium/gradle/plugins/grunt/util/KarmaConfig	*	*	_evidence/b125/java-mode/n-plugin/com/tridium/gradle/plugins/grunt/util/KarmaConfig.java	0			class:compiles-mismatch	compiles-mismatch	12	3	3	0	3	3	
n-plugin:com/tridium/gradle/plugins/jacoco/NiagaraJacocoPlugin.kt:14	n-plugin	com/tridium/gradle/plugins/jacoco/NiagaraJacocoPlugin	apply	(Lorg/gradle/api/Project;)V	_evidence/b125/java-mode/n-plugin/com/tridium/gradle/plugins/jacoco/NiagaraJacocoPlugin.java	8	placeholder-syntax:8	n-plugin/com/tridium/gradle/plugins/jacoco/NiagaraJacocoPlugin.java:48: error: illegal start of expression	no-compile	no-compile	0	0	0	0	0	0	
n-plugin:com/tridium/gradle/plugins/jacoco/NiagaraJacocoPluginKt.kt:19	n-plugin	com/tridium/gradle/plugins/jacoco/NiagaraJacocoPluginKt	configureJacoco	(Lcom/tridium/gradle/plugins/niagara/task/RunNiagaraTestTask;)V	_evidence/b125/java-mode/n-plugin/com/tridium/gradle/plugins/jacoco/NiagaraJacocoPluginKt.java	4	placeholder-syntax:4	n-plugin/com/tridium/gradle/plugins/jacoco/NiagaraJacocoPluginKt.java:102: error: illegal start of expression	no-compile	no-compile	0	0	0	0	0	0	
n-plugin:com/tridium/gradle/plugins/java/NiagaraJavaPlugin.kt:8	n-plugin	com/tridium/gradle/plugins/java/NiagaraJavaPlugin	apply	(Lorg/gradle/api/Project;)V	_evidence/b125/java-mode/n-plugin/com/tridium/gradle/plugins/java/NiagaraJavaPlugin.java	10	anon-not-implementing:2;incompatible-types:8	n-plugin/com/tridium/gradle/plugins/java/NiagaraJavaPlugin.java:50: error: <anonymous com.tridium.gradle.plugins.java.NiagaraJavaPlugin$1> is not abstract and does not override abstract method execute	no-compile	no-compile	0	0	0	0	0	0	
n-plugin:com/tridium/gradle/plugins/module/NiagaraAnnotationProcessorsPlugin.kt:8	n-plugin	com/tridium/gradle/plugins/module/NiagaraAnnotationProcessorsPlugin	apply	(Lorg/gradle/api/Project;)V	_evidence/b125/java-mode/n-plugin/com/tridium/gradle/plugins/module/NiagaraAnnotationProcessorsPlugin.java	4	other:2;placeholder-syntax:2	n-plugin/com/tridium/gradle/plugins/module/NiagaraAnnotationProcessorsPlugin.java:59: error: illegal start of expression	no-compile	no-compile	0	0	0	0	0	0	
n-plugin:com/tridium/gradle/plugins/module/NiagaraModularityPlugin.kt:31	n-plugin	com/tridium/gradle/plugins/module/NiagaraModularityPlugin	apply	(Lorg/gradle/api/Project;)V	_evidence/b125/java-mode/n-plugin/com/tridium/gradle/plugins/module/NiagaraModularityPlugin.java	20	anon-not-implementing:4;incompatible-types:2;synthetic-symbol:14	n-plugin/com/tridium/gradle/plugins/module/NiagaraModularityPlugin.java:113: error: <anonymous com.tridium.gradle.plugins.module.NiagaraModularityPlugin$1> is not abstract and does not override abstra	no-compile	no-compile	0	0	0	0	0	0	
n-plugin:com/tridium/gradle/plugins/module/NiagaraModulePlugin.kt:56	n-plugin	com/tridium/gradle/plugins/module/NiagaraModulePlugin	apply	(Lorg/gradle/api/Project;)V	_evidence/b125/java-mode/n-plugin/com/tridium/gradle/plugins/module/NiagaraModulePlugin.java	37	other:1;placeholder-syntax:36	n-plugin/com/tridium/gradle/plugins/module/NiagaraModulePlugin.java:224: error: illegal start of expression	no-compile	no-compile	0	0	0	0	0	0	
n-plugin:com/tridium/gradle/plugins/module/NiagaraModulePlugin.kt:960	n-plugin	com/tridium/gradle/plugins/module/NiagaraModulePlugin	configureIdeaPlugin	(Lorg/gradle/api/Project;Lorg/gradle/api/tasks/SourceSet;)V	_evidence/b125/java-mode/n-plugin/com/tridium/gradle/plugins/module/NiagaraModulePlugin.java	37	other:1;placeholder-syntax:36	n-plugin/com/tridium/gradle/plugins/module/NiagaraModulePlugin.java:224: error: illegal start of expression	no-compile	no-compile	0	0	0	0	0	0	
n-plugin:com/tridium/gradle/plugins/module/NiagaraModulePlugin.kt:1020	n-plugin	com/tridium/gradle/plugins/module/NiagaraModulePlugin	createModuleManifestElementsConfiguration	(Lorg/gradle/api/artifacts/ConfigurationContainer;Lorg/gradle/api/model/ObjectFactory;Ljava/lang/String;Lorg/gradle/api/tasks/TaskProvider;Ljava/lang/String;)Lorg/gradle/api/artifacts/Configuration;	_evidence/b125/java-mode/n-plugin/com/tridium/gradle/plugins/module/NiagaraModulePlugin.java	37	other:1;placeholder-syntax:36	n-plugin/com/tridium/gradle/plugins/module/NiagaraModulePlugin.java:224: error: illegal start of expression	no-compile	no-compile	0	0	0	0	0	0	
n-plugin:com/tridium/gradle/plugins/module/NiagaraModulePlugin.kt:276	n-plugin	com/tridium/gradle/plugins/module/NiagaraModulePlugin	registerModuleTasks	(Lorg/gradle/api/Project;Lorg/gradle/api/tasks/SourceSet;Lorg/gradle/api/tasks/SourceSet;)V	_evidence/b125/java-mode/n-plugin/com/tridium/gradle/plugins/module/NiagaraModulePlugin.java	37	other:1;placeholder-syntax:36	n-plugin/com/tridium/gradle/plugins/module/NiagaraModulePlugin.java:224: error: illegal start of expression	no-compile	no-compile	0	0	0	0	0	0	
n-plugin:com/tridium/gradle/plugins/module/NiagaraModulePlugin.kt:889	n-plugin	com/tridium/gradle/plugins/module/NiagaraModulePlugin	registerNiagaraTestTasks	(Lorg/gradle/api/Project;Lorg/gradle/api/tasks/SourceSet;)V	_evidence/b125/java-mode/n-plugin/com/tridium/gradle/plugins/module/NiagaraModulePlugin.java	37	other:1;placeholder-syntax:36	n-plugin/com/tridium/gradle/plugins/module/NiagaraModulePlugin.java:224: error: illegal start of expression	no-compile	no-compile	0	0	0	0	0	0	
n-plugin:com/tridium/gradle/plugins/natives/NativeAggregationExtension.kt:22	n-plugin	com/tridium/gradle/plugins/natives/NativeAggregationExtension	fromPlatform	(Ljava/lang/String;)V	_evidence/b125/java-mode/n-plugin/com/tridium/gradle/plugins/natives/NativeAggregationExtension.java	2	placeholder-syntax:2	n-plugin/com/tridium/gradle/plugins/natives/NativeAggregationExtension.java:78: error: illegal start of expression	no-compile	no-compile	0	0	0	0	0	0	
n-plugin:com/tridium/gradle/plugins/natives/NativeAggregationPlugin.kt:17	n-plugin	com/tridium/gradle/plugins/natives/NativeAggregationPlugin	apply	(Lorg/gradle/api/Project;)V	_evidence/b125/java-mode/n-plugin/com/tridium/gradle/plugins/natives/NativeAggregationPlugin.java	2	placeholder-syntax:2	n-plugin/com/tridium/gradle/plugins/natives/NativeAggregationPlugin.java:52: error: illegal start of expression	no-compile	no-compile	0	0	0	0	0	0	
n-plugin:com/tridium/gradle/plugins/natives/NiagaraNativePlugin.kt:19	n-plugin	com/tridium/gradle/plugins/natives/NiagaraNativePlugin	apply	(Lorg/gradle/api/Project;)V	_evidence/b125/java-mode/n-plugin/com/tridium/gradle/plugins/natives/NiagaraNativePlugin.java	11	other:1;placeholder-syntax:10	n-plugin/com/tridium/gradle/plugins/natives/NiagaraNativePlugin.java:117: error: illegal start of expression	no-compile	no-compile	0	0	0	0	0	0	
n-plugin:com/tridium/gradle/plugins/natives/NiagaraNativePlugin.kt:250	n-plugin	com/tridium/gradle/plugins/natives/NiagaraNativePlugin	createIncludePathConfiguration	(Lorg/gradle/api/Project;Lcom/tridium/gradle/plugins/natives/Os;)V	_evidence/b125/java-mode/n-plugin/com/tridium/gradle/plugins/natives/NiagaraNativePlugin.java	11	other:1;placeholder-syntax:10	n-plugin/com/tridium/gradle/plugins/natives/NiagaraNativePlugin.java:117: error: illegal start of expression	no-compile	no-compile	0	0	0	0	0	0	
n-plugin:com/tridium/gradle/plugins/natives/NiagaraNativePlugin.kt:203	n-plugin	com/tridium/gradle/plugins/natives/NiagaraNativePlugin	createNativeApiElementsConfiguration	(Lorg/gradle/api/Project;Lorg/gradle/api/provider/Provider;Lcom/tridium/gradle/plugins/natives/Os;)V	_evidence/b125/java-mode/n-plugin/com/tridium/gradle/plugins/natives/NiagaraNativePlugin.java	11	other:1;placeholder-syntax:10	n-plugin/com/tridium/gradle/plugins/natives/NiagaraNativePlugin.java:117: error: illegal start of expression	no-compile	no-compile	0	0	0	0	0	0	
n-plugin:com/tridium/gradle/plugins/natives/NiagaraNativePluginKt.kt:150	n-plugin	com/tridium/gradle/plugins/natives/NiagaraNativePluginKt	createBinaryConsumerConfigurations	(Lorg/gradle/api/Project;Lcom/tridium/gradle/plugins/natives/NiagaraNativePlatform;)V	_evidence/b125/java-mode/n-plugin/com/tridium/gradle/plugins/natives/NiagaraNativePluginKt.java	2	placeholder-syntax:2	n-plugin/com/tridium/gradle/plugins/natives/NiagaraNativePluginKt.java:142: error: illegal start of expression	no-compile	no-compile	0	0	0	0	0	0	
n-plugin:com/tridium/gradle/plugins/natives/NiagaraNativePluginKt.kt:77	n-plugin	com/tridium/gradle/plugins/natives/NiagaraNativePluginKt	createBinaryProducerConfigurations	(Lorg/gradle/api/Project;Lcom/tridium/gradle/plugins/natives/NiagaraNativePlatform;)V	_evidence/b125/java-mode/n-plugin/com/tridium/gradle/plugins/natives/NiagaraNativePluginKt.java	2	placeholder-syntax:2	n-plugin/com/tridium/gradle/plugins/natives/NiagaraNativePluginKt.java:142: error: illegal start of expression	no-compile	no-compile	0	0	0	0	0	0	
n-plugin:com/tridium/gradle/plugins/natives/NiagaraNativePluginKt.kt:42	n-plugin	com/tridium/gradle/plugins/natives/NiagaraNativePluginKt	createLinkPathConfiguration	(Lorg/gradle/api/Project;Lcom/tridium/gradle/plugins/natives/NiagaraNativePlatform;)V	_evidence/b125/java-mode/n-plugin/com/tridium/gradle/plugins/natives/NiagaraNativePluginKt.java	2	placeholder-syntax:2	n-plugin/com/tridium/gradle/plugins/natives/NiagaraNativePluginKt.java:142: error: illegal start of expression	no-compile	no-compile	0	0	0	0	0	0	
n-plugin:com/tridium/gradle/plugins/natives/NiagaraNativePluginKt.kt:7	n-plugin	com/tridium/gradle/plugins/natives/NiagaraNativePluginKt	createRuntimeElementsConfiguration	(Lorg/gradle/api/Project;Lcom/tridium/gradle/plugins/natives/NiagaraNativePlatform;)V	_evidence/b125/java-mode/n-plugin/com/tridium/gradle/plugins/natives/NiagaraNativePluginKt.java	2	placeholder-syntax:2	n-plugin/com/tridium/gradle/plugins/natives/NiagaraNativePluginKt.java:142: error: illegal start of expression	no-compile	no-compile	0	0	0	0	0	0	
n-plugin:com/tridium/gradle/plugins/natives/RootProjectNiagaraNativePlugin.kt:13	n-plugin	com/tridium/gradle/plugins/natives/RootProjectNiagaraNativePlugin	apply	(Lorg/gradle/api/Project;)V	_evidence/b125/java-mode/n-plugin/com/tridium/gradle/plugins/natives/RootProjectNiagaraNativePlugin.java	4	placeholder-syntax:4	n-plugin/com/tridium/gradle/plugins/natives/RootProjectNiagaraNativePlugin.java:55: error: illegal start of expression	no-compile	no-compile	0	0	0	0	0	0	
n-plugin:com/tridium/gradle/plugins/natives/command/NativeCommand.kt:119	n-plugin	com/tridium/gradle/plugins/natives/command/NativeCommand	execute	(Ljava/lang/String;Ljava/util/List;)V	_evidence/b125/java-mode/n-plugin/com/tridium/gradle/plugins/natives/command/NativeCommand.java	10	anon-not-implementing:1;companion-ctor:1;incompatible-types:5;synthetic-class-reference:1;synthetic-symbol:2	n-plugin/com/tridium/gradle/plugins/natives/command/NativeCommand.java:175: error: constructor Companion in class Companion cannot be applied to given types;	no-compile	no-compile	0	0	0	0	0	0	
n-plugin:com/tridium/gradle/plugins/natives/command/Win32Command.kt:149	n-plugin	com/tridium/gradle/plugins/natives/command/Win32Command	sign$n_plugin	()V	_evidence/b125/java-mode/n-plugin/com/tridium/gradle/plugins/natives/command/Win32Command.java	2	placeholder-syntax:2	n-plugin/com/tridium/gradle/plugins/natives/command/Win32Command.java:364: error: > or ',' expected	no-compile	no-compile	0	0	0	0	0	0	
n-plugin:com/tridium/gradle/plugins/natives/extension/DefaultNiagaraNativeExtension.kt:179	n-plugin	com/tridium/gradle/plugins/natives/extension/DefaultNiagaraNativeExtension	registerTaskForNativePlatform	(Lorg/gradle/api/Project;Lcom/tridium/gradle/plugins/natives/NiagaraNativePlatform;Lcom/tridium/gradle/plugins/natives/source/RootNativeSource;)Lorg/gradle/api/tasks/TaskProvider;	_evidence/b125/java-mode/n-plugin/com/tridium/gradle/plugins/natives/extension/DefaultNiagaraNativeExtension.java	12	placeholder-syntax:12	n-plugin/com/tridium/gradle/plugins/natives/extension/DefaultNiagaraNativeExtension.java:536: error: illegal start of expression	no-compile	no-compile	0	0	0	0	0	0	
n-plugin:com/tridium/gradle/plugins/natives/extension/DefaultNiagaraNativeExtension.kt:98	n-plugin	com/tridium/gradle/plugins/natives/extension/DefaultNiagaraNativeExtension	useJvmToolchain	(Lorg/gradle/api/Action;)V	_evidence/b125/java-mode/n-plugin/com/tridium/gradle/plugins/natives/extension/DefaultNiagaraNativeExtension.java	12	placeholder-syntax:12	n-plugin/com/tridium/gradle/plugins/natives/extension/DefaultNiagaraNativeExtension.java:536: error: illegal start of expression	no-compile	no-compile	0	0	0	0	0	0	
n-plugin:com/tridium/gradle/plugins/natives/extension/DefaultNiagaraNativeExtension.kt:46	n-plugin	com/tridium/gradle/plugins/natives/extension/DefaultNiagaraNativeExtension	useJvmToolchain	(Lorg/gradle/jvm/toolchain/JavaToolchainSpec;)V	_evidence/b125/java-mode/n-plugin/com/tridium/gradle/plugins/natives/extension/DefaultNiagaraNativeExtension.java	12	placeholder-syntax:12	n-plugin/com/tridium/gradle/plugins/natives/extension/DefaultNiagaraNativeExtension.java:536: error: illegal start of expression	no-compile	no-compile	0	0	0	0	0	0	
n-plugin:com/tridium/gradle/plugins/natives/extension/DefaultNiagaraNativeExtension.kt:322	n-plugin	com/tridium/gradle/plugins/natives/extension/DefaultNiagaraNativeExtension$NativePlatformFactory	create	(Ljava/lang/String;)Lcom/tridium/gradle/plugins/natives/NiagaraNativePlatform;	_evidence/b125/java-mode/n-plugin/com/tridium/gradle/plugins/natives/extension/DefaultNiagaraNativeExtension.java	12	placeholder-syntax:12	n-plugin/com/tridium/gradle/plugins/natives/extension/DefaultNiagaraNativeExtension.java:536: error: illegal start of expression	no-compile	no-compile	0	0	0	0	0	0	
n-plugin:com/tridium/gradle/plugins/natives/extension/DefaultNiagaraNativeExtensionKt.kt:9	n-plugin	com/tridium/gradle/plugins/natives/extension/DefaultNiagaraNativeExtensionKt	asCopyAction	(Lorg/gradle/api/NamedDomainObjectContainer;)Lorg/gradle/api/Action;	_evidence/b125/java-mode/n-plugin/com/tridium/gradle/plugins/natives/extension/DefaultNiagaraNativeExtensionKt.java	5	anon-not-implementing:2;synthetic-symbol:3	n-plugin/com/tridium/gradle/plugins/natives/extension/DefaultNiagaraNativeExtensionKt.java:37: error: <anonymous com.tridium.gradle.plugins.natives.extension.DefaultNiagaraNativeExtensionKt$1> is not 	no-compile	no-compile	0	0	0	0	0	0	
n-plugin:com/tridium/gradle/plugins/niagara/RootProjectNiagaraPlugin.kt:15	n-plugin	com/tridium/gradle/plugins/niagara/RootProjectNiagaraPlugin	apply	(Lorg/gradle/api/Project;)V	_evidence/b125/java-mode/n-plugin/com/tridium/gradle/plugins/niagara/RootProjectNiagaraPlugin.java	18	anon-not-implementing:7;classpath-missing:3;companion-ctor:1;incompatible-types:6;synthetic-class-reference:1	n-plugin/com/tridium/gradle/plugins/niagara/RootProjectNiagaraPlugin.java:54: error: constructor Companion in class Companion cannot be applied to given types;	no-compile	no-compile	0	0	0	0	0	0	
n-plugin:com/tridium/gradle/plugins/niagara/SettingsNiagaraPlugin.kt:11	n-plugin	com/tridium/gradle/plugins/niagara/SettingsNiagaraPlugin	apply	(Lorg/gradle/api/initialization/Settings;)V	_evidence/b125/java-mode/n-plugin/com/tridium/gradle/plugins/niagara/SettingsNiagaraPlugin.java	4	anon-not-implementing:4	n-plugin/com/tridium/gradle/plugins/niagara/SettingsNiagaraPlugin.java:44: error: <anonymous com.tridium.gradle.plugins.niagara.SettingsNiagaraPlugin$1> is not abstract and does not override abstract 	no-compile	no-compile	0	0	0	0	0	0	
n-plugin:com/tridium/gradle/plugins/node/YarnWorkspaceAggregationPlugin.kt:14	n-plugin	com/tridium/gradle/plugins/node/YarnWorkspaceAggregationPlugin	apply	(Lorg/gradle/api/Project;)V	_evidence/b125/java-mode/n-plugin/com/tridium/gradle/plugins/node/YarnWorkspaceAggregationPlugin.java	2	placeholder-syntax:2	n-plugin/com/tridium/gradle/plugins/node/YarnWorkspaceAggregationPlugin.java:53: error: illegal start of expression	no-compile	no-compile	0	0	0	0	0	0	
n-plugin:com/tridium/gradle/plugins/node/YarnWorkspacePlugin.kt:10	n-plugin	com/tridium/gradle/plugins/node/YarnWorkspacePlugin	apply	(Lorg/gradle/api/Project;)V	_evidence/b125/java-mode/n-plugin/com/tridium/gradle/plugins/node/YarnWorkspacePlugin.java	2	placeholder-syntax:2	n-plugin/com/tridium/gradle/plugins/node/YarnWorkspacePlugin.java:92: error: illegal start of expression	no-compile	no-compile	0	0	0	0	0	0	
n-plugin:com/tridium/gradle/plugins/node/task/CheckNodeInstalled.kt:108	n-plugin	com/tridium/gradle/plugins/node/task/CheckNodeInstalled	findNodeVersion	()Ljava/lang/String;	_evidence/b125/java-mode/n-plugin/com/tridium/gradle/plugins/node/task/CheckNodeInstalled.java	11	placeholder-syntax:11	n-plugin/com/tridium/gradle/plugins/node/task/CheckNodeInstalled.java:140: error: illegal start of expression	no-compile	no-compile	0	0	0	0	0	0	
n-plugin:com/tridium/gradle/plugins/node/task/CheckNodePackageGloballyInstalled.kt:56	n-plugin	com/tridium/gradle/plugins/node/task/CheckNodePackageGloballyInstalled	findPackage	()Z	_evidence/b125/java-mode/n-plugin/com/tridium/gradle/plugins/node/task/CheckNodePackageGloballyInstalled.java	16	placeholder-syntax:16	n-plugin/com/tridium/gradle/plugins/node/task/CheckNodePackageGloballyInstalled.java:134: error: illegal start of expression	no-compile	no-compile	0	0	0	0	0	0	
n-plugin:com/tridium/gradle/plugins/node/task/JavaScriptTaskKt.kt:7	n-plugin	com/tridium/gradle/plugins/node/task/JavaScriptTaskKt	wireSkipJsConvention	(Lcom/tridium/gradle/plugins/node/task/IJavaScriptTask;Lorg/gradle/api/provider/ProviderFactory;)V	_evidence/b125/java-mode/n-plugin/com/tridium/gradle/plugins/node/task/JavaScriptTaskKt.java	1	anon-not-implementing:1	n-plugin/com/tridium/gradle/plugins/node/task/JavaScriptTaskKt.java:34: error: <anonymous com.tridium.gradle.plugins.node.task.JavaScriptTaskKt$1> is not abstract and does not override abstract method	no-compile	no-compile	0	0	0	0	0	0	
n-plugin:com/tridium/gradle/plugins/node/task/WriteWorkspacePackageJson.kt:44	n-plugin	com/tridium/gradle/plugins/node/task/WriteWorkspacePackageJson	writePackageJson	()V	_evidence/b125/java-mode/n-plugin/com/tridium/gradle/plugins/node/task/WriteWorkspacePackageJson.java	2	anon-not-implementing:1;synthetic-symbol:1	n-plugin/com/tridium/gradle/plugins/node/task/WriteWorkspacePackageJson.java:134: error: <anonymous com.tridium.gradle.plugins.node.task.WriteWorkspacePackageJson$1> is not abstract and does not overr	no-compile	no-compile	0	0	0	0	0	0	
n-plugin:com/tridium/gradle/plugins/signing/RootProjectSigningPlugin.kt:16	n-plugin	com/tridium/gradle/plugins/signing/RootProjectSigningPlugin	apply	(Lorg/gradle/api/Project;)V	_evidence/b125/java-mode/n-plugin/com/tridium/gradle/plugins/signing/RootProjectSigningPlugin.java	2	placeholder-syntax:2	n-plugin/com/tridium/gradle/plugins/signing/RootProjectSigningPlugin.java:99: error: illegal start of expression	no-compile	no-compile	0	0	0	0	0	0	
n-plugin:com/tridium/gradle/plugins/signing/SignedJarPlugin.kt:18	n-plugin	com/tridium/gradle/plugins/signing/SignedJarPlugin	apply	(Lorg/gradle/api/Project;)V	_evidence/b125/java-mode/n-plugin/com/tridium/gradle/plugins/signing/SignedJarPlugin.java	6	placeholder-syntax:6	n-plugin/com/tridium/gradle/plugins/signing/SignedJarPlugin.java:113: error: illegal start of expression	no-compile	no-compile	0	0	0	0	0	0	
n-plugin:com/tridium/gradle/plugins/signing/SignedJarPlugin.kt:102	n-plugin	com/tridium/gradle/plugins/signing/SignedJarPlugin	registerConfigurationForSignedArtifacts	(Lorg/gradle/api/model/ObjectFactory;Lorg/gradle/api/artifacts/ConfigurationContainer;Lorg/gradle/api/tasks/TaskProvider;)V	_evidence/b125/java-mode/n-plugin/com/tridium/gradle/plugins/signing/SignedJarPlugin.java	6	placeholder-syntax:6	n-plugin/com/tridium/gradle/plugins/signing/SignedJarPlugin.java:113: error: illegal start of expression	no-compile	no-compile	0	0	0	0	0	0	
n-plugin:com/tridium/gradle/plugins/signing/SignedJarPluginKt.kt:7	n-plugin	com/tridium/gradle/plugins/signing/SignedJarPluginKt	addAttributesForSignedJars	(Lorg/gradle/api/artifacts/Configuration;Lorg/gradle/api/model/ObjectFactory;I)V	_evidence/b125/java-mode/n-plugin/com/tridium/gradle/plugins/signing/SignedJarPluginKt.java	1	anon-not-implementing:1	n-plugin/com/tridium/gradle/plugins/signing/SignedJarPluginKt.java:38: error: <anonymous com.tridium.gradle.plugins.signing.SignedJarPluginKt$1> is not abstract and does not override abstract method e	no-compile	no-compile	0	0	0	0	0	0	
n-plugin:com/tridium/gradle/plugins/signing/SigningPlugin.kt:27	n-plugin	com/tridium/gradle/plugins/signing/SigningPlugin	apply	(Lorg/gradle/api/Project;)V	_evidence/b125/java-mode/n-plugin/com/tridium/gradle/plugins/signing/SigningPlugin.java	2	placeholder-syntax:2	n-plugin/com/tridium/gradle/plugins/signing/SigningPlugin.java:76: error: illegal start of expression	no-compile	no-compile	0	0	0	0	0	0	
n-plugin:com/tridium/gradle/plugins/signing/SigningProfileFactory.kt:class	n-plugin	com/tridium/gradle/plugins/signing/SigningProfileFactory	*	*	_evidence/b125/java-mode/n-plugin/com/tridium/gradle/plugins/signing/SigningProfileFactory.java	3	anon-not-implementing:1;companion-ctor:1;other:1	n-plugin/com/tridium/gradle/plugins/signing/SigningProfileFactory.java:91: error: constructor Companion in class Companion cannot be applied to given types;	no-compile	no-compile	0	0	0	0	0	0	
n-plugin:com/tridium/gradle/plugins/signing/profile/JarSignerSigningProfile.kt:72	n-plugin	com/tridium/gradle/plugins/signing/profile/JarSignerSigningProfile$JarSignerArchiveFileSigner	doSignFile	(Ljava/lang/Iterable;Ljava/nio/file/Path;Ljava/nio/file/Path;Ljava/lang/String;)V	_evidence/b125/java-mode/n-plugin/com/tridium/gradle/plugins/signing/profile/JarSignerSigningProfile.java	13	anon-not-implementing:1;classpath-missing:8;other:1;synthetic-class-reference:1;synthetic-symbol:2	n-plugin/com/tridium/gradle/plugins/signing/profile/JarSignerSigningProfile.java:24: error: package org.apache.commons.configuration2 does not exist	no-compile	no-compile	0	0	0	0	0	0	
n-plugin:com/tridium/gradle/plugins/signing/profile/LocalSigningProfile.kt:class	n-plugin	com/tridium/gradle/plugins/signing/profile/LocalSigningProfile	*	*	_evidence/b125/java-mode/n-plugin/com/tridium/gradle/plugins/signing/profile/LocalSigningProfile.java	100	classpath-missing:75;companion-ctor:1;incompatible-types:2;other:1;synthetic-symbol:4	n-plugin/com/tridium/gradle/plugins/signing/profile/LocalSigningProfile.java:52: error: package org.bouncycastle.asn1 does not exist	no-compile	no-compile	0	0	0	0	0	0	
n-plugin:com/tridium/gradle/plugins/signing/profile/SigningProfileProperties.kt:34	n-plugin	com/tridium/gradle/plugins/signing/profile/SigningProfileProperties	getExpander	()Lcom/tridium/tools/util/java/TextExpander;	_evidence/b125/java-mode/n-plugin/com/tridium/gradle/plugins/signing/profile/SigningProfileProperties.java	14	anon-not-implementing:2;companion-ctor:1;incompatible-types:2;other:2;synthetic-symbol:7	n-plugin/com/tridium/gradle/plugins/signing/profile/SigningProfileProperties.java:75: error: constructor Companion in class Companion cannot be applied to given types;	no-compile	no-compile	0	0	0	0	0	0	
n-plugin:com/tridium/gradle/plugins/signing/profile/SigningProfileProperties.kt:115	n-plugin	com/tridium/gradle/plugins/signing/profile/SigningProfileProperties	getProperty	(Ljava/lang/String;Ljava/lang/Object;Lcom/tridium/tools/util/java/TextExpander;)Ljava/lang/Object;	_evidence/b125/java-mode/n-plugin/com/tridium/gradle/plugins/signing/profile/SigningProfileProperties.java	14	anon-not-implementing:2;companion-ctor:1;incompatible-types:2;other:2;synthetic-symbol:7	n-plugin/com/tridium/gradle/plugins/signing/profile/SigningProfileProperties.java:75: error: constructor Companion in class Companion cannot be applied to given types;	no-compile	no-compile	0	0	0	0	0	0	
n-plugin:com/tridium/gradle/plugins/signing/profile/SigningProfileProperties.kt:115	n-plugin	com/tridium/gradle/plugins/signing/profile/SigningProfileProperties	getProperty	(Ljava/lang/String;Ljava/lang/Object;Lkotlin/jvm/functions/Function1;)Ljava/lang/Object;	_evidence/b125/java-mode/n-plugin/com/tridium/gradle/plugins/signing/profile/SigningProfileProperties.java	14	anon-not-implementing:2;companion-ctor:1;incompatible-types:2;other:2;synthetic-symbol:7	n-plugin/com/tridium/gradle/plugins/signing/profile/SigningProfileProperties.java:75: error: constructor Companion in class Companion cannot be applied to given types;	no-compile	no-compile	0	0	0	0	0	0	
n-plugin:com/tridium/gradle/plugins/task/MultipleZipExtract.kt:18	n-plugin	com/tridium/gradle/plugins/task/MultipleZipExtract	extract	()V	_evidence/b125/java-mode/n-plugin/com/tridium/gradle/plugins/task/MultipleZipExtract.java	1	anon-not-implementing:1	n-plugin/com/tridium/gradle/plugins/task/MultipleZipExtract.java:59: error: <anonymous com.tridium.gradle.plugins.task.MultipleZipExtract$1> is not abstract and does not override abstract method execu	no-compile	no-compile	0	0	0	0	0	0	
n-plugin:com/tridium/gradle/plugins/task/SignedTar.kt:class	n-plugin	com/tridium/gradle/plugins/task/SignedTar	*	*	_evidence/b125/java-mode/n-plugin/com/tridium/gradle/plugins/task/SignedTar.java	2	placeholder-syntax:2	n-plugin/com/tridium/gradle/plugins/task/SignedTar.java:74: error: illegal start of expression	no-compile	no-compile	0	0	0	0	0	0	
n-plugin:com/tridium/gradle/plugins/task/SignedZip.kt:class	n-plugin	com/tridium/gradle/plugins/task/SignedZip	*	*	_evidence/b125/java-mode/n-plugin/com/tridium/gradle/plugins/task/SignedZip.java	3	placeholder-syntax:3	n-plugin/com/tridium/gradle/plugins/task/SignedZip.java:73: error: illegal start of expression	no-compile	no-compile	0	0	0	0	0	0	
n-plugin:com/tridium/gradle/plugins/vendor/VendorExtension.kt:102	n-plugin	com/tridium/gradle/plugins/vendor/VendorExtension	defaultDistVersion	(Ljava/lang/String;)V	_evidence/b125/java-mode/n-plugin/com/tridium/gradle/plugins/vendor/VendorExtension.java	4	other:2;placeholder-syntax:2	n-plugin/com/tridium/gradle/plugins/vendor/VendorExtension.java:84: error: illegal start of expression	no-compile	no-compile	0	0	0	0	0	0	
n-plugin:com/tridium/gradle/plugins/vendor/VendorExtension.kt:16	n-plugin	com/tridium/gradle/plugins/vendor/VendorExtension	defaultGroup	(Ljava/lang/String;)V	_evidence/b125/java-mode/n-plugin/com/tridium/gradle/plugins/vendor/VendorExtension.java	4	other:2;placeholder-syntax:2	n-plugin/com/tridium/gradle/plugins/vendor/VendorExtension.java:84: error: illegal start of expression	no-compile	no-compile	0	0	0	0	0	0	
n-plugin:com/tridium/gradle/plugins/vendor/VendorExtension.kt:75	n-plugin	com/tridium/gradle/plugins/vendor/VendorExtension	defaultModuleVersion	(Ljava/lang/String;)V	_evidence/b125/java-mode/n-plugin/com/tridium/gradle/plugins/vendor/VendorExtension.java	4	other:2;placeholder-syntax:2	n-plugin/com/tridium/gradle/plugins/vendor/VendorExtension.java:84: error: illegal start of expression	no-compile	no-compile	0	0	0	0	0	0	
n-plugin:com/tridium/gradle/plugins/vendor/VendorExtension.kt:48	n-plugin	com/tridium/gradle/plugins/vendor/VendorExtension	defaultVendor	(Ljava/lang/String;)V	_evidence/b125/java-mode/n-plugin/com/tridium/gradle/plugins/vendor/VendorExtension.java	4	other:2;placeholder-syntax:2	n-plugin/com/tridium/gradle/plugins/vendor/VendorExtension.java:84: error: illegal start of expression	no-compile	no-compile	0	0	0	0	0	0	
settings:com/tridium/gradle/plugins/settings/MultiProjectPlugin.kt:12	settings	com/tridium/gradle/plugins/settings/MultiProjectPlugin	apply	(Lorg/gradle/api/initialization/Settings;)V	_evidence/b125/java-mode/settings/com/tridium/gradle/plugins/settings/MultiProjectPlugin.java	1	anon-not-implementing:1	settings/com/tridium/gradle/plugins/settings/MultiProjectPlugin.java:53: error: <anonymous com.tridium.gradle.plugins.settings.MultiProjectPlugin$1> is not abstract and does not override abstract meth	no-compile	no-compile	0	0	0	0	0	0	
settings:com/tridium/gradle/plugins/settings/java/JavaCompilerWarningsPlugin.kt:9	settings	com/tridium/gradle/plugins/settings/java/JavaCompilerWarningsPlugin	apply	(Lorg/gradle/api/Project;)V	_evidence/b125/java-mode/settings/com/tridium/gradle/plugins/settings/java/JavaCompilerWarningsPlugin.java	1	anon-not-implementing:1	settings/com/tridium/gradle/plugins/settings/java/JavaCompilerWarningsPlugin.java:35: error: <anonymous com.tridium.gradle.plugins.settings.java.JavaCompilerWarningsPlugin$1> is not abstract and does 	no-compile	no-compile	0	0	0	0	0	0	
utils:com/tridium/gradle/util/ConfigurationExtensionsKt.kt:8	utils	com/tridium/gradle/util/ConfigurationExtensionsKt	createBucketConfiguration	(Lorg/gradle/api/artifacts/ConfigurationContainer;Ljava/lang/String;Lorg/gradle/api/Action;)Lorg/gradle/api/artifacts/Configuration;	_evidence/b125/java-mode/utils/com/tridium/gradle/util/ConfigurationExtensionsKt.java	5	anon-not-implementing:4;synthetic-symbol:1	utils/com/tridium/gradle/util/ConfigurationExtensionsKt.java:44: error: <anonymous com.tridium.gradle.util.ConfigurationExtensionsKt$1> is not abstract and does not override abstract method execute(Ob	no-compile	no-compile	0	0	0	0	0	0	
utils:com/tridium/gradle/util/ConfigurationExtensionsKt.kt:82	utils	com/tridium/gradle/util/ConfigurationExtensionsKt	createConsumerConfiguration	(Lorg/gradle/api/artifacts/ConfigurationContainer;Ljava/lang/String;Lorg/gradle/api/Action;)Lorg/gradle/api/artifacts/Configuration;	_evidence/b125/java-mode/utils/com/tridium/gradle/util/ConfigurationExtensionsKt.java	5	anon-not-implementing:4;synthetic-symbol:1	utils/com/tridium/gradle/util/ConfigurationExtensionsKt.java:44: error: <anonymous com.tridium.gradle.util.ConfigurationExtensionsKt$1> is not abstract and does not override abstract method execute(Ob	no-compile	no-compile	0	0	0	0	0	0	
utils:com/tridium/gradle/util/ConfigurationExtensionsKt.kt:45	utils	com/tridium/gradle/util/ConfigurationExtensionsKt	createProducerConfiguration	(Lorg/gradle/api/artifacts/ConfigurationContainer;Ljava/lang/String;Lorg/gradle/api/Action;)Lorg/gradle/api/artifacts/Configuration;	_evidence/b125/java-mode/utils/com/tridium/gradle/util/ConfigurationExtensionsKt.java	5	anon-not-implementing:4;synthetic-symbol:1	utils/com/tridium/gradle/util/ConfigurationExtensionsKt.java:44: error: <anonymous com.tridium.gradle.util.ConfigurationExtensionsKt$1> is not abstract and does not override abstract method execute(Ob	no-compile	no-compile	0	0	0	0	0	0	
utils:com/tridium/gradle/util/ConfigurationExtensionsKt.kt:134	utils	com/tridium/gradle/util/ConfigurationExtensionsKt	createResolveConfiguration	(Lorg/gradle/api/artifacts/ConfigurationContainer;Ljava/lang/String;Ljava/lang/String;Lorg/gradle/api/Action;)Lcom/tridium/gradle/util/ResolveConfiguration;	_evidence/b125/java-mode/utils/com/tridium/gradle/util/ConfigurationExtensionsKt.java	5	anon-not-implementing:4;synthetic-symbol:1	utils/com/tridium/gradle/util/ConfigurationExtensionsKt.java:44: error: <anonymous com.tridium.gradle.util.ConfigurationExtensionsKt$1> is not abstract and does not override abstract method execute(Ob	no-compile	no-compile	0	0	0	0	0	0	
utils:com/tridium/gradle/util/ConfigurationExtensionsKt.kt:134	utils	com/tridium/gradle/util/ConfigurationExtensionsKt	createResolveConfiguration	(Lorg/gradle/api/artifacts/ConfigurationContainer;Ljava/lang/String;Lorg/gradle/api/Action;)Lcom/tridium/gradle/util/ResolveConfiguration;	_evidence/b125/java-mode/utils/com/tridium/gradle/util/ConfigurationExtensionsKt.java	5	anon-not-implementing:4;synthetic-symbol:1	utils/com/tridium/gradle/util/ConfigurationExtensionsKt.java:44: error: <anonymous com.tridium.gradle.util.ConfigurationExtensionsKt$1> is not abstract and does not override abstract method execute(Ob	no-compile	no-compile	0	0	0	0	0	0	
