wall_id	plugin_dump_instr	shipped_instr	dump_complete
n-conv-plugin:com/tridium/gradle/plugins/niagara/convention/NiagaraHomeRepositoriesPlugin.kt:8	19	19	yes
n-plugin:com/tridium/extensions/CopySpecExtensionsKt.kt:24	19	19	yes
n-plugin:com/tridium/extensions/CopySpecExtensionsKt.kt:59	20	20	yes
n-plugin:com/tridium/gradle/plugins/bajadoc/BajadocPlugin.kt:8	20	20	yes
n-plugin:com/tridium/gradle/plugins/bajadoc/task/Bajadoc.kt:97	46	46	yes
n-plugin:com/tridium/gradle/plugins/doc/BajadocModulePlugin.kt:12	56	56	yes
n-plugin:com/tridium/gradle/plugins/doc/NiagaraDocPlugin.kt:23	146	146	yes
n-plugin:com/tridium/gradle/plugins/doc/task/BajadocIndex.kt:39	124	124	yes
n-plugin:com/tridium/gradle/plugins/doc/task/HtmlDocTask.kt:38	58	58	yes
n-plugin:com/tridium/gradle/plugins/grunt/GruntPlugin.kt:18	133	133	yes
n-plugin:com/tridium/gradle/plugins/grunt/GruntPlugin.kt:166	50	50	yes
n-plugin:com/tridium/gradle/plugins/grunt/util/JsonSerializable.kt:50	12	12	yes
n-plugin:com/tridium/gradle/plugins/grunt/util/JsonSerializable.kt:77	12	12	yes
n-plugin:com/tridium/gradle/plugins/jacoco/NiagaraJacocoPlugin.kt:14	59	59	yes
n-plugin:com/tridium/gradle/plugins/jacoco/NiagaraJacocoPluginKt.kt:19	89	89	yes
n-plugin:com/tridium/gradle/plugins/java/NiagaraJavaPlugin.kt:8	20	20	yes
n-plugin:com/tridium/gradle/plugins/module/NiagaraAnnotationProcessorsPlugin.kt:8	20	20	yes
n-plugin:com/tridium/gradle/plugins/module/NiagaraModularityPlugin.kt:31	163	163	yes
n-plugin:com/tridium/gradle/plugins/module/NiagaraModulePlugin.kt:56	96	96	yes
n-plugin:com/tridium/gradle/plugins/module/NiagaraModulePlugin.kt:276	571	571	yes
n-plugin:com/tridium/gradle/plugins/module/NiagaraModulePlugin.kt:889	46	46	yes
n-plugin:com/tridium/gradle/plugins/module/NiagaraModulePlugin.kt:960	11	11	yes
n-plugin:com/tridium/gradle/plugins/module/NiagaraModulePlugin.kt:1020	11	11	yes
n-plugin:com/tridium/gradle/plugins/natives/NativeAggregationExtension.kt:22	21	21	yes
n-plugin:com/tridium/gradle/plugins/natives/NativeAggregationPlugin.kt:17	83	83	yes
n-plugin:com/tridium/gradle/plugins/natives/NiagaraNativePlugin.kt:19	169	169	yes
n-plugin:com/tridium/gradle/plugins/natives/NiagaraNativePlugin.kt:203	32	32	yes
n-plugin:com/tridium/gradle/plugins/natives/NiagaraNativePlugin.kt:250	31	31	yes
n-plugin:com/tridium/gradle/plugins/natives/NiagaraNativePluginKt.kt:7	20	20	yes
n-plugin:com/tridium/gradle/plugins/natives/NiagaraNativePluginKt.kt:42	20	20	yes
n-plugin:com/tridium/gradle/plugins/natives/NiagaraNativePluginKt.kt:77	58	58	yes
n-plugin:com/tridium/gradle/plugins/natives/NiagaraNativePluginKt.kt:150	33	33	yes
n-plugin:com/tridium/gradle/plugins/natives/RootProjectNiagaraNativePlugin.kt:13	82	82	yes
n-plugin:com/tridium/gradle/plugins/natives/command/NativeCommand.kt:119	23	23	yes
n-plugin:com/tridium/gradle/plugins/natives/command/Win32Command.kt:149	21	21	yes
n-plugin:com/tridium/gradle/plugins/natives/extension/DefaultNiagaraNativeExtension.kt:46	37	37	yes
n-plugin:com/tridium/gradle/plugins/natives/extension/DefaultNiagaraNativeExtension.kt:98	37	37	yes
n-plugin:com/tridium/gradle/plugins/natives/extension/DefaultNiagaraNativeExtension.kt:179	121	123	no
n-plugin:com/tridium/gradle/plugins/natives/extension/DefaultNiagaraNativeExtension.kt:322	45	45	yes
n-plugin:com/tridium/gradle/plugins/natives/extension/DefaultNiagaraNativeExtensionKt.kt:9	9	9	yes
n-plugin:com/tridium/gradle/plugins/niagara/RootProjectNiagaraPlugin.kt:15	231	231	yes
n-plugin:com/tridium/gradle/plugins/niagara/SettingsNiagaraPlugin.kt:11	54	54	yes
n-plugin:com/tridium/gradle/plugins/node/YarnWorkspaceAggregationPlugin.kt:14	76	76	yes
n-plugin:com/tridium/gradle/plugins/node/YarnWorkspacePlugin.kt:10	41	41	yes
n-plugin:com/tridium/gradle/plugins/node/task/CheckNodeInstalled.kt:108	55	55	yes
n-plugin:com/tridium/gradle/plugins/node/task/CheckNodePackageGloballyInstalled.kt:56	142	142	yes
n-plugin:com/tridium/gradle/plugins/node/task/JavaScriptTaskKt.kt:7	21	21	yes
n-plugin:com/tridium/gradle/plugins/node/task/WriteWorkspacePackageJson.kt:44	125	125	yes
n-plugin:com/tridium/gradle/plugins/signing/RootProjectSigningPlugin.kt:16	270	270	yes
n-plugin:com/tridium/gradle/plugins/signing/SignedJarPlugin.kt:18	69	69	yes
n-plugin:com/tridium/gradle/plugins/signing/SignedJarPlugin.kt:102	16	16	yes
n-plugin:com/tridium/gradle/plugins/signing/SignedJarPluginKt.kt:7	16	16	yes
n-plugin:com/tridium/gradle/plugins/signing/SigningPlugin.kt:27	175	175	yes
n-plugin:com/tridium/gradle/plugins/signing/profile/JarSignerSigningProfile.kt:72	113	113	yes
n-plugin:com/tridium/gradle/plugins/signing/profile/SigningProfileProperties.kt:34	11	11	yes
n-plugin:com/tridium/gradle/plugins/signing/profile/SigningProfileProperties.kt:115	19	85	no
n-plugin:com/tridium/gradle/plugins/task/MultipleZipExtract.kt:18	10	10	yes
n-plugin:com/tridium/gradle/plugins/vendor/VendorExtension.kt:16	17	17	yes
n-plugin:com/tridium/gradle/plugins/vendor/VendorExtension.kt:48	12	12	yes
n-plugin:com/tridium/gradle/plugins/vendor/VendorExtension.kt:75	12	12	yes
n-plugin:com/tridium/gradle/plugins/vendor/VendorExtension.kt:102	12	12	yes
settings:com/tridium/gradle/plugins/settings/MultiProjectPlugin.kt:12	54	54	yes
settings:com/tridium/gradle/plugins/settings/java/JavaCompilerWarningsPlugin.kt:9	20	20	yes
utils:com/tridium/gradle/util/ConfigurationExtensionsKt.kt:8	22	22	yes
utils:com/tridium/gradle/util/ConfigurationExtensionsKt.kt:45	22	22	yes
utils:com/tridium/gradle/util/ConfigurationExtensionsKt.kt:82	22	22	yes
utils:com/tridium/gradle/util/ConfigurationExtensionsKt.kt:134	35	35	yes
