wall_id	jar	cls	method	desc	kt_file	kt_line	exc	frame	constructs	note
n-conv-plugin:com/tridium/gradle/plugins/niagara/convention/NiagaraHomeRepositoriesPlugin.kt:8	n-conv-plugin	com/tridium/gradle/plugins/niagara/convention/NiagaraHomeRepositoriesPlugin	apply	(Lorg/gradle/api/Project;)V	com/tridium/gradle/plugins/niagara/convention/NiagaraHomeRepositoriesPlugin.kt	8	java.lang.IllegalStateException: Anonymous class does not have Class Kotlin metadata	org.vineflower.kotlin.KotlinWriter.writeClassDefinition(KotlinWriter.java:742)	new-anonymous-class,inline-lambda-body	
n-plugin:com/tridium/extensions/CopySpecExtensionsKt.kt:59	n-plugin	com/tridium/extensions/CopySpecExtensionsKt	fromDists	(Lorg/gradle/api/file/CopySpec;Lorg/gradle/api/file/FileCollection;ZLorg/gradle/api/Action;)V	com/tridium/extensions/CopySpecExtensionsKt.kt	59	java.lang.IllegalStateException: Anonymous class does not have Class Kotlin metadata	org.vineflower.kotlin.KotlinWriter.writeClassDefinition(KotlinWriter.java:742)	new-anonymous-class	
n-plugin:com/tridium/extensions/CopySpecExtensionsKt.kt:24	n-plugin	com/tridium/extensions/CopySpecExtensionsKt	fromModules	(Lorg/gradle/api/file/CopySpec;Lorg/gradle/api/artifacts/Configuration;Lorg/gradle/api/Action;)V	com/tridium/extensions/CopySpecExtensionsKt.kt	24	java.lang.IllegalStateException: Anonymous class does not have Class Kotlin metadata	org.vineflower.kotlin.KotlinWriter.writeClassDefinition(KotlinWriter.java:742)	new-anonymous-class	
n-plugin:com/tridium/gradle/plugins/bajadoc/BajadocPlugin.kt:8	n-plugin	com/tridium/gradle/plugins/bajadoc/BajadocPlugin	apply	(Lorg/gradle/api/Project;)V	com/tridium/gradle/plugins/bajadoc/BajadocPlugin.kt	8	java.lang.IllegalStateException: Anonymous class does not have Class Kotlin metadata	org.vineflower.kotlin.KotlinWriter.writeClassDefinition(KotlinWriter.java:742)	new-anonymous-class,inline-lambda-body	
n-plugin:com/tridium/gradle/plugins/bajadoc/task/Bajadoc.kt:97	n-plugin	com/tridium/gradle/plugins/bajadoc/task/Bajadoc	wireConvention	(Lorg/gradle/api/Project;)V	com/tridium/gradle/plugins/bajadoc/task/Bajadoc.kt	97	java.lang.IllegalStateException: Anonymous class does not have Class Kotlin metadata	org.vineflower.kotlin.KotlinWriter.writeClassDefinition(KotlinWriter.java:742)	new-anonymous-class	
n-plugin:com/tridium/gradle/plugins/doc/BajadocModulePlugin.kt:12	n-plugin	com/tridium/gradle/plugins/doc/BajadocModulePlugin	apply	(Lorg/gradle/api/Project;)V	com/tridium/gradle/plugins/doc/BajadocModulePlugin.kt	12	java.lang.IllegalStateException: Anonymous class does not have Class Kotlin metadata	org.vineflower.kotlin.KotlinWriter.writeClassDefinition(KotlinWriter.java:742)	new-anonymous-class,inline-lambda-body,invokedynamic	
n-plugin:com/tridium/gradle/plugins/doc/NiagaraDocPlugin.kt:23	n-plugin	com/tridium/gradle/plugins/doc/NiagaraDocPlugin	apply	(Lorg/gradle/api/Project;)V	com/tridium/gradle/plugins/doc/NiagaraDocPlugin.kt	23	java.lang.IllegalStateException: Anonymous class does not have Class Kotlin metadata	org.vineflower.kotlin.KotlinWriter.writeClassDefinition(KotlinWriter.java:742)	new-anonymous-class,inline-fun-expansion,inline-lambda-body,invokedynamic	
n-plugin:com/tridium/gradle/plugins/doc/task/BajadocIndex.kt:39	n-plugin	com/tridium/gradle/plugins/doc/task/BajadocIndex	generateIndex	()V	com/tridium/gradle/plugins/doc/task/BajadocIndex.kt	39	java.lang.IllegalStateException: Anonymous class does not have Class Kotlin metadata	org.vineflower.kotlin.KotlinWriter.writeClassDefinition(KotlinWriter.java:742)	new-anonymous-class,inline-fun-expansion,inline-lambda-body,use-closeFinally,object-instance	
n-plugin:com/tridium/gradle/plugins/doc/task/HtmlDocTask.kt:38	n-plugin	com/tridium/gradle/plugins/doc/task/HtmlDocTask	process	()V	com/tridium/gradle/plugins/doc/task/HtmlDocTask.kt	38	java.lang.IllegalStateException: Anonymous class does not have Class Kotlin metadata	org.vineflower.kotlin.KotlinWriter.writeClassDefinition(KotlinWriter.java:742)	new-anonymous-class,inline-lambda-body	
n-plugin:com/tridium/gradle/plugins/grunt/GruntPlugin.kt:18	n-plugin	com/tridium/gradle/plugins/grunt/GruntPlugin	apply	(Lorg/gradle/api/Project;)V	com/tridium/gradle/plugins/grunt/GruntPlugin.kt	18	java.lang.IllegalStateException: Anonymous class does not have Class Kotlin metadata	org.vineflower.kotlin.KotlinWriter.writeClassDefinition(KotlinWriter.java:742)	new-anonymous-class,inline-fun-expansion,inline-lambda-body,invokedynamic,object-instance	
n-plugin:com/tridium/gradle/plugins/grunt/GruntPlugin.kt:166	n-plugin	com/tridium/gradle/plugins/grunt/GruntPlugin	configureTask	(Lcom/tridium/gradle/plugins/grunt/task/GruntCiTask;Ljava/lang/String;Lorg/gradle/api/provider/Provider;Lorg/gradle/api/provider/Provider;Ljava/lang/String;)V	com/tridium/gradle/plugins/grunt/GruntPlugin.kt	166	java.lang.IllegalStateException: Anonymous class does not have Class Kotlin metadata	org.vineflower.kotlin.KotlinWriter.writeClassDefinition(KotlinWriter.java:742)	new-anonymous-class	
n-plugin:com/tridium/gradle/plugins/grunt/util/GruntOptions.kt:class	n-plugin	com/tridium/gradle/plugins/grunt/util/GruntOptions	*	*	com/tridium/gradle/plugins/grunt/util/GruntOptions.kt	2	java.lang.ArrayIndexOutOfBoundsException: Index 0 out of bounds for length 0	org.vineflower.kotlin.KotlinWriter.writeMethod(KotlinWriter.java:1198)		class-wall
n-plugin:com/tridium/gradle/plugins/grunt/util/JsonSerializable.kt:50	n-plugin	com/tridium/gradle/plugins/grunt/util/JsonSerializable	withJson	(Ljava/lang/String;)V	com/tridium/gradle/plugins/grunt/util/JsonSerializable.kt	50	java.lang.IllegalStateException: Anonymous class does not have Class Kotlin metadata	org.vineflower.kotlin.KotlinWriter.writeClassDefinition(KotlinWriter.java:742)	new-anonymous-class	
n-plugin:com/tridium/gradle/plugins/grunt/util/JsonSerializable.kt:77	n-plugin	com/tridium/gradle/plugins/grunt/util/JsonSerializable	withJson	(Lorg/gradle/api/provider/Provider;)V	com/tridium/gradle/plugins/grunt/util/JsonSerializable.kt	77	java.lang.IllegalStateException: Anonymous class does not have Class Kotlin metadata	org.vineflower.kotlin.KotlinWriter.writeClassDefinition(KotlinWriter.java:742)	new-anonymous-class	
n-plugin:com/tridium/gradle/plugins/grunt/util/KarmaConfig.kt:class	n-plugin	com/tridium/gradle/plugins/grunt/util/KarmaConfig	*	*	com/tridium/gradle/plugins/grunt/util/KarmaConfig.kt	2	java.lang.ArrayIndexOutOfBoundsException: Index 0 out of bounds for length 0	org.vineflower.kotlin.KotlinWriter.writeMethod(KotlinWriter.java:1198)		class-wall
n-plugin:com/tridium/gradle/plugins/jacoco/NiagaraJacocoPlugin.kt:14	n-plugin	com/tridium/gradle/plugins/jacoco/NiagaraJacocoPlugin	apply	(Lorg/gradle/api/Project;)V	com/tridium/gradle/plugins/jacoco/NiagaraJacocoPlugin.kt	14	java.lang.IllegalStateException: Anonymous class does not have Class Kotlin metadata	org.vineflower.kotlin.KotlinWriter.writeClassDefinition(KotlinWriter.java:742)	new-anonymous-class,inline-fun-expansion,inline-lambda-body,object-instance	
n-plugin:com/tridium/gradle/plugins/jacoco/NiagaraJacocoPluginKt.kt:19	n-plugin	com/tridium/gradle/plugins/jacoco/NiagaraJacocoPluginKt	configureJacoco	(Lcom/tridium/gradle/plugins/niagara/task/RunNiagaraTestTask;)V	com/tridium/gradle/plugins/jacoco/NiagaraJacocoPluginKt.kt	19	java.lang.IllegalStateException: Anonymous class does not have Class Kotlin metadata	org.vineflower.kotlin.KotlinWriter.writeClassDefinition(KotlinWriter.java:742)	new-anonymous-class,inline-fun-expansion,inline-lambda-body,invokedynamic	
n-plugin:com/tridium/gradle/plugins/java/NiagaraJavaPlugin.kt:8	n-plugin	com/tridium/gradle/plugins/java/NiagaraJavaPlugin	apply	(Lorg/gradle/api/Project;)V	com/tridium/gradle/plugins/java/NiagaraJavaPlugin.kt	8	java.lang.IllegalStateException: Anonymous class does not have Class Kotlin metadata	org.vineflower.kotlin.KotlinWriter.writeClassDefinition(KotlinWriter.java:742)	new-anonymous-class,inline-lambda-body	
n-plugin:com/tridium/gradle/plugins/module/NiagaraAnnotationProcessorsPlugin.kt:8	n-plugin	com/tridium/gradle/plugins/module/NiagaraAnnotationProcessorsPlugin	apply	(Lorg/gradle/api/Project;)V	com/tridium/gradle/plugins/module/NiagaraAnnotationProcessorsPlugin.kt	8	java.lang.IllegalStateException: Anonymous class does not have Class Kotlin metadata	org.vineflower.kotlin.KotlinWriter.writeClassDefinition(KotlinWriter.java:742)	new-anonymous-class,inline-lambda-body	
n-plugin:com/tridium/gradle/plugins/module/NiagaraModularityPlugin.kt:31	n-plugin	com/tridium/gradle/plugins/module/NiagaraModularityPlugin	apply	(Lorg/gradle/api/Project;)V	com/tridium/gradle/plugins/module/NiagaraModularityPlugin.kt	31	java.lang.IllegalStateException: Anonymous class does not have Class Kotlin metadata	org.vineflower.kotlin.KotlinWriter.writeClassDefinition(KotlinWriter.java:742)	new-anonymous-class,inline-fun-expansion,inline-lambda-body	
n-plugin:com/tridium/gradle/plugins/module/NiagaraModulePlugin.kt:56	n-plugin	com/tridium/gradle/plugins/module/NiagaraModulePlugin	apply	(Lorg/gradle/api/Project;)V	com/tridium/gradle/plugins/module/NiagaraModulePlugin.kt	56	java.lang.IllegalStateException: Anonymous class does not have Class Kotlin metadata	org.vineflower.kotlin.KotlinWriter.writeClassDefinition(KotlinWriter.java:742)	new-anonymous-class,inline-fun-expansion,inline-lambda-body,object-instance	
n-plugin:com/tridium/gradle/plugins/module/NiagaraModulePlugin.kt:960	n-plugin	com/tridium/gradle/plugins/module/NiagaraModulePlugin	configureIdeaPlugin	(Lorg/gradle/api/Project;Lorg/gradle/api/tasks/SourceSet;)V	com/tridium/gradle/plugins/module/NiagaraModulePlugin.kt	960	java.lang.IllegalStateException: Anonymous class does not have Class Kotlin metadata	org.vineflower.kotlin.KotlinWriter.writeClassDefinition(KotlinWriter.java:742)	new-anonymous-class	
n-plugin:com/tridium/gradle/plugins/module/NiagaraModulePlugin.kt:1020	n-plugin	com/tridium/gradle/plugins/module/NiagaraModulePlugin	createModuleManifestElementsConfiguration	(Lorg/gradle/api/artifacts/ConfigurationContainer;Lorg/gradle/api/model/ObjectFactory;Ljava/lang/String;Lorg/gradle/api/tasks/TaskProvider;Ljava/lang/String;)Lorg/gradle/api/artifacts/Configuration;	com/tridium/gradle/plugins/module/NiagaraModulePlugin.kt	1020	java.lang.IllegalStateException: Anonymous class does not have Class Kotlin metadata	org.vineflower.kotlin.KotlinWriter.writeClassDefinition(KotlinWriter.java:742)	new-anonymous-class	
n-plugin:com/tridium/gradle/plugins/module/NiagaraModulePlugin.kt:276	n-plugin	com/tridium/gradle/plugins/module/NiagaraModulePlugin	registerModuleTasks	(Lorg/gradle/api/Project;Lorg/gradle/api/tasks/SourceSet;Lorg/gradle/api/tasks/SourceSet;)V	com/tridium/gradle/plugins/module/NiagaraModulePlugin.kt	276	java.lang.IllegalStateException: Anonymous class does not have Class Kotlin metadata	org.vineflower.kotlin.KotlinWriter.writeClassDefinition(KotlinWriter.java:742)	new-anonymous-class,inline-fun-expansion,inline-lambda-body,invokedynamic,object-instance	
n-plugin:com/tridium/gradle/plugins/module/NiagaraModulePlugin.kt:889	n-plugin	com/tridium/gradle/plugins/module/NiagaraModulePlugin	registerNiagaraTestTasks	(Lorg/gradle/api/Project;Lorg/gradle/api/tasks/SourceSet;)V	com/tridium/gradle/plugins/module/NiagaraModulePlugin.kt	889	java.lang.IllegalStateException: Anonymous class does not have Class Kotlin metadata	org.vineflower.kotlin.KotlinWriter.writeClassDefinition(KotlinWriter.java:742)	new-anonymous-class,invokedynamic	
n-plugin:com/tridium/gradle/plugins/natives/NativeAggregationExtension.kt:22	n-plugin	com/tridium/gradle/plugins/natives/NativeAggregationExtension	fromPlatform	(Ljava/lang/String;)V	com/tridium/gradle/plugins/natives/NativeAggregationExtension.kt	22	java.lang.IllegalStateException: Anonymous class does not have Class Kotlin metadata	org.vineflower.kotlin.KotlinWriter.writeClassDefinition(KotlinWriter.java:742)	new-anonymous-class	
n-plugin:com/tridium/gradle/plugins/natives/NativeAggregationPlugin.kt:17	n-plugin	com/tridium/gradle/plugins/natives/NativeAggregationPlugin	apply	(Lorg/gradle/api/Project;)V	com/tridium/gradle/plugins/natives/NativeAggregationPlugin.kt	17	java.lang.IllegalStateException: Anonymous class does not have Class Kotlin metadata	org.vineflower.kotlin.KotlinWriter.writeClassDefinition(KotlinWriter.java:742)	new-anonymous-class,inline-fun-expansion,inline-lambda-body,object-instance	
n-plugin:com/tridium/gradle/plugins/natives/NiagaraNativePlugin.kt:19	n-plugin	com/tridium/gradle/plugins/natives/NiagaraNativePlugin	apply	(Lorg/gradle/api/Project;)V	com/tridium/gradle/plugins/natives/NiagaraNativePlugin.kt	19	java.lang.IllegalStateException: Anonymous class does not have Class Kotlin metadata	org.vineflower.kotlin.KotlinWriter.writeClassDefinition(KotlinWriter.java:742)	new-anonymous-class,inline-fun-expansion,inline-lambda-body,invokedynamic,default-args-call,object-instance	
n-plugin:com/tridium/gradle/plugins/natives/NiagaraNativePlugin.kt:250	n-plugin	com/tridium/gradle/plugins/natives/NiagaraNativePlugin	createIncludePathConfiguration	(Lorg/gradle/api/Project;Lcom/tridium/gradle/plugins/natives/Os;)V	com/tridium/gradle/plugins/natives/NiagaraNativePlugin.kt	250	java.lang.IllegalStateException: Anonymous class does not have Class Kotlin metadata	org.vineflower.kotlin.KotlinWriter.writeClassDefinition(KotlinWriter.java:742)	new-anonymous-class,inline-lambda-body,invokedynamic	
n-plugin:com/tridium/gradle/plugins/natives/NiagaraNativePlugin.kt:203	n-plugin	com/tridium/gradle/plugins/natives/NiagaraNativePlugin	createNativeApiElementsConfiguration	(Lorg/gradle/api/Project;Lorg/gradle/api/provider/Provider;Lcom/tridium/gradle/plugins/natives/Os;)V	com/tridium/gradle/plugins/natives/NiagaraNativePlugin.kt	203	java.lang.IllegalStateException: Anonymous class does not have Class Kotlin metadata	org.vineflower.kotlin.KotlinWriter.writeClassDefinition(KotlinWriter.java:742)	new-anonymous-class,inline-lambda-body,invokedynamic	
n-plugin:com/tridium/gradle/plugins/natives/NiagaraNativePluginKt.kt:150	n-plugin	com/tridium/gradle/plugins/natives/NiagaraNativePluginKt	createBinaryConsumerConfigurations	(Lorg/gradle/api/Project;Lcom/tridium/gradle/plugins/natives/NiagaraNativePlatform;)V	com/tridium/gradle/plugins/natives/NiagaraNativePluginKt.kt	150	java.lang.IllegalStateException: Anonymous class does not have Class Kotlin metadata	org.vineflower.kotlin.KotlinWriter.writeClassDefinition(KotlinWriter.java:742)	new-anonymous-class,invokedynamic	
n-plugin:com/tridium/gradle/plugins/natives/NiagaraNativePluginKt.kt:77	n-plugin	com/tridium/gradle/plugins/natives/NiagaraNativePluginKt	createBinaryProducerConfigurations	(Lorg/gradle/api/Project;Lcom/tridium/gradle/plugins/natives/NiagaraNativePlatform;)V	com/tridium/gradle/plugins/natives/NiagaraNativePluginKt.kt	77	java.lang.IllegalStateException: Anonymous class does not have Class Kotlin metadata	org.vineflower.kotlin.KotlinWriter.writeClassDefinition(KotlinWriter.java:742)	new-anonymous-class,invokedynamic,object-instance	
n-plugin:com/tridium/gradle/plugins/natives/NiagaraNativePluginKt.kt:42	n-plugin	com/tridium/gradle/plugins/natives/NiagaraNativePluginKt	createLinkPathConfiguration	(Lorg/gradle/api/Project;Lcom/tridium/gradle/plugins/natives/NiagaraNativePlatform;)V	com/tridium/gradle/plugins/natives/NiagaraNativePluginKt.kt	42	java.lang.IllegalStateException: Anonymous class does not have Class Kotlin metadata	org.vineflower.kotlin.KotlinWriter.writeClassDefinition(KotlinWriter.java:742)	new-anonymous-class,invokedynamic	
n-plugin:com/tridium/gradle/plugins/natives/NiagaraNativePluginKt.kt:7	n-plugin	com/tridium/gradle/plugins/natives/NiagaraNativePluginKt	createRuntimeElementsConfiguration	(Lorg/gradle/api/Project;Lcom/tridium/gradle/plugins/natives/NiagaraNativePlatform;)V	com/tridium/gradle/plugins/natives/NiagaraNativePluginKt.kt	7	java.lang.IllegalStateException: Anonymous class does not have Class Kotlin metadata	org.vineflower.kotlin.KotlinWriter.writeClassDefinition(KotlinWriter.java:742)	new-anonymous-class,invokedynamic	
n-plugin:com/tridium/gradle/plugins/natives/RootProjectNiagaraNativePlugin.kt:13	n-plugin	com/tridium/gradle/plugins/natives/RootProjectNiagaraNativePlugin	apply	(Lorg/gradle/api/Project;)V	com/tridium/gradle/plugins/natives/RootProjectNiagaraNativePlugin.kt	13	java.lang.IllegalStateException: Anonymous class does not have Class Kotlin metadata	org.vineflower.kotlin.KotlinWriter.writeClassDefinition(KotlinWriter.java:742)	new-anonymous-class,inline-lambda-body,object-instance	
n-plugin:com/tridium/gradle/plugins/natives/command/NativeCommand.kt:119	n-plugin	com/tridium/gradle/plugins/natives/command/NativeCommand	execute	(Ljava/lang/String;Ljava/util/List;)V	com/tridium/gradle/plugins/natives/command/NativeCommand.kt	119	java.lang.IllegalStateException: Anonymous class does not have Class Kotlin metadata	org.vineflower.kotlin.KotlinWriter.writeClassDefinition(KotlinWriter.java:742)	new-anonymous-class	
n-plugin:com/tridium/gradle/plugins/natives/command/Win32Command.kt:149	n-plugin	com/tridium/gradle/plugins/natives/command/Win32Command	sign$n_plugin	()V	com/tridium/gradle/plugins/natives/command/Win32Command.kt	149	java.lang.IllegalStateException: Anonymous class does not have Class Kotlin metadata	org.vineflower.kotlin.KotlinWriter.writeClassDefinition(KotlinWriter.java:742)	new-anonymous-class	
n-plugin:com/tridium/gradle/plugins/natives/extension/DefaultNiagaraNativeExtension.kt:179	n-plugin	com/tridium/gradle/plugins/natives/extension/DefaultNiagaraNativeExtension	registerTaskForNativePlatform	(Lorg/gradle/api/Project;Lcom/tridium/gradle/plugins/natives/NiagaraNativePlatform;Lcom/tridium/gradle/plugins/natives/source/RootNativeSource;)Lorg/gradle/api/tasks/TaskProvider;	com/tridium/gradle/plugins/natives/extension/DefaultNiagaraNativeExtension.kt	179	java.lang.IllegalStateException: Anonymous class does not have Class Kotlin metadata	org.vineflower.kotlin.KotlinWriter.writeClassDefinition(KotlinWriter.java:742)	new-anonymous-class,inline-fun-expansion,inline-lambda-body,invokedynamic,when-enum-mapping	
n-plugin:com/tridium/gradle/plugins/natives/extension/DefaultNiagaraNativeExtension.kt:98	n-plugin	com/tridium/gradle/plugins/natives/extension/DefaultNiagaraNativeExtension	useJvmToolchain	(Lorg/gradle/api/Action;)V	com/tridium/gradle/plugins/natives/extension/DefaultNiagaraNativeExtension.kt	98	java.lang.IllegalStateException: Anonymous class does not have Class Kotlin metadata	org.vineflower.kotlin.KotlinWriter.writeClassDefinition(KotlinWriter.java:742)	new-anonymous-class	
n-plugin:com/tridium/gradle/plugins/natives/extension/DefaultNiagaraNativeExtension.kt:46	n-plugin	com/tridium/gradle/plugins/natives/extension/DefaultNiagaraNativeExtension	useJvmToolchain	(Lorg/gradle/jvm/toolchain/JavaToolchainSpec;)V	com/tridium/gradle/plugins/natives/extension/DefaultNiagaraNativeExtension.kt	46	java.lang.IllegalStateException: Anonymous class does not have Class Kotlin metadata	org.vineflower.kotlin.KotlinWriter.writeClassDefinition(KotlinWriter.java:742)	new-anonymous-class	
n-plugin:com/tridium/gradle/plugins/natives/extension/DefaultNiagaraNativeExtension.kt:322	n-plugin	com/tridium/gradle/plugins/natives/extension/DefaultNiagaraNativeExtension$NativePlatformFactory	create	(Ljava/lang/String;)Lcom/tridium/gradle/plugins/natives/NiagaraNativePlatform;	com/tridium/gradle/plugins/natives/extension/DefaultNiagaraNativeExtension.kt	322	java.lang.IllegalStateException: Anonymous class does not have Class Kotlin metadata	org.vineflower.kotlin.KotlinWriter.writeClassDefinition(KotlinWriter.java:742)	new-anonymous-class	
n-plugin:com/tridium/gradle/plugins/natives/extension/DefaultNiagaraNativeExtensionKt.kt:9	n-plugin	com/tridium/gradle/plugins/natives/extension/DefaultNiagaraNativeExtensionKt	asCopyAction	(Lorg/gradle/api/NamedDomainObjectContainer;)Lorg/gradle/api/Action;	com/tridium/gradle/plugins/natives/extension/DefaultNiagaraNativeExtensionKt.kt	9	java.lang.IllegalStateException: Anonymous class does not have Class Kotlin metadata	org.vineflower.kotlin.KotlinWriter.writeClassDefinition(KotlinWriter.java:742)	new-anonymous-class	
n-plugin:com/tridium/gradle/plugins/niagara/RootProjectNiagaraPlugin.kt:15	n-plugin	com/tridium/gradle/plugins/niagara/RootProjectNiagaraPlugin	apply	(Lorg/gradle/api/Project;)V	com/tridium/gradle/plugins/niagara/RootProjectNiagaraPlugin.kt	15	java.lang.IllegalStateException: Anonymous class does not have Class Kotlin metadata	org.vineflower.kotlin.KotlinWriter.writeClassDefinition(KotlinWriter.java:742)	new-anonymous-class,inline-fun-expansion,inline-lambda-body,invokedynamic	
n-plugin:com/tridium/gradle/plugins/niagara/SettingsNiagaraPlugin.kt:11	n-plugin	com/tridium/gradle/plugins/niagara/SettingsNiagaraPlugin	apply	(Lorg/gradle/api/initialization/Settings;)V	com/tridium/gradle/plugins/niagara/SettingsNiagaraPlugin.kt	11	java.lang.IllegalStateException: Anonymous class does not have Class Kotlin metadata	org.vineflower.kotlin.KotlinWriter.writeClassDefinition(KotlinWriter.java:742)	new-anonymous-class,inline-lambda-body	
n-plugin:com/tridium/gradle/plugins/node/YarnWorkspaceAggregationPlugin.kt:14	n-plugin	com/tridium/gradle/plugins/node/YarnWorkspaceAggregationPlugin	apply	(Lorg/gradle/api/Project;)V	com/tridium/gradle/plugins/node/YarnWorkspaceAggregationPlugin.kt	14	java.lang.IllegalStateException: Anonymous class does not have Class Kotlin metadata	org.vineflower.kotlin.KotlinWriter.writeClassDefinition(KotlinWriter.java:742)	new-anonymous-class,inline-fun-expansion,inline-lambda-body,invokedynamic,object-instance	
n-plugin:com/tridium/gradle/plugins/node/YarnWorkspacePlugin.kt:10	n-plugin	com/tridium/gradle/plugins/node/YarnWorkspacePlugin	apply	(Lorg/gradle/api/Project;)V	com/tridium/gradle/plugins/node/YarnWorkspacePlugin.kt	10	java.lang.IllegalStateException: Anonymous class does not have Class Kotlin metadata	org.vineflower.kotlin.KotlinWriter.writeClassDefinition(KotlinWriter.java:742)	new-anonymous-class,inline-lambda-body	
n-plugin:com/tridium/gradle/plugins/node/task/CheckNodeInstalled.kt:108	n-plugin	com/tridium/gradle/plugins/node/task/CheckNodeInstalled	findNodeVersion	()Ljava/lang/String;	com/tridium/gradle/plugins/node/task/CheckNodeInstalled.kt	108	java.lang.IllegalStateException: Anonymous class does not have Class Kotlin metadata	org.vineflower.kotlin.KotlinWriter.writeClassDefinition(KotlinWriter.java:742)	new-anonymous-class,invokedynamic,object-instance	
n-plugin:com/tridium/gradle/plugins/node/task/CheckNodePackageGloballyInstalled.kt:56	n-plugin	com/tridium/gradle/plugins/node/task/CheckNodePackageGloballyInstalled	findPackage	()Z	com/tridium/gradle/plugins/node/task/CheckNodePackageGloballyInstalled.kt	56	java.lang.IllegalStateException: Anonymous class does not have Class Kotlin metadata	org.vineflower.kotlin.KotlinWriter.writeClassDefinition(KotlinWriter.java:742)	new-anonymous-class,invokedynamic,default-args-call,object-instance	
n-plugin:com/tridium/gradle/plugins/node/task/JavaScriptTaskKt.kt:7	n-plugin	com/tridium/gradle/plugins/node/task/JavaScriptTaskKt	wireSkipJsConvention	(Lcom/tridium/gradle/plugins/node/task/IJavaScriptTask;Lorg/gradle/api/provider/ProviderFactory;)V	com/tridium/gradle/plugins/node/task/JavaScriptTaskKt.kt	7	java.lang.IllegalStateException: Anonymous class does not have Class Kotlin metadata	org.vineflower.kotlin.KotlinWriter.writeClassDefinition(KotlinWriter.java:742)	new-anonymous-class	
n-plugin:com/tridium/gradle/plugins/node/task/WriteWorkspacePackageJson.kt:44	n-plugin	com/tridium/gradle/plugins/node/task/WriteWorkspacePackageJson	writePackageJson	()V	com/tridium/gradle/plugins/node/task/WriteWorkspacePackageJson.kt	44	java.lang.IllegalStateException: Anonymous class does not have Class Kotlin metadata	org.vineflower.kotlin.KotlinWriter.writeClassDefinition(KotlinWriter.java:742)	new-anonymous-class,inline-lambda-body,use-closeFinally,object-instance	
n-plugin:com/tridium/gradle/plugins/signing/RootProjectSigningPlugin.kt:16	n-plugin	com/tridium/gradle/plugins/signing/RootProjectSigningPlugin	apply	(Lorg/gradle/api/Project;)V	com/tridium/gradle/plugins/signing/RootProjectSigningPlugin.kt	16	java.lang.IllegalStateException: Anonymous class does not have Class Kotlin metadata	org.vineflower.kotlin.KotlinWriter.writeClassDefinition(KotlinWriter.java:742)	new-anonymous-class,inline-fun-expansion,inline-lambda-body,invokedynamic,object-instance	
n-plugin:com/tridium/gradle/plugins/signing/SignedJarPlugin.kt:18	n-plugin	com/tridium/gradle/plugins/signing/SignedJarPlugin	apply	(Lorg/gradle/api/Project;)V	com/tridium/gradle/plugins/signing/SignedJarPlugin.kt	18	java.lang.IllegalStateException: Anonymous class does not have Class Kotlin metadata	org.vineflower.kotlin.KotlinWriter.writeClassDefinition(KotlinWriter.java:742)	new-anonymous-class,inline-fun-expansion,inline-lambda-body	
n-plugin:com/tridium/gradle/plugins/signing/SignedJarPlugin.kt:102	n-plugin	com/tridium/gradle/plugins/signing/SignedJarPlugin	registerConfigurationForSignedArtifacts	(Lorg/gradle/api/model/ObjectFactory;Lorg/gradle/api/artifacts/ConfigurationContainer;Lorg/gradle/api/tasks/TaskProvider;)V	com/tridium/gradle/plugins/signing/SignedJarPlugin.kt	102	java.lang.IllegalStateException: Anonymous class does not have Class Kotlin metadata	org.vineflower.kotlin.KotlinWriter.writeClassDefinition(KotlinWriter.java:742)	new-anonymous-class,invokedynamic	
n-plugin:com/tridium/gradle/plugins/signing/SignedJarPluginKt.kt:7	n-plugin	com/tridium/gradle/plugins/signing/SignedJarPluginKt	addAttributesForSignedJars	(Lorg/gradle/api/artifacts/Configuration;Lorg/gradle/api/model/ObjectFactory;I)V	com/tridium/gradle/plugins/signing/SignedJarPluginKt.kt	7	java.lang.IllegalStateException: Anonymous class does not have Class Kotlin metadata	org.vineflower.kotlin.KotlinWriter.writeClassDefinition(KotlinWriter.java:742)	new-anonymous-class	
n-plugin:com/tridium/gradle/plugins/signing/SigningPlugin.kt:27	n-plugin	com/tridium/gradle/plugins/signing/SigningPlugin	apply	(Lorg/gradle/api/Project;)V	com/tridium/gradle/plugins/signing/SigningPlugin.kt	27	java.lang.IllegalStateException: Anonymous class does not have Class Kotlin metadata	org.vineflower.kotlin.KotlinWriter.writeClassDefinition(KotlinWriter.java:742)	new-anonymous-class,inline-fun-expansion,inline-lambda-body,default-args-call,object-instance	
n-plugin:com/tridium/gradle/plugins/signing/SigningProfileFactory.kt:class	n-plugin	com/tridium/gradle/plugins/signing/SigningProfileFactory	*	*	com/tridium/gradle/plugins/signing/SigningProfileFactory.kt	2	java.lang.NullPointerException: Cannot invoke "String.equals(Object)" because "n.simpleName" is null	org.vineflower.kotlin.KotlinWriter.lambda$writeClass$0(KotlinWriter.java:301)		class-wall
n-plugin:com/tridium/gradle/plugins/signing/profile/JarSignerSigningProfile.kt:72	n-plugin	com/tridium/gradle/plugins/signing/profile/JarSignerSigningProfile$JarSignerArchiveFileSigner	doSignFile	(Ljava/lang/Iterable;Ljava/nio/file/Path;Ljava/nio/file/Path;Ljava/lang/String;)V	com/tridium/gradle/plugins/signing/profile/JarSignerSigningProfile.kt	72	java.lang.IllegalStateException: Anonymous class does not have Class Kotlin metadata	org.vineflower.kotlin.KotlinWriter.writeClassDefinition(KotlinWriter.java:742)	new-anonymous-class,inline-lambda-body,default-args-call	
n-plugin:com/tridium/gradle/plugins/signing/profile/LocalSigningProfile.kt:class	n-plugin	com/tridium/gradle/plugins/signing/profile/LocalSigningProfile	*	*	com/tridium/gradle/plugins/signing/profile/LocalSigningProfile.kt	2	java.lang.NullPointerException: Cannot invoke "String.equals(Object)" because "n.simpleName" is null	org.vineflower.kotlin.KotlinWriter.lambda$writeClass$0(KotlinWriter.java:301)		class-wall
n-plugin:com/tridium/gradle/plugins/signing/profile/SigningProfileProperties.kt:34	n-plugin	com/tridium/gradle/plugins/signing/profile/SigningProfileProperties	getExpander	()Lcom/tridium/tools/util/java/TextExpander;	com/tridium/gradle/plugins/signing/profile/SigningProfileProperties.kt	34	java.lang.IllegalStateException: Anonymous class does not have Class Kotlin metadata	org.vineflower.kotlin.KotlinWriter.writeClassDefinition(KotlinWriter.java:742)	new-anonymous-class	
n-plugin:com/tridium/gradle/plugins/signing/profile/SigningProfileProperties.kt:115	n-plugin	com/tridium/gradle/plugins/signing/profile/SigningProfileProperties	getProperty	(Ljava/lang/String;Ljava/lang/Object;Lcom/tridium/tools/util/java/TextExpander;)Ljava/lang/Object;	com/tridium/gradle/plugins/signing/profile/SigningProfileProperties.kt	115	java.lang.IllegalStateException: Anonymous class does not have Class Kotlin metadata	org.vineflower.kotlin.KotlinWriter.writeClassDefinition(KotlinWriter.java:742)	invokedynamic	ambiguous
n-plugin:com/tridium/gradle/plugins/signing/profile/SigningProfileProperties.kt:115	n-plugin	com/tridium/gradle/plugins/signing/profile/SigningProfileProperties	getProperty	(Ljava/lang/String;Ljava/lang/Object;Lkotlin/jvm/functions/Function1;)Ljava/lang/Object;	com/tridium/gradle/plugins/signing/profile/SigningProfileProperties.kt	115	java.lang.IllegalStateException: Anonymous class does not have Class Kotlin metadata	org.vineflower.kotlin.KotlinWriter.writeClassDefinition(KotlinWriter.java:742)	new-anonymous-class	ambiguous
n-plugin:com/tridium/gradle/plugins/task/MultipleZipExtract.kt:18	n-plugin	com/tridium/gradle/plugins/task/MultipleZipExtract	extract	()V	com/tridium/gradle/plugins/task/MultipleZipExtract.kt	18	java.lang.IllegalStateException: Anonymous class does not have Class Kotlin metadata	org.vineflower.kotlin.KotlinWriter.writeClassDefinition(KotlinWriter.java:742)	new-anonymous-class	
n-plugin:com/tridium/gradle/plugins/task/SignedTar.kt:class	n-plugin	com/tridium/gradle/plugins/task/SignedTar	*	*	com/tridium/gradle/plugins/task/SignedTar.kt	2	java.lang.ArrayIndexOutOfBoundsException: Index 0 out of bounds for length 0	org.vineflower.kotlin.KotlinWriter.writeMethod(KotlinWriter.java:1198)		class-wall
n-plugin:com/tridium/gradle/plugins/task/SignedZip.kt:class	n-plugin	com/tridium/gradle/plugins/task/SignedZip	*	*	com/tridium/gradle/plugins/task/SignedZip.kt	2	java.lang.ArrayIndexOutOfBoundsException: Index 0 out of bounds for length 0	org.vineflower.kotlin.KotlinWriter.writeMethod(KotlinWriter.java:1198)		class-wall
n-plugin:com/tridium/gradle/plugins/vendor/VendorExtension.kt:102	n-plugin	com/tridium/gradle/plugins/vendor/VendorExtension	defaultDistVersion	(Ljava/lang/String;)V	com/tridium/gradle/plugins/vendor/VendorExtension.kt	102	java.lang.IllegalStateException: Anonymous class does not have Class Kotlin metadata	org.vineflower.kotlin.KotlinWriter.writeClassDefinition(KotlinWriter.java:742)	new-anonymous-class,default-args-call	
n-plugin:com/tridium/gradle/plugins/vendor/VendorExtension.kt:16	n-plugin	com/tridium/gradle/plugins/vendor/VendorExtension	defaultGroup	(Ljava/lang/String;)V	com/tridium/gradle/plugins/vendor/VendorExtension.kt	16	java.lang.IllegalStateException: Anonymous class does not have Class Kotlin metadata	org.vineflower.kotlin.KotlinWriter.writeClassDefinition(KotlinWriter.java:742)	new-anonymous-class,default-args-call	
n-plugin:com/tridium/gradle/plugins/vendor/VendorExtension.kt:75	n-plugin	com/tridium/gradle/plugins/vendor/VendorExtension	defaultModuleVersion	(Ljava/lang/String;)V	com/tridium/gradle/plugins/vendor/VendorExtension.kt	75	java.lang.IllegalStateException: Anonymous class does not have Class Kotlin metadata	org.vineflower.kotlin.KotlinWriter.writeClassDefinition(KotlinWriter.java:742)	new-anonymous-class,default-args-call	
n-plugin:com/tridium/gradle/plugins/vendor/VendorExtension.kt:48	n-plugin	com/tridium/gradle/plugins/vendor/VendorExtension	defaultVendor	(Ljava/lang/String;)V	com/tridium/gradle/plugins/vendor/VendorExtension.kt	48	java.lang.IllegalStateException: Anonymous class does not have Class Kotlin metadata	org.vineflower.kotlin.KotlinWriter.writeClassDefinition(KotlinWriter.java:742)	new-anonymous-class,default-args-call	
settings:com/tridium/gradle/plugins/settings/MultiProjectPlugin.kt:12	settings	com/tridium/gradle/plugins/settings/MultiProjectPlugin	apply	(Lorg/gradle/api/initialization/Settings;)V	com/tridium/gradle/plugins/settings/MultiProjectPlugin.kt	12	java.lang.IllegalStateException: Anonymous class does not have Class Kotlin metadata	org.vineflower.kotlin.KotlinWriter.writeClassDefinition(KotlinWriter.java:742)	new-anonymous-class,inline-fun-expansion,inline-lambda-body	
settings:com/tridium/gradle/plugins/settings/java/JavaCompilerWarningsPlugin.kt:9	settings	com/tridium/gradle/plugins/settings/java/JavaCompilerWarningsPlugin	apply	(Lorg/gradle/api/Project;)V	com/tridium/gradle/plugins/settings/java/JavaCompilerWarningsPlugin.kt	9	java.lang.IllegalStateException: Anonymous class does not have Class Kotlin metadata	org.vineflower.kotlin.KotlinWriter.writeClassDefinition(KotlinWriter.java:742)	new-anonymous-class,inline-lambda-body	
utils:com/tridium/gradle/util/ConfigurationExtensionsKt.kt:8	utils	com/tridium/gradle/util/ConfigurationExtensionsKt	createBucketConfiguration	(Lorg/gradle/api/artifacts/ConfigurationContainer;Ljava/lang/String;Lorg/gradle/api/Action;)Lorg/gradle/api/artifacts/Configuration;	com/tridium/gradle/util/ConfigurationExtensionsKt.kt	8	java.lang.IllegalStateException: Anonymous class does not have Class Kotlin metadata	org.vineflower.kotlin.KotlinWriter.writeClassDefinition(KotlinWriter.java:742)	new-anonymous-class	
utils:com/tridium/gradle/util/ConfigurationExtensionsKt.kt:82	utils	com/tridium/gradle/util/ConfigurationExtensionsKt	createConsumerConfiguration	(Lorg/gradle/api/artifacts/ConfigurationContainer;Ljava/lang/String;Lorg/gradle/api/Action;)Lorg/gradle/api/artifacts/Configuration;	com/tridium/gradle/util/ConfigurationExtensionsKt.kt	82	java.lang.IllegalStateException: Anonymous class does not have Class Kotlin metadata	org.vineflower.kotlin.KotlinWriter.writeClassDefinition(KotlinWriter.java:742)	new-anonymous-class	
utils:com/tridium/gradle/util/ConfigurationExtensionsKt.kt:45	utils	com/tridium/gradle/util/ConfigurationExtensionsKt	createProducerConfiguration	(Lorg/gradle/api/artifacts/ConfigurationContainer;Ljava/lang/String;Lorg/gradle/api/Action;)Lorg/gradle/api/artifacts/Configuration;	com/tridium/gradle/util/ConfigurationExtensionsKt.kt	45	java.lang.IllegalStateException: Anonymous class does not have Class Kotlin metadata	org.vineflower.kotlin.KotlinWriter.writeClassDefinition(KotlinWriter.java:742)	new-anonymous-class	
utils:com/tridium/gradle/util/ConfigurationExtensionsKt.kt:134	utils	com/tridium/gradle/util/ConfigurationExtensionsKt	createResolveConfiguration	(Lorg/gradle/api/artifacts/ConfigurationContainer;Ljava/lang/String;Ljava/lang/String;Lorg/gradle/api/Action;)Lcom/tridium/gradle/util/ResolveConfiguration;	com/tridium/gradle/util/ConfigurationExtensionsKt.kt	134	java.lang.IllegalStateException: Anonymous class does not have Class Kotlin metadata	org.vineflower.kotlin.KotlinWriter.writeClassDefinition(KotlinWriter.java:742)	new-anonymous-class,default-args-call	ambiguous
utils:com/tridium/gradle/util/ConfigurationExtensionsKt.kt:134	utils	com/tridium/gradle/util/ConfigurationExtensionsKt	createResolveConfiguration	(Lorg/gradle/api/artifacts/ConfigurationContainer;Ljava/lang/String;Lorg/gradle/api/Action;)Lcom/tridium/gradle/util/ResolveConfiguration;	com/tridium/gradle/util/ConfigurationExtensionsKt.kt	134	java.lang.IllegalStateException: Anonymous class does not have Class Kotlin metadata	org.vineflower.kotlin.KotlinWriter.writeClassDefinition(KotlinWriter.java:742)	invokedynamic	ambiguous
