wall_id	jar	cls	method	descriptor	plugin_failure_kind	trigger	constructs	java_grade	java_error_kinds	m_total	m_exact	m_canon	m_anon	m_mismatch	m_missing	patched_grade	patched_error_kinds	jm_unrep	ldc_cov	inv_cov	best_representation	best_path	best_sha256	readable_companion	metadata_path	plugin_kt_path	javap_path
n-conv-plugin:com/tridium/gradle/plugins/niagara/convention/NiagaraHomeRepositoriesPlugin.kt:8	n-conv-plugin	com/tridium/gradle/plugins/niagara/convention/NiagaraHomeRepositoriesPlugin	apply	(Lorg/gradle/api/Project;)V	IllegalStateException: anonymous-class-without-metadata @ KotlinWriter.writeClassDefinition	lambda-class	new-anonymous-class,inline-lambda-body	no-compile	other:1;placeholder-syntax:8	0	0	0	0	0	0	no-compile	anon-not-implementing:4;classpath-missing:1;synthetic-symbol:1	4	2/2	2/2	javap	_evidence/b125/javap/n-conv-plugin/com/tridium/gradle/plugins/niagara/convention/NiagaraHomeRepositoriesPlugin.javap.txt	f464345e4111ff02b67c447f68c1ec37d4c659f7547d0eb0fdbf56baa9053c43	-	_evidence/b121/kotlin-signatures/n-conv-plugin/com/tridium/gradle/plugins/niagara/convention/NiagaraHomeRepositoriesPlugin.kt.txt	_evidence/b121/vf-kt/n-conv-plugin/com/tridium/gradle/plugins/niagara/convention/NiagaraHomeRepositoriesPlugin.kt	_evidence/b125/javap/n-conv-plugin/com/tridium/gradle/plugins/niagara/convention/NiagaraHomeRepositoriesPlugin.javap.txt
n-plugin:com/tridium/extensions/CopySpecExtensionsKt.kt:59	n-plugin	com/tridium/extensions/CopySpecExtensionsKt	fromDists	(Lorg/gradle/api/file/CopySpec;Lorg/gradle/api/file/FileCollection;ZLorg/gradle/api/Action;)V	IllegalStateException: anonymous-class-without-metadata @ KotlinWriter.writeClassDefinition	lambda-class	new-anonymous-class	no-compile	placeholder-syntax:2	0	0	0	0	0	0	no-compile	anon-not-implementing:3;incompatible-types:1;other:1;synthetic-symbol:3	0	0/3	0/1	javap	_evidence/b125/javap/n-plugin/com/tridium/extensions/CopySpecExtensionsKt.javap.txt	d3205cc0ffdcba170c1feb4ab55db179eb4e050317a6ad3a97b74ec2e6913d8f	-	_evidence/b121/kotlin-signatures/n-plugin/com/tridium/extensions/CopySpecExtensionsKt.kt.txt	_evidence/b121/vf-kt/n-plugin/com/tridium/extensions/CopySpecExtensionsKt.kt	_evidence/b125/javap/n-plugin/com/tridium/extensions/CopySpecExtensionsKt.javap.txt
n-plugin:com/tridium/extensions/CopySpecExtensionsKt.kt:24	n-plugin	com/tridium/extensions/CopySpecExtensionsKt	fromModules	(Lorg/gradle/api/file/CopySpec;Lorg/gradle/api/artifacts/Configuration;Lorg/gradle/api/Action;)V	IllegalStateException: anonymous-class-without-metadata @ KotlinWriter.writeClassDefinition	lambda-class	new-anonymous-class	no-compile	placeholder-syntax:2	0	0	0	0	0	0	no-compile	anon-not-implementing:3;incompatible-types:1;other:1;synthetic-symbol:3	1	3/3	1/1	javap	_evidence/b125/javap/n-plugin/com/tridium/extensions/CopySpecExtensionsKt.javap.txt	d3205cc0ffdcba170c1feb4ab55db179eb4e050317a6ad3a97b74ec2e6913d8f	-	_evidence/b121/kotlin-signatures/n-plugin/com/tridium/extensions/CopySpecExtensionsKt.kt.txt	_evidence/b121/vf-kt/n-plugin/com/tridium/extensions/CopySpecExtensionsKt.kt	_evidence/b125/javap/n-plugin/com/tridium/extensions/CopySpecExtensionsKt.javap.txt
n-plugin:com/tridium/gradle/plugins/bajadoc/BajadocPlugin.kt:8	n-plugin	com/tridium/gradle/plugins/bajadoc/BajadocPlugin	apply	(Lorg/gradle/api/Project;)V	IllegalStateException: anonymous-class-without-metadata @ KotlinWriter.writeClassDefinition	lambda-class	new-anonymous-class,inline-lambda-body	no-compile	other:1;placeholder-syntax:22	0	0	0	0	0	0	no-compile	anon-not-implementing:7;classpath-missing:6;companion-ctor:1;enclosing-instance:2;incompatible-types:4;other:1;synthetic-symbol:6	3	2/2	2/2	javap	_evidence/b125/javap/n-plugin/com/tridium/gradle/plugins/bajadoc/BajadocPlugin.javap.txt	a37ce9b57202fcbbfc8bcb3386d05a1e54d1603a7b281a9b726a62686db333b5	-	_evidence/b121/kotlin-signatures/n-plugin/com/tridium/gradle/plugins/bajadoc/BajadocPlugin.kt.txt	_evidence/b121/vf-kt/n-plugin/com/tridium/gradle/plugins/bajadoc/BajadocPlugin.kt	_evidence/b125/javap/n-plugin/com/tridium/gradle/plugins/bajadoc/BajadocPlugin.javap.txt
n-plugin:com/tridium/gradle/plugins/bajadoc/task/Bajadoc.kt:97	n-plugin	com/tridium/gradle/plugins/bajadoc/task/Bajadoc	wireConvention	(Lorg/gradle/api/Project;)V	IllegalStateException: anonymous-class-without-metadata @ KotlinWriter.writeClassDefinition	lambda-class	new-anonymous-class	no-compile	other:14;synthetic-symbol:2	0	0	0	0	0	0	no-compile	other:14;synthetic-symbol:2	0	2/2	3/3	javap	_evidence/b125/javap/n-plugin/com/tridium/gradle/plugins/bajadoc/task/Bajadoc.javap.txt	98a7be9931c10e15f991bcf725f3380f5696de331802557a13b52966bcb49a02	_evidence/b125/java-mode/n-plugin/com/tridium/gradle/plugins/bajadoc/task/Bajadoc.java	_evidence/b121/kotlin-signatures/n-plugin/com/tridium/gradle/plugins/bajadoc/task/Bajadoc.kt.txt	_evidence/b121/vf-kt/n-plugin/com/tridium/gradle/plugins/bajadoc/task/Bajadoc.kt	_evidence/b125/javap/n-plugin/com/tridium/gradle/plugins/bajadoc/task/Bajadoc.javap.txt
n-plugin:com/tridium/gradle/plugins/doc/BajadocModulePlugin.kt:12	n-plugin	com/tridium/gradle/plugins/doc/BajadocModulePlugin	apply	(Lorg/gradle/api/Project;)V	IllegalStateException: anonymous-class-without-metadata @ KotlinWriter.writeClassDefinition	lambda-class,indy-lambda	new-anonymous-class,inline-lambda-body,invokedynamic	no-compile	other:1;placeholder-syntax:7	0	0	0	0	0	0	no-compile	anon-not-implementing:3;classpath-missing:7;other:1;synthetic-class-reference:1;synthetic-symbol:3	3	5/5	10/10	javap	_evidence/b125/javap/n-plugin/com/tridium/gradle/plugins/doc/BajadocModulePlugin.javap.txt	2ef3dc66ce729cce2b735b0655db3c8d3aa60ea8d7c816ce2b887b03e4631932	-	_evidence/b121/kotlin-signatures/n-plugin/com/tridium/gradle/plugins/doc/BajadocModulePlugin.kt.txt	_evidence/b121/vf-kt/n-plugin/com/tridium/gradle/plugins/doc/BajadocModulePlugin.kt	_evidence/b125/javap/n-plugin/com/tridium/gradle/plugins/doc/BajadocModulePlugin.javap.txt
n-plugin:com/tridium/gradle/plugins/doc/NiagaraDocPlugin.kt:23	n-plugin	com/tridium/gradle/plugins/doc/NiagaraDocPlugin	apply	(Lorg/gradle/api/Project;)V	IllegalStateException: anonymous-class-without-metadata @ KotlinWriter.writeClassDefinition	sam-wrapper,lambda-class,indy-lambda	new-anonymous-class,inline-fun-expansion,inline-lambda-body,invokedynamic	no-compile	other:1;placeholder-syntax:5	0	0	0	0	0	0	no-compile	anon-not-implementing:1;classpath-missing:8;companion-ctor:1;incompatible-types:3;other:2;synthetic-class-reference:1;synthetic-symbol:3	3	10/10	11/11	javap	_evidence/b125/javap/n-plugin/com/tridium/gradle/plugins/doc/NiagaraDocPlugin.javap.txt	ec63d54eeca1766e44a945c176ce1ec97d947eaf7b77717f5fb6414a57cdc599	-	_evidence/b121/kotlin-signatures/n-plugin/com/tridium/gradle/plugins/doc/NiagaraDocPlugin.kt.txt	_evidence/b121/vf-kt/n-plugin/com/tridium/gradle/plugins/doc/NiagaraDocPlugin.kt	_evidence/b125/javap/n-plugin/com/tridium/gradle/plugins/doc/NiagaraDocPlugin.javap.txt
n-plugin:com/tridium/gradle/plugins/doc/task/BajadocIndex.kt:39	n-plugin	com/tridium/gradle/plugins/doc/task/BajadocIndex	generateIndex	()V	IllegalStateException: anonymous-class-without-metadata @ KotlinWriter.writeClassDefinition	lambda-class	new-anonymous-class,inline-fun-expansion,inline-lambda-body,use-closeFinally,object-instance	no-compile	anon-not-implementing:1	0	0	0	0	0	0	no-compile	anon-not-implementing:1	0	1/1	11/14	javap	_evidence/b125/javap/n-plugin/com/tridium/gradle/plugins/doc/task/BajadocIndex.javap.txt	eb851a24e22cd03f0987eb04c4ca11449013aea15f5cb0bf19d5ddc69c33b5d3	_evidence/b125/java-mode/n-plugin/com/tridium/gradle/plugins/doc/task/BajadocIndex.java	_evidence/b121/kotlin-signatures/n-plugin/com/tridium/gradle/plugins/doc/task/BajadocIndex.kt.txt	_evidence/b121/vf-kt/n-plugin/com/tridium/gradle/plugins/doc/task/BajadocIndex.kt	_evidence/b125/javap/n-plugin/com/tridium/gradle/plugins/doc/task/BajadocIndex.javap.txt
n-plugin:com/tridium/gradle/plugins/doc/task/HtmlDocTask.kt:38	n-plugin	com/tridium/gradle/plugins/doc/task/HtmlDocTask	process	()V	IllegalStateException: anonymous-class-without-metadata @ KotlinWriter.writeClassDefinition	lambda-class	new-anonymous-class,inline-lambda-body	no-compile	anon-not-implementing:1	0	0	0	0	0	0	no-compile	anon-not-implementing:1	0	1/1	8/8	javap	_evidence/b125/javap/n-plugin/com/tridium/gradle/plugins/doc/task/HtmlDocTask.javap.txt	f70e2e4a2ee456e73e072344aab8bbc3c47445f5258cabd1ac08756e046590ac	_evidence/b125/java-mode/n-plugin/com/tridium/gradle/plugins/doc/task/HtmlDocTask.java	_evidence/b121/kotlin-signatures/n-plugin/com/tridium/gradle/plugins/doc/task/HtmlDocTask.kt.txt	_evidence/b121/vf-kt/n-plugin/com/tridium/gradle/plugins/doc/task/HtmlDocTask.kt	_evidence/b125/javap/n-plugin/com/tridium/gradle/plugins/doc/task/HtmlDocTask.javap.txt
n-plugin:com/tridium/gradle/plugins/grunt/GruntPlugin.kt:18	n-plugin	com/tridium/gradle/plugins/grunt/GruntPlugin	apply	(Lorg/gradle/api/Project;)V	IllegalStateException: anonymous-class-without-metadata @ KotlinWriter.writeClassDefinition	sam-wrapper,lambda-class,indy-lambda	new-anonymous-class,inline-fun-expansion,inline-lambda-body,invokedynamic,object-instance	no-compile	other:2;placeholder-syntax:4	0	0	0	0	0	0	no-compile	anon-not-implementing:7;classpath-missing:3;companion-ctor:1;incompatible-types:4;other:1;synthetic-class-reference:2;synthetic-symbol:1	3	11/11	8/8	javap	_evidence/b125/javap/n-plugin/com/tridium/gradle/plugins/grunt/GruntPlugin.javap.txt	c96445cbc4450466819355e67a9cfd36620593337e606ebd5deaf44157f10a15	-	_evidence/b121/kotlin-signatures/n-plugin/com/tridium/gradle/plugins/grunt/GruntPlugin.kt.txt	_evidence/b121/vf-kt/n-plugin/com/tridium/gradle/plugins/grunt/GruntPlugin.kt	_evidence/b125/javap/n-plugin/com/tridium/gradle/plugins/grunt/GruntPlugin.javap.txt
n-plugin:com/tridium/gradle/plugins/grunt/GruntPlugin.kt:166	n-plugin	com/tridium/gradle/plugins/grunt/GruntPlugin	configureTask	(Lcom/tridium/gradle/plugins/grunt/task/GruntCiTask;Ljava/lang/String;Lorg/gradle/api/provider/Provider;Lorg/gradle/api/provider/Provider;Ljava/lang/String;)V	IllegalStateException: anonymous-class-without-metadata @ KotlinWriter.writeClassDefinition	lambda-class	new-anonymous-class	no-compile	other:2;placeholder-syntax:4	0	0	0	0	0	0	no-compile	anon-not-implementing:7;classpath-missing:3;companion-ctor:1;incompatible-types:4;other:1;synthetic-class-reference:2;synthetic-symbol:1	0	0/4	0/13	javap	_evidence/b125/javap/n-plugin/com/tridium/gradle/plugins/grunt/GruntPlugin.javap.txt	c96445cbc4450466819355e67a9cfd36620593337e606ebd5deaf44157f10a15	-	_evidence/b121/kotlin-signatures/n-plugin/com/tridium/gradle/plugins/grunt/GruntPlugin.kt.txt	_evidence/b121/vf-kt/n-plugin/com/tridium/gradle/plugins/grunt/GruntPlugin.kt	_evidence/b125/javap/n-plugin/com/tridium/gradle/plugins/grunt/GruntPlugin.javap.txt
n-plugin:com/tridium/gradle/plugins/grunt/util/GruntOptions.kt:class	n-plugin	com/tridium/gradle/plugins/grunt/util/GruntOptions	*	*	ArrayIndexOutOfBoundsException: Index 0 out of bounds for length 0 @ KotlinWriter.writeMethod	-	-	class:compiles-mismatch	-	6	1	1	0	3	1	class:compiles-mismatch	-	0	2/2	7/7	javap	_evidence/b125/javap/n-plugin/com/tridium/gradle/plugins/grunt/util/GruntOptions.javap.txt	5a796df0823ddd95b1a3447162ccdab9a77fc2186966ca8396b2248c671b7abe	_evidence/b125/java-mode/n-plugin/com/tridium/gradle/plugins/grunt/util/GruntOptions.java	_evidence/b121/kotlin-signatures/n-plugin/com/tridium/gradle/plugins/grunt/util/GruntOptions.kt.txt	_evidence/b121/vf-kt/n-plugin/com/tridium/gradle/plugins/grunt/util/GruntOptions.kt	_evidence/b125/javap/n-plugin/com/tridium/gradle/plugins/grunt/util/GruntOptions.javap.txt
n-plugin:com/tridium/gradle/plugins/grunt/util/JsonSerializable.kt:50	n-plugin	com/tridium/gradle/plugins/grunt/util/JsonSerializable	withJson	(Ljava/lang/String;)V	IllegalStateException: anonymous-class-without-metadata @ KotlinWriter.writeClassDefinition	lambda-class	new-anonymous-class	no-compile	anon-not-implementing:2;companion-ctor:1	0	0	0	0	0	0	no-compile	anon-not-implementing:2;companion-ctor:1	0	1/1	1/1	javap	_evidence/b125/javap/n-plugin/com/tridium/gradle/plugins/grunt/util/JsonSerializable.javap.txt	476ae0356e6e62708f93a3641d52f3290b51187421db54852e8d889285e4e264	_evidence/b125/java-mode/n-plugin/com/tridium/gradle/plugins/grunt/util/JsonSerializable.java	_evidence/b121/kotlin-signatures/n-plugin/com/tridium/gradle/plugins/grunt/util/JsonSerializable.kt.txt	_evidence/b121/vf-kt/n-plugin/com/tridium/gradle/plugins/grunt/util/JsonSerializable.kt	_evidence/b125/javap/n-plugin/com/tridium/gradle/plugins/grunt/util/JsonSerializable.javap.txt
n-plugin:com/tridium/gradle/plugins/grunt/util/JsonSerializable.kt:77	n-plugin	com/tridium/gradle/plugins/grunt/util/JsonSerializable	withJson	(Lorg/gradle/api/provider/Provider;)V	IllegalStateException: anonymous-class-without-metadata @ KotlinWriter.writeClassDefinition	lambda-class	new-anonymous-class	no-compile	anon-not-implementing:2;companion-ctor:1	0	0	0	0	0	0	no-compile	anon-not-implementing:2;companion-ctor:1	0	0/1	1/1	javap	_evidence/b125/javap/n-plugin/com/tridium/gradle/plugins/grunt/util/JsonSerializable.javap.txt	476ae0356e6e62708f93a3641d52f3290b51187421db54852e8d889285e4e264	_evidence/b125/java-mode/n-plugin/com/tridium/gradle/plugins/grunt/util/JsonSerializable.java	_evidence/b121/kotlin-signatures/n-plugin/com/tridium/gradle/plugins/grunt/util/JsonSerializable.kt.txt	_evidence/b121/vf-kt/n-plugin/com/tridium/gradle/plugins/grunt/util/JsonSerializable.kt	_evidence/b125/javap/n-plugin/com/tridium/gradle/plugins/grunt/util/JsonSerializable.javap.txt
n-plugin:com/tridium/gradle/plugins/grunt/util/KarmaConfig.kt:class	n-plugin	com/tridium/gradle/plugins/grunt/util/KarmaConfig	*	*	ArrayIndexOutOfBoundsException: Index 0 out of bounds for length 0 @ KotlinWriter.writeMethod	-	-	class:compiles-mismatch	-	12	3	3	0	3	3	class:compiles-mismatch	-	0	2/2	9/9	javap	_evidence/b125/javap/n-plugin/com/tridium/gradle/plugins/grunt/util/KarmaConfig.javap.txt	ddc2f89e090ac4e600b6a6905085489f6d6fe8af3102807378f39b4ada48a4fe	_evidence/b125/java-mode/n-plugin/com/tridium/gradle/plugins/grunt/util/KarmaConfig.java	_evidence/b121/kotlin-signatures/n-plugin/com/tridium/gradle/plugins/grunt/util/KarmaConfig.kt.txt	_evidence/b121/vf-kt/n-plugin/com/tridium/gradle/plugins/grunt/util/KarmaConfig.kt	_evidence/b125/javap/n-plugin/com/tridium/gradle/plugins/grunt/util/KarmaConfig.javap.txt
n-plugin:com/tridium/gradle/plugins/jacoco/NiagaraJacocoPlugin.kt:14	n-plugin	com/tridium/gradle/plugins/jacoco/NiagaraJacocoPlugin	apply	(Lorg/gradle/api/Project;)V	IllegalStateException: anonymous-class-without-metadata @ KotlinWriter.writeClassDefinition	lambda-class	new-anonymous-class,inline-fun-expansion,inline-lambda-body,object-instance	no-compile	placeholder-syntax:8	0	0	0	0	0	0	no-compile	anon-not-implementing:1;classpath-missing:1;enclosing-instance:1;other:1;synthetic-symbol:1	4	4/4	6/6	javap	_evidence/b125/javap/n-plugin/com/tridium/gradle/plugins/jacoco/NiagaraJacocoPlugin.javap.txt	966b07ec9598c065d2714f4c714c360518b70389983181c67a543b43bd2ef9f9	-	_evidence/b121/kotlin-signatures/n-plugin/com/tridium/gradle/plugins/jacoco/NiagaraJacocoPlugin.kt.txt	_evidence/b121/vf-kt/n-plugin/com/tridium/gradle/plugins/jacoco/NiagaraJacocoPlugin.kt	_evidence/b125/javap/n-plugin/com/tridium/gradle/plugins/jacoco/NiagaraJacocoPlugin.javap.txt
n-plugin:com/tridium/gradle/plugins/jacoco/NiagaraJacocoPluginKt.kt:19	n-plugin	com/tridium/gradle/plugins/jacoco/NiagaraJacocoPluginKt	configureJacoco	(Lcom/tridium/gradle/plugins/niagara/task/RunNiagaraTestTask;)V	IllegalStateException: anonymous-class-without-metadata @ KotlinWriter.writeClassDefinition	inline-fun-object,lambda-class,indy-lambda	new-anonymous-class,inline-fun-expansion,inline-lambda-body,invokedynamic	no-compile	placeholder-syntax:4	0	0	0	0	0	0	no-compile	placeholder-syntax:2	1	7/7	8/8	javap	_evidence/b125/javap/n-plugin/com/tridium/gradle/plugins/jacoco/NiagaraJacocoPluginKt.javap.txt	ba00b74a78e25a768f60f1d87ccbfe262716a76ee69ae2ab06be5138bb4da040	-	_evidence/b121/kotlin-signatures/n-plugin/com/tridium/gradle/plugins/jacoco/NiagaraJacocoPluginKt.kt.txt	_evidence/b121/vf-kt/n-plugin/com/tridium/gradle/plugins/jacoco/NiagaraJacocoPluginKt.kt	_evidence/b125/javap/n-plugin/com/tridium/gradle/plugins/jacoco/NiagaraJacocoPluginKt.javap.txt
n-plugin:com/tridium/gradle/plugins/java/NiagaraJavaPlugin.kt:8	n-plugin	com/tridium/gradle/plugins/java/NiagaraJavaPlugin	apply	(Lorg/gradle/api/Project;)V	IllegalStateException: anonymous-class-without-metadata @ KotlinWriter.writeClassDefinition	lambda-class	new-anonymous-class,inline-lambda-body	no-compile	anon-not-implementing:2;incompatible-types:8	0	0	0	0	0	0	no-compile	anon-not-implementing:2;incompatible-types:8	0	2/2	2/2	javap	_evidence/b125/javap/n-plugin/com/tridium/gradle/plugins/java/NiagaraJavaPlugin.javap.txt	34837447d3cdf78b0f3a816df8e8d00d21ee8334b3cc8b3a8db674f5074c8b63	_evidence/b125/java-mode/n-plugin/com/tridium/gradle/plugins/java/NiagaraJavaPlugin.java	_evidence/b121/kotlin-signatures/n-plugin/com/tridium/gradle/plugins/java/NiagaraJavaPlugin.kt.txt	_evidence/b121/vf-kt/n-plugin/com/tridium/gradle/plugins/java/NiagaraJavaPlugin.kt	_evidence/b125/javap/n-plugin/com/tridium/gradle/plugins/java/NiagaraJavaPlugin.javap.txt
n-plugin:com/tridium/gradle/plugins/module/NiagaraAnnotationProcessorsPlugin.kt:8	n-plugin	com/tridium/gradle/plugins/module/NiagaraAnnotationProcessorsPlugin	apply	(Lorg/gradle/api/Project;)V	IllegalStateException: anonymous-class-without-metadata @ KotlinWriter.writeClassDefinition	lambda-class	new-anonymous-class,inline-lambda-body	no-compile	other:2;placeholder-syntax:2	0	0	0	0	0	0	no-compile	anon-not-implementing:2;classpath-missing:3;enclosing-instance:1;synthetic-class-reference:1	2	2/2	2/2	javap	_evidence/b125/javap/n-plugin/com/tridium/gradle/plugins/module/NiagaraAnnotationProcessorsPlugin.javap.txt	635167a553b8fd2fdfd607e7aa3d2325a180a80026b952fbecd818dec88a7772	-	_evidence/b121/kotlin-signatures/n-plugin/com/tridium/gradle/plugins/module/NiagaraAnnotationProcessorsPlugin.kt.txt	_evidence/b121/vf-kt/n-plugin/com/tridium/gradle/plugins/module/NiagaraAnnotationProcessorsPlugin.kt	_evidence/b125/javap/n-plugin/com/tridium/gradle/plugins/module/NiagaraAnnotationProcessorsPlugin.javap.txt
n-plugin:com/tridium/gradle/plugins/module/NiagaraModularityPlugin.kt:31	n-plugin	com/tridium/gradle/plugins/module/NiagaraModularityPlugin	apply	(Lorg/gradle/api/Project;)V	IllegalStateException: anonymous-class-without-metadata @ KotlinWriter.writeClassDefinition	lambda-class	new-anonymous-class,inline-fun-expansion,inline-lambda-body	no-compile	anon-not-implementing:4;incompatible-types:2;synthetic-symbol:14	0	0	0	0	0	0	no-compile	anon-not-implementing:4;incompatible-types:2;synthetic-symbol:14	0	7/7	18/21	javap	_evidence/b125/javap/n-plugin/com/tridium/gradle/plugins/module/NiagaraModularityPlugin.javap.txt	3e42f56f13294b026153a3fddc1a7bbb0abcc82cb2c1c51832387c64e1a7cda6	_evidence/b125/java-mode/n-plugin/com/tridium/gradle/plugins/module/NiagaraModularityPlugin.java	_evidence/b121/kotlin-signatures/n-plugin/com/tridium/gradle/plugins/module/NiagaraModularityPlugin.kt.txt	_evidence/b121/vf-kt/n-plugin/com/tridium/gradle/plugins/module/NiagaraModularityPlugin.kt	_evidence/b125/javap/n-plugin/com/tridium/gradle/plugins/module/NiagaraModularityPlugin.javap.txt
n-plugin:com/tridium/gradle/plugins/module/NiagaraModulePlugin.kt:56	n-plugin	com/tridium/gradle/plugins/module/NiagaraModulePlugin	apply	(Lorg/gradle/api/Project;)V	IllegalStateException: anonymous-class-without-metadata @ KotlinWriter.writeClassDefinition	inline-fun-object,lambda-class,lambda-body-method	new-anonymous-class,inline-fun-expansion,inline-lambda-body,object-instance	no-compile	other:1;placeholder-syntax:36	0	0	0	0	0	0	no-compile	anon-not-implementing:10;classpath-missing:21;companion-ctor:1;enclosing-instance:6;incompatible-types:14;other:4;synthetic-class-reference:2;synthetic-symbol:4	2	4/4	17/17	javap	_evidence/b125/javap/n-plugin/com/tridium/gradle/plugins/module/NiagaraModulePlugin.javap.txt	9286c82a28d62866d533d1722774752f6370f9c9d56ee9cf2a499c7b0dd8ecae	-	_evidence/b121/kotlin-signatures/n-plugin/com/tridium/gradle/plugins/module/NiagaraModulePlugin.kt.txt	_evidence/b121/vf-kt/n-plugin/com/tridium/gradle/plugins/module/NiagaraModulePlugin.kt	_evidence/b125/javap/n-plugin/com/tridium/gradle/plugins/module/NiagaraModulePlugin.javap.txt
n-plugin:com/tridium/gradle/plugins/module/NiagaraModulePlugin.kt:960	n-plugin	com/tridium/gradle/plugins/module/NiagaraModulePlugin	configureIdeaPlugin	(Lorg/gradle/api/Project;Lorg/gradle/api/tasks/SourceSet;)V	IllegalStateException: anonymous-class-without-metadata @ KotlinWriter.writeClassDefinition	lambda-class	new-anonymous-class	no-compile	other:1;placeholder-syntax:36	0	0	0	0	0	0	no-compile	anon-not-implementing:10;classpath-missing:21;companion-ctor:1;enclosing-instance:6;incompatible-types:14;other:4;synthetic-class-reference:2;synthetic-symbol:4	1	1/1	2/2	javap	_evidence/b125/javap/n-plugin/com/tridium/gradle/plugins/module/NiagaraModulePlugin.javap.txt	9286c82a28d62866d533d1722774752f6370f9c9d56ee9cf2a499c7b0dd8ecae	-	_evidence/b121/kotlin-signatures/n-plugin/com/tridium/gradle/plugins/module/NiagaraModulePlugin.kt.txt	_evidence/b121/vf-kt/n-plugin/com/tridium/gradle/plugins/module/NiagaraModulePlugin.kt	_evidence/b125/javap/n-plugin/com/tridium/gradle/plugins/module/NiagaraModulePlugin.javap.txt
n-plugin:com/tridium/gradle/plugins/module/NiagaraModulePlugin.kt:1020	n-plugin	com/tridium/gradle/plugins/module/NiagaraModulePlugin	createModuleManifestElementsConfiguration	(Lorg/gradle/api/artifacts/ConfigurationContainer;Lorg/gradle/api/model/ObjectFactory;Ljava/lang/String;Lorg/gradle/api/tasks/TaskProvider;Ljava/lang/String;)Lorg/gradle/api/artifacts/Configuration;	IllegalStateException: anonymous-class-without-metadata @ KotlinWriter.writeClassDefinition	lambda-class	new-anonymous-class	no-compile	other:1;placeholder-syntax:36	0	0	0	0	0	0	no-compile	anon-not-implementing:10;classpath-missing:21;companion-ctor:1;enclosing-instance:6;incompatible-types:14;other:4;synthetic-class-reference:2;synthetic-symbol:4	0	0/0	0/1	javap	_evidence/b125/javap/n-plugin/com/tridium/gradle/plugins/module/NiagaraModulePlugin.javap.txt	9286c82a28d62866d533d1722774752f6370f9c9d56ee9cf2a499c7b0dd8ecae	-	_evidence/b121/kotlin-signatures/n-plugin/com/tridium/gradle/plugins/module/NiagaraModulePlugin.kt.txt	_evidence/b121/vf-kt/n-plugin/com/tridium/gradle/plugins/module/NiagaraModulePlugin.kt	_evidence/b125/javap/n-plugin/com/tridium/gradle/plugins/module/NiagaraModulePlugin.javap.txt
n-plugin:com/tridium/gradle/plugins/module/NiagaraModulePlugin.kt:276	n-plugin	com/tridium/gradle/plugins/module/NiagaraModulePlugin	registerModuleTasks	(Lorg/gradle/api/Project;Lorg/gradle/api/tasks/SourceSet;Lorg/gradle/api/tasks/SourceSet;)V	IllegalStateException: anonymous-class-without-metadata @ KotlinWriter.writeClassDefinition	sam-wrapper,lambda-class,indy-lambda	new-anonymous-class,inline-fun-expansion,inline-lambda-body,invokedynamic,object-instance	no-compile	other:1;placeholder-syntax:36	0	0	0	0	0	0	no-compile	anon-not-implementing:10;classpath-missing:21;companion-ctor:1;enclosing-instance:6;incompatible-types:14;other:4;synthetic-class-reference:2;synthetic-symbol:4	2	30/30	41/42	javap	_evidence/b125/javap/n-plugin/com/tridium/gradle/plugins/module/NiagaraModulePlugin.javap.txt	9286c82a28d62866d533d1722774752f6370f9c9d56ee9cf2a499c7b0dd8ecae	-	_evidence/b121/kotlin-signatures/n-plugin/com/tridium/gradle/plugins/module/NiagaraModulePlugin.kt.txt	_evidence/b121/vf-kt/n-plugin/com/tridium/gradle/plugins/module/NiagaraModulePlugin.kt	_evidence/b125/javap/n-plugin/com/tridium/gradle/plugins/module/NiagaraModulePlugin.javap.txt
n-plugin:com/tridium/gradle/plugins/module/NiagaraModulePlugin.kt:889	n-plugin	com/tridium/gradle/plugins/module/NiagaraModulePlugin	registerNiagaraTestTasks	(Lorg/gradle/api/Project;Lorg/gradle/api/tasks/SourceSet;)V	IllegalStateException: anonymous-class-without-metadata @ KotlinWriter.writeClassDefinition	lambda-class,indy-lambda	new-anonymous-class,invokedynamic	no-compile	other:1;placeholder-syntax:36	0	0	0	0	0	0	no-compile	anon-not-implementing:10;classpath-missing:21;companion-ctor:1;enclosing-instance:6;incompatible-types:14;other:4;synthetic-class-reference:2;synthetic-symbol:4	0	3/3	9/9	javap	_evidence/b125/javap/n-plugin/com/tridium/gradle/plugins/module/NiagaraModulePlugin.javap.txt	9286c82a28d62866d533d1722774752f6370f9c9d56ee9cf2a499c7b0dd8ecae	_evidence/b125/java-mode/n-plugin/com/tridium/gradle/plugins/module/NiagaraModulePlugin.java	_evidence/b121/kotlin-signatures/n-plugin/com/tridium/gradle/plugins/module/NiagaraModulePlugin.kt.txt	_evidence/b121/vf-kt/n-plugin/com/tridium/gradle/plugins/module/NiagaraModulePlugin.kt	_evidence/b125/javap/n-plugin/com/tridium/gradle/plugins/module/NiagaraModulePlugin.javap.txt
n-plugin:com/tridium/gradle/plugins/natives/NativeAggregationExtension.kt:22	n-plugin	com/tridium/gradle/plugins/natives/NativeAggregationExtension	fromPlatform	(Ljava/lang/String;)V	IllegalStateException: anonymous-class-without-metadata @ KotlinWriter.writeClassDefinition	lambda-class	new-anonymous-class	no-compile	placeholder-syntax:2	0	0	0	0	0	0	no-compile	anon-not-implementing:1;classpath-missing:1;synthetic-symbol:2	1	1/1	2/2	javap	_evidence/b125/javap/n-plugin/com/tridium/gradle/plugins/natives/NativeAggregationExtension.javap.txt	b36441bd9dcfc4f9c64184142a11c3c6d6e576873c1ac12563538460eb3b5cb6	-	_evidence/b121/kotlin-signatures/n-plugin/com/tridium/gradle/plugins/natives/NativeAggregationExtension.kt.txt	_evidence/b121/vf-kt/n-plugin/com/tridium/gradle/plugins/natives/NativeAggregationExtension.kt	_evidence/b125/javap/n-plugin/com/tridium/gradle/plugins/natives/NativeAggregationExtension.javap.txt
n-plugin:com/tridium/gradle/plugins/natives/NativeAggregationPlugin.kt:17	n-plugin	com/tridium/gradle/plugins/natives/NativeAggregationPlugin	apply	(Lorg/gradle/api/Project;)V	IllegalStateException: anonymous-class-without-metadata @ KotlinWriter.writeClassDefinition	lambda-class,lambda-body-method	new-anonymous-class,inline-fun-expansion,inline-lambda-body,object-instance	no-compile	placeholder-syntax:2	0	0	0	0	0	0	no-compile	anon-not-implementing:1;classpath-missing:6;incompatible-types:2;other:1;synthetic-symbol:6	1	6/6	15/15	javap	_evidence/b125/javap/n-plugin/com/tridium/gradle/plugins/natives/NativeAggregationPlugin.javap.txt	55610f89ad25f381fc201e6b20627f50b11a77eb4112ed8c68f2eaf436097bed	-	_evidence/b121/kotlin-signatures/n-plugin/com/tridium/gradle/plugins/natives/NativeAggregationPlugin.kt.txt	_evidence/b121/vf-kt/n-plugin/com/tridium/gradle/plugins/natives/NativeAggregationPlugin.kt	_evidence/b125/javap/n-plugin/com/tridium/gradle/plugins/natives/NativeAggregationPlugin.javap.txt
n-plugin:com/tridium/gradle/plugins/natives/NiagaraNativePlugin.kt:19	n-plugin	com/tridium/gradle/plugins/natives/NiagaraNativePlugin	apply	(Lorg/gradle/api/Project;)V	IllegalStateException: anonymous-class-without-metadata @ KotlinWriter.writeClassDefinition	inline-fun-object,lambda-class,indy-lambda,lambda-body-method	new-anonymous-class,inline-fun-expansion,inline-lambda-body,invokedynamic,default-args-call,object-instance	no-compile	other:1;placeholder-syntax:10	0	0	0	0	0	0	no-compile	anon-not-implementing:8;classpath-missing:5;companion-ctor:1;incompatible-types:3;other:1;synthetic-class-reference:1;synthetic-symbol:9	4	8/8	16/16	javap	_evidence/b125/javap/n-plugin/com/tridium/gradle/plugins/natives/NiagaraNativePlugin.javap.txt	6c969719b986f90f3dc56d370f852eece66b8b9e9126b29de820918ffbb040fd	-	_evidence/b121/kotlin-signatures/n-plugin/com/tridium/gradle/plugins/natives/NiagaraNativePlugin.kt.txt	_evidence/b121/vf-kt/n-plugin/com/tridium/gradle/plugins/natives/NiagaraNativePlugin.kt	_evidence/b125/javap/n-plugin/com/tridium/gradle/plugins/natives/NiagaraNativePlugin.javap.txt
n-plugin:com/tridium/gradle/plugins/natives/NiagaraNativePlugin.kt:250	n-plugin	com/tridium/gradle/plugins/natives/NiagaraNativePlugin	createIncludePathConfiguration	(Lorg/gradle/api/Project;Lcom/tridium/gradle/plugins/natives/Os;)V	IllegalStateException: anonymous-class-without-metadata @ KotlinWriter.writeClassDefinition	lambda-class,indy-lambda	new-anonymous-class,inline-lambda-body,invokedynamic	no-compile	other:1;placeholder-syntax:10	0	0	0	0	0	0	no-compile	anon-not-implementing:8;classpath-missing:5;companion-ctor:1;incompatible-types:3;other:1;synthetic-class-reference:1;synthetic-symbol:9	0	0/0	4/4	javap	_evidence/b125/javap/n-plugin/com/tridium/gradle/plugins/natives/NiagaraNativePlugin.javap.txt	6c969719b986f90f3dc56d370f852eece66b8b9e9126b29de820918ffbb040fd	_evidence/b125/java-mode/n-plugin/com/tridium/gradle/plugins/natives/NiagaraNativePlugin.java	_evidence/b121/kotlin-signatures/n-plugin/com/tridium/gradle/plugins/natives/NiagaraNativePlugin.kt.txt	_evidence/b121/vf-kt/n-plugin/com/tridium/gradle/plugins/natives/NiagaraNativePlugin.kt	_evidence/b125/javap/n-plugin/com/tridium/gradle/plugins/natives/NiagaraNativePlugin.javap.txt
n-plugin:com/tridium/gradle/plugins/natives/NiagaraNativePlugin.kt:203	n-plugin	com/tridium/gradle/plugins/natives/NiagaraNativePlugin	createNativeApiElementsConfiguration	(Lorg/gradle/api/Project;Lorg/gradle/api/provider/Provider;Lcom/tridium/gradle/plugins/natives/Os;)V	IllegalStateException: anonymous-class-without-metadata @ KotlinWriter.writeClassDefinition	lambda-class,indy-lambda	new-anonymous-class,inline-lambda-body,invokedynamic	no-compile	other:1;placeholder-syntax:10	0	0	0	0	0	0	no-compile	anon-not-implementing:8;classpath-missing:5;companion-ctor:1;incompatible-types:3;other:1;synthetic-class-reference:1;synthetic-symbol:9	0	0/0	4/4	javap	_evidence/b125/javap/n-plugin/com/tridium/gradle/plugins/natives/NiagaraNativePlugin.javap.txt	6c969719b986f90f3dc56d370f852eece66b8b9e9126b29de820918ffbb040fd	_evidence/b125/java-mode/n-plugin/com/tridium/gradle/plugins/natives/NiagaraNativePlugin.java	_evidence/b121/kotlin-signatures/n-plugin/com/tridium/gradle/plugins/natives/NiagaraNativePlugin.kt.txt	_evidence/b121/vf-kt/n-plugin/com/tridium/gradle/plugins/natives/NiagaraNativePlugin.kt	_evidence/b125/javap/n-plugin/com/tridium/gradle/plugins/natives/NiagaraNativePlugin.javap.txt
n-plugin:com/tridium/gradle/plugins/natives/NiagaraNativePluginKt.kt:150	n-plugin	com/tridium/gradle/plugins/natives/NiagaraNativePluginKt	createBinaryConsumerConfigurations	(Lorg/gradle/api/Project;Lcom/tridium/gradle/plugins/natives/NiagaraNativePlatform;)V	IllegalStateException: anonymous-class-without-metadata @ KotlinWriter.writeClassDefinition	lambda-class,indy-lambda	new-anonymous-class,invokedynamic	no-compile	placeholder-syntax:2	0	0	0	0	0	0	no-compile	anon-not-implementing:12;classpath-missing:1;incompatible-types:2;other:1;synthetic-symbol:6	0	0/2	0/3	javap	_evidence/b125/javap/n-plugin/com/tridium/gradle/plugins/natives/NiagaraNativePluginKt.javap.txt	ae11651393810e40af803235eb7d3e4af482e31567e42613842dfe3f1dd99fba	-	_evidence/b121/kotlin-signatures/n-plugin/com/tridium/gradle/plugins/natives/NiagaraNativePluginKt.kt.txt	_evidence/b121/vf-kt/n-plugin/com/tridium/gradle/plugins/natives/NiagaraNativePluginKt.kt	_evidence/b125/javap/n-plugin/com/tridium/gradle/plugins/natives/NiagaraNativePluginKt.javap.txt
n-plugin:com/tridium/gradle/plugins/natives/NiagaraNativePluginKt.kt:77	n-plugin	com/tridium/gradle/plugins/natives/NiagaraNativePluginKt	createBinaryProducerConfigurations	(Lorg/gradle/api/Project;Lcom/tridium/gradle/plugins/natives/NiagaraNativePlatform;)V	IllegalStateException: anonymous-class-without-metadata @ KotlinWriter.writeClassDefinition	lambda-class,indy-lambda	new-anonymous-class,invokedynamic,object-instance	no-compile	placeholder-syntax:2	0	0	0	0	0	0	no-compile	anon-not-implementing:12;classpath-missing:1;incompatible-types:2;other:1;synthetic-symbol:6	0	0/2	0/5	javap	_evidence/b125/javap/n-plugin/com/tridium/gradle/plugins/natives/NiagaraNativePluginKt.javap.txt	ae11651393810e40af803235eb7d3e4af482e31567e42613842dfe3f1dd99fba	-	_evidence/b121/kotlin-signatures/n-plugin/com/tridium/gradle/plugins/natives/NiagaraNativePluginKt.kt.txt	_evidence/b121/vf-kt/n-plugin/com/tridium/gradle/plugins/natives/NiagaraNativePluginKt.kt	_evidence/b125/javap/n-plugin/com/tridium/gradle/plugins/natives/NiagaraNativePluginKt.javap.txt
n-plugin:com/tridium/gradle/plugins/natives/NiagaraNativePluginKt.kt:42	n-plugin	com/tridium/gradle/plugins/natives/NiagaraNativePluginKt	createLinkPathConfiguration	(Lorg/gradle/api/Project;Lcom/tridium/gradle/plugins/natives/NiagaraNativePlatform;)V	IllegalStateException: anonymous-class-without-metadata @ KotlinWriter.writeClassDefinition	lambda-class,indy-lambda	new-anonymous-class,invokedynamic	no-compile	placeholder-syntax:2	0	0	0	0	0	0	no-compile	anon-not-implementing:12;classpath-missing:1;incompatible-types:2;other:1;synthetic-symbol:6	0	2/2	3/3	javap	_evidence/b125/javap/n-plugin/com/tridium/gradle/plugins/natives/NiagaraNativePluginKt.javap.txt	ae11651393810e40af803235eb7d3e4af482e31567e42613842dfe3f1dd99fba	_evidence/b125/java-mode/n-plugin/com/tridium/gradle/plugins/natives/NiagaraNativePluginKt.java	_evidence/b121/kotlin-signatures/n-plugin/com/tridium/gradle/plugins/natives/NiagaraNativePluginKt.kt.txt	_evidence/b121/vf-kt/n-plugin/com/tridium/gradle/plugins/natives/NiagaraNativePluginKt.kt	_evidence/b125/javap/n-plugin/com/tridium/gradle/plugins/natives/NiagaraNativePluginKt.javap.txt
n-plugin:com/tridium/gradle/plugins/natives/NiagaraNativePluginKt.kt:7	n-plugin	com/tridium/gradle/plugins/natives/NiagaraNativePluginKt	createRuntimeElementsConfiguration	(Lorg/gradle/api/Project;Lcom/tridium/gradle/plugins/natives/NiagaraNativePlatform;)V	IllegalStateException: anonymous-class-without-metadata @ KotlinWriter.writeClassDefinition	lambda-class,indy-lambda	new-anonymous-class,invokedynamic	no-compile	placeholder-syntax:2	0	0	0	0	0	0	no-compile	anon-not-implementing:12;classpath-missing:1;incompatible-types:2;other:1;synthetic-symbol:6	0	0/2	0/3	javap	_evidence/b125/javap/n-plugin/com/tridium/gradle/plugins/natives/NiagaraNativePluginKt.javap.txt	ae11651393810e40af803235eb7d3e4af482e31567e42613842dfe3f1dd99fba	-	_evidence/b121/kotlin-signatures/n-plugin/com/tridium/gradle/plugins/natives/NiagaraNativePluginKt.kt.txt	_evidence/b121/vf-kt/n-plugin/com/tridium/gradle/plugins/natives/NiagaraNativePluginKt.kt	_evidence/b125/javap/n-plugin/com/tridium/gradle/plugins/natives/NiagaraNativePluginKt.javap.txt
n-plugin:com/tridium/gradle/plugins/natives/RootProjectNiagaraNativePlugin.kt:13	n-plugin	com/tridium/gradle/plugins/natives/RootProjectNiagaraNativePlugin	apply	(Lorg/gradle/api/Project;)V	IllegalStateException: anonymous-class-without-metadata @ KotlinWriter.writeClassDefinition	lambda-class	new-anonymous-class,inline-lambda-body,object-instance	no-compile	placeholder-syntax:4	0	0	0	0	0	0	no-compile	anon-not-implementing:2;other:2	2	8/8	16/16	javap	_evidence/b125/javap/n-plugin/com/tridium/gradle/plugins/natives/RootProjectNiagaraNativePlugin.javap.txt	64c52bd1216c3ce1a5080a16e9cf6389922a34782d6a9f7a0c160572045f50a2	-	_evidence/b121/kotlin-signatures/n-plugin/com/tridium/gradle/plugins/natives/RootProjectNiagaraNativePlugin.kt.txt	_evidence/b121/vf-kt/n-plugin/com/tridium/gradle/plugins/natives/RootProjectNiagaraNativePlugin.kt	_evidence/b125/javap/n-plugin/com/tridium/gradle/plugins/natives/RootProjectNiagaraNativePlugin.javap.txt
n-plugin:com/tridium/gradle/plugins/natives/command/NativeCommand.kt:119	n-plugin	com/tridium/gradle/plugins/natives/command/NativeCommand	execute	(Ljava/lang/String;Ljava/util/List;)V	IllegalStateException: anonymous-class-without-metadata @ KotlinWriter.writeClassDefinition	lambda-class	new-anonymous-class	no-compile	anon-not-implementing:1;companion-ctor:1;incompatible-types:5;synthetic-class-reference:1;synthetic-symbol:2	0	0	0	0	0	0	no-compile	anon-not-implementing:1;companion-ctor:1;incompatible-types:5;synthetic-class-reference:1;synthetic-symbol:2	0	2/2	4/4	javap	_evidence/b125/javap/n-plugin/com/tridium/gradle/plugins/natives/command/NativeCommand.javap.txt	2f4205fe514386b676ad2a514c82ef560f58206e6d907c7cce177a7cfc727bbd	_evidence/b125/java-mode/n-plugin/com/tridium/gradle/plugins/natives/command/NativeCommand.java	_evidence/b121/kotlin-signatures/n-plugin/com/tridium/gradle/plugins/natives/command/NativeCommand.kt.txt	_evidence/b121/vf-kt/n-plugin/com/tridium/gradle/plugins/natives/command/NativeCommand.kt	_evidence/b125/javap/n-plugin/com/tridium/gradle/plugins/natives/command/NativeCommand.javap.txt
n-plugin:com/tridium/gradle/plugins/natives/command/Win32Command.kt:149	n-plugin	com/tridium/gradle/plugins/natives/command/Win32Command	sign$n_plugin	()V	IllegalStateException: anonymous-class-without-metadata @ KotlinWriter.writeClassDefinition	lambda-class	new-anonymous-class	no-compile	placeholder-syntax:2	0	0	0	0	0	0	no-compile	placeholder-syntax:2	0	0/0	4/4	javap	_evidence/b125/javap/n-plugin/com/tridium/gradle/plugins/natives/command/Win32Command.javap.txt	b5235e8aea98abd46a5fa8ce512c3dbe15401247c6f0eb29ebcf1663b30463db	_evidence/b125/java-mode/n-plugin/com/tridium/gradle/plugins/natives/command/Win32Command.java	_evidence/b121/kotlin-signatures/n-plugin/com/tridium/gradle/plugins/natives/command/Win32Command.kt.txt	_evidence/b121/vf-kt/n-plugin/com/tridium/gradle/plugins/natives/command/Win32Command.kt	_evidence/b125/javap/n-plugin/com/tridium/gradle/plugins/natives/command/Win32Command.javap.txt
n-plugin:com/tridium/gradle/plugins/natives/extension/DefaultNiagaraNativeExtension.kt:179	n-plugin	com/tridium/gradle/plugins/natives/extension/DefaultNiagaraNativeExtension	registerTaskForNativePlatform	(Lorg/gradle/api/Project;Lcom/tridium/gradle/plugins/natives/NiagaraNativePlatform;Lcom/tridium/gradle/plugins/natives/source/RootNativeSource;)Lorg/gradle/api/tasks/TaskProvider;	IllegalStateException: anonymous-class-without-metadata @ KotlinWriter.writeClassDefinition	lambda-class,indy-lambda	new-anonymous-class,inline-fun-expansion,inline-lambda-body,invokedynamic,when-enum-mapping	no-compile	placeholder-syntax:12	0	0	0	0	0	0	no-compile	anon-not-implementing:12;classpath-missing:2;incompatible-types:15;other:1;synthetic-class-reference:1;synthetic-symbol:2	0	0/2	0/16	javap	_evidence/b125/javap/n-plugin/com/tridium/gradle/plugins/natives/extension/DefaultNiagaraNativeExtension.javap.txt	b61df775413af87b9ee5530ff482b9c1adb93fa4049b42daeec6ba2817788252	-	_evidence/b121/kotlin-signatures/n-plugin/com/tridium/gradle/plugins/natives/extension/DefaultNiagaraNativeExtension.kt.txt	_evidence/b121/vf-kt/n-plugin/com/tridium/gradle/plugins/natives/extension/DefaultNiagaraNativeExtension.kt	_evidence/b125/javap/n-plugin/com/tridium/gradle/plugins/natives/extension/DefaultNiagaraNativeExtension.javap.txt
n-plugin:com/tridium/gradle/plugins/natives/extension/DefaultNiagaraNativeExtension.kt:98	n-plugin	com/tridium/gradle/plugins/natives/extension/DefaultNiagaraNativeExtension	useJvmToolchain	(Lorg/gradle/api/Action;)V	IllegalStateException: anonymous-class-without-metadata @ KotlinWriter.writeClassDefinition	lambda-class	new-anonymous-class	no-compile	placeholder-syntax:12	0	0	0	0	0	0	no-compile	anon-not-implementing:12;classpath-missing:2;incompatible-types:15;other:1;synthetic-class-reference:1;synthetic-symbol:2	0	3/3	6/6	javap	_evidence/b125/javap/n-plugin/com/tridium/gradle/plugins/natives/extension/DefaultNiagaraNativeExtension.javap.txt	b61df775413af87b9ee5530ff482b9c1adb93fa4049b42daeec6ba2817788252	_evidence/b125/java-mode/n-plugin/com/tridium/gradle/plugins/natives/extension/DefaultNiagaraNativeExtension.java	_evidence/b121/kotlin-signatures/n-plugin/com/tridium/gradle/plugins/natives/extension/DefaultNiagaraNativeExtension.kt.txt	_evidence/b121/vf-kt/n-plugin/com/tridium/gradle/plugins/natives/extension/DefaultNiagaraNativeExtension.kt	_evidence/b125/javap/n-plugin/com/tridium/gradle/plugins/natives/extension/DefaultNiagaraNativeExtension.javap.txt
n-plugin:com/tridium/gradle/plugins/natives/extension/DefaultNiagaraNativeExtension.kt:46	n-plugin	com/tridium/gradle/plugins/natives/extension/DefaultNiagaraNativeExtension	useJvmToolchain	(Lorg/gradle/jvm/toolchain/JavaToolchainSpec;)V	IllegalStateException: anonymous-class-without-metadata @ KotlinWriter.writeClassDefinition	lambda-class	new-anonymous-class	no-compile	placeholder-syntax:12	0	0	0	0	0	0	no-compile	anon-not-implementing:12;classpath-missing:2;incompatible-types:15;other:1;synthetic-class-reference:1;synthetic-symbol:2	0	3/3	6/6	javap	_evidence/b125/javap/n-plugin/com/tridium/gradle/plugins/natives/extension/DefaultNiagaraNativeExtension.javap.txt	b61df775413af87b9ee5530ff482b9c1adb93fa4049b42daeec6ba2817788252	_evidence/b125/java-mode/n-plugin/com/tridium/gradle/plugins/natives/extension/DefaultNiagaraNativeExtension.java	_evidence/b121/kotlin-signatures/n-plugin/com/tridium/gradle/plugins/natives/extension/DefaultNiagaraNativeExtension.kt.txt	_evidence/b121/vf-kt/n-plugin/com/tridium/gradle/plugins/natives/extension/DefaultNiagaraNativeExtension.kt	_evidence/b125/javap/n-plugin/com/tridium/gradle/plugins/natives/extension/DefaultNiagaraNativeExtension.javap.txt
n-plugin:com/tridium/gradle/plugins/natives/extension/DefaultNiagaraNativeExtension.kt:322	n-plugin	com/tridium/gradle/plugins/natives/extension/DefaultNiagaraNativeExtension$NativePlatformFactory	create	(Ljava/lang/String;)Lcom/tridium/gradle/plugins/natives/NiagaraNativePlatform;	IllegalStateException: anonymous-class-without-metadata @ KotlinWriter.writeClassDefinition	lambda-class	new-anonymous-class	no-compile	placeholder-syntax:12	0	0	0	0	0	0	no-compile	anon-not-implementing:12;classpath-missing:2;incompatible-types:15;other:1;synthetic-class-reference:1;synthetic-symbol:2	0	1/2	0/8	javap	_evidence/b125/javap/n-plugin/com/tridium/gradle/plugins/natives/extension/DefaultNiagaraNativeExtension$NativePlatformFactory.javap.txt	039b03e12dbb8814f3d8a3c98fc1dc1a21736515652583d82de21065d26b54c7	_evidence/b125/java-mode/n-plugin/com/tridium/gradle/plugins/natives/extension/DefaultNiagaraNativeExtension.java	_evidence/b121/kotlin-signatures/n-plugin/com/tridium/gradle/plugins/natives/extension/DefaultNiagaraNativeExtension.kt.txt	_evidence/b121/vf-kt/n-plugin/com/tridium/gradle/plugins/natives/extension/DefaultNiagaraNativeExtension.kt	_evidence/b125/javap/n-plugin/com/tridium/gradle/plugins/natives/extension/DefaultNiagaraNativeExtension$NativePlatformFactory.javap.txt
n-plugin:com/tridium/gradle/plugins/natives/extension/DefaultNiagaraNativeExtensionKt.kt:9	n-plugin	com/tridium/gradle/plugins/natives/extension/DefaultNiagaraNativeExtensionKt	asCopyAction	(Lorg/gradle/api/NamedDomainObjectContainer;)Lorg/gradle/api/Action;	IllegalStateException: anonymous-class-without-metadata @ KotlinWriter.writeClassDefinition	lambda-class	new-anonymous-class	no-compile	anon-not-implementing:2;synthetic-symbol:3	0	0	0	0	0	0	no-compile	anon-not-implementing:2;synthetic-symbol:3	0	1/1	0/0	javap	_evidence/b125/javap/n-plugin/com/tridium/gradle/plugins/natives/extension/DefaultNiagaraNativeExtensionKt.javap.txt	a84d2bac42619428d449e83bb5f880a8474de852a1a390e6f2d30e52ded152c9	_evidence/b125/java-mode/n-plugin/com/tridium/gradle/plugins/natives/extension/DefaultNiagaraNativeExtensionKt.java	_evidence/b121/kotlin-signatures/n-plugin/com/tridium/gradle/plugins/natives/extension/DefaultNiagaraNativeExtensionKt.kt.txt	_evidence/b121/vf-kt/n-plugin/com/tridium/gradle/plugins/natives/extension/DefaultNiagaraNativeExtensionKt.kt	_evidence/b125/javap/n-plugin/com/tridium/gradle/plugins/natives/extension/DefaultNiagaraNativeExtensionKt.javap.txt
n-plugin:com/tridium/gradle/plugins/niagara/RootProjectNiagaraPlugin.kt:15	n-plugin	com/tridium/gradle/plugins/niagara/RootProjectNiagaraPlugin	apply	(Lorg/gradle/api/Project;)V	IllegalStateException: anonymous-class-without-metadata @ KotlinWriter.writeClassDefinition	sam-wrapper,lambda-class,indy-lambda	new-anonymous-class,inline-fun-expansion,inline-lambda-body,invokedynamic	no-compile	anon-not-implementing:7;classpath-missing:3;companion-ctor:1;incompatible-types:6;synthetic-class-reference:1	0	0	0	0	0	0	no-compile	anon-not-implementing:7;classpath-missing:3;companion-ctor:1;incompatible-types:6;synthetic-class-reference:1	0	16/18	14/14	javap	_evidence/b125/javap/n-plugin/com/tridium/gradle/plugins/niagara/RootProjectNiagaraPlugin.javap.txt	eab2a7933302a792db1b47a82bb2fd79025e19254b328950b5c1430b8977a0f7	_evidence/b125/java-mode/n-plugin/com/tridium/gradle/plugins/niagara/RootProjectNiagaraPlugin.java	_evidence/b121/kotlin-signatures/n-plugin/com/tridium/gradle/plugins/niagara/RootProjectNiagaraPlugin.kt.txt	_evidence/b121/vf-kt/n-plugin/com/tridium/gradle/plugins/niagara/RootProjectNiagaraPlugin.kt	_evidence/b125/javap/n-plugin/com/tridium/gradle/plugins/niagara/RootProjectNiagaraPlugin.javap.txt
n-plugin:com/tridium/gradle/plugins/niagara/SettingsNiagaraPlugin.kt:11	n-plugin	com/tridium/gradle/plugins/niagara/SettingsNiagaraPlugin	apply	(Lorg/gradle/api/initialization/Settings;)V	IllegalStateException: anonymous-class-without-metadata @ KotlinWriter.writeClassDefinition	lambda-class	new-anonymous-class,inline-lambda-body	no-compile	anon-not-implementing:4	0	0	0	0	0	0	no-compile	anon-not-implementing:4	0	5/5	7/7	javap	_evidence/b125/javap/n-plugin/com/tridium/gradle/plugins/niagara/SettingsNiagaraPlugin.javap.txt	674917ff857abb6f7d57cbaeea2529b2ea9cce6c68ae38fcec4f2abd33bd299f	_evidence/b125/java-mode/n-plugin/com/tridium/gradle/plugins/niagara/SettingsNiagaraPlugin.java	_evidence/b121/kotlin-signatures/n-plugin/com/tridium/gradle/plugins/niagara/SettingsNiagaraPlugin.kt.txt	_evidence/b121/vf-kt/n-plugin/com/tridium/gradle/plugins/niagara/SettingsNiagaraPlugin.kt	_evidence/b125/javap/n-plugin/com/tridium/gradle/plugins/niagara/SettingsNiagaraPlugin.javap.txt
n-plugin:com/tridium/gradle/plugins/node/YarnWorkspaceAggregationPlugin.kt:14	n-plugin	com/tridium/gradle/plugins/node/YarnWorkspaceAggregationPlugin	apply	(Lorg/gradle/api/Project;)V	IllegalStateException: anonymous-class-without-metadata @ KotlinWriter.writeClassDefinition	sam-wrapper,lambda-class,indy-lambda	new-anonymous-class,inline-fun-expansion,inline-lambda-body,invokedynamic,object-instance	no-compile	placeholder-syntax:2	0	0	0	0	0	0	no-compile	anon-not-implementing:3;incompatible-types:1;other:1;synthetic-class-reference:1	1	9/9	8/8	javap	_evidence/b125/javap/n-plugin/com/tridium/gradle/plugins/node/YarnWorkspaceAggregationPlugin.javap.txt	190098cfc924f2c40dd5c9c57dad49988ecc5f6b8a980a4b23423e4451b74e94	-	_evidence/b121/kotlin-signatures/n-plugin/com/tridium/gradle/plugins/node/YarnWorkspaceAggregationPlugin.kt.txt	_evidence/b121/vf-kt/n-plugin/com/tridium/gradle/plugins/node/YarnWorkspaceAggregationPlugin.kt	_evidence/b125/javap/n-plugin/com/tridium/gradle/plugins/node/YarnWorkspaceAggregationPlugin.javap.txt
n-plugin:com/tridium/gradle/plugins/node/YarnWorkspacePlugin.kt:10	n-plugin	com/tridium/gradle/plugins/node/YarnWorkspacePlugin	apply	(Lorg/gradle/api/Project;)V	IllegalStateException: anonymous-class-without-metadata @ KotlinWriter.writeClassDefinition	lambda-class	new-anonymous-class,inline-lambda-body	no-compile	placeholder-syntax:2	0	0	0	0	0	0	no-compile	anon-not-implementing:4;companion-ctor:1;other:1	1	5/5	5/5	javap	_evidence/b125/javap/n-plugin/com/tridium/gradle/plugins/node/YarnWorkspacePlugin.javap.txt	62a43cbb603e711105273bde1eccd251a0ce1739dd36e6fbb7f3ea515885d46a	-	_evidence/b121/kotlin-signatures/n-plugin/com/tridium/gradle/plugins/node/YarnWorkspacePlugin.kt.txt	_evidence/b121/vf-kt/n-plugin/com/tridium/gradle/plugins/node/YarnWorkspacePlugin.kt	_evidence/b125/javap/n-plugin/com/tridium/gradle/plugins/node/YarnWorkspacePlugin.javap.txt
n-plugin:com/tridium/gradle/plugins/node/task/CheckNodeInstalled.kt:108	n-plugin	com/tridium/gradle/plugins/node/task/CheckNodeInstalled	findNodeVersion	()Ljava/lang/String;	IllegalStateException: anonymous-class-without-metadata @ KotlinWriter.writeClassDefinition	lambda-class,indy-lambda	new-anonymous-class,invokedynamic,object-instance	no-compile	placeholder-syntax:11	0	0	0	0	0	0	no-compile	anon-not-implementing:1;synthetic-symbol:2	1	3/3	10/10	javap	_evidence/b125/javap/n-plugin/com/tridium/gradle/plugins/node/task/CheckNodeInstalled.javap.txt	61c4eb8acde324f2975f5cf7b2de3dc63e2297680a33824cac6cf24ef71ffcb9	-	_evidence/b121/kotlin-signatures/n-plugin/com/tridium/gradle/plugins/node/task/CheckNodeInstalled.kt.txt	_evidence/b121/vf-kt/n-plugin/com/tridium/gradle/plugins/node/task/CheckNodeInstalled.kt	_evidence/b125/javap/n-plugin/com/tridium/gradle/plugins/node/task/CheckNodeInstalled.javap.txt
n-plugin:com/tridium/gradle/plugins/node/task/CheckNodePackageGloballyInstalled.kt:56	n-plugin	com/tridium/gradle/plugins/node/task/CheckNodePackageGloballyInstalled	findPackage	()Z	IllegalStateException: anonymous-class-without-metadata @ KotlinWriter.writeClassDefinition	lambda-class,indy-lambda	new-anonymous-class,invokedynamic,default-args-call,object-instance	no-compile	placeholder-syntax:16	0	0	0	0	0	0	no-compile	anon-not-implementing:3;incompatible-types:2;other:2;synthetic-symbol:4	3	13/13	14/14	javap	_evidence/b125/javap/n-plugin/com/tridium/gradle/plugins/node/task/CheckNodePackageGloballyInstalled.javap.txt	eeb5ecf8f170f8472c5d7abd244cbe74d55fa3abffaaf3735f351465b98a73c9	-	_evidence/b121/kotlin-signatures/n-plugin/com/tridium/gradle/plugins/node/task/CheckNodePackageGloballyInstalled.kt.txt	_evidence/b121/vf-kt/n-plugin/com/tridium/gradle/plugins/node/task/CheckNodePackageGloballyInstalled.kt	_evidence/b125/javap/n-plugin/com/tridium/gradle/plugins/node/task/CheckNodePackageGloballyInstalled.javap.txt
n-plugin:com/tridium/gradle/plugins/node/task/JavaScriptTaskKt.kt:7	n-plugin	com/tridium/gradle/plugins/node/task/JavaScriptTaskKt	wireSkipJsConvention	(Lcom/tridium/gradle/plugins/node/task/IJavaScriptTask;Lorg/gradle/api/provider/ProviderFactory;)V	IllegalStateException: anonymous-class-without-metadata @ KotlinWriter.writeClassDefinition	lambda-class	new-anonymous-class	no-compile	anon-not-implementing:1	0	0	0	0	0	0	no-compile	anon-not-implementing:1	0	3/3	4/4	javap	_evidence/b125/javap/n-plugin/com/tridium/gradle/plugins/node/task/JavaScriptTaskKt.javap.txt	0b4a9859a5b170ea2361e4bfddf254d687f992ba823a8f997c5de718cf9c731a	_evidence/b125/java-mode/n-plugin/com/tridium/gradle/plugins/node/task/JavaScriptTaskKt.java	_evidence/b121/kotlin-signatures/n-plugin/com/tridium/gradle/plugins/node/task/JavaScriptTaskKt.kt.txt	_evidence/b121/vf-kt/n-plugin/com/tridium/gradle/plugins/node/task/JavaScriptTaskKt.kt	_evidence/b125/javap/n-plugin/com/tridium/gradle/plugins/node/task/JavaScriptTaskKt.javap.txt
n-plugin:com/tridium/gradle/plugins/node/task/WriteWorkspacePackageJson.kt:44	n-plugin	com/tridium/gradle/plugins/node/task/WriteWorkspacePackageJson	writePackageJson	()V	IllegalStateException: anonymous-class-without-metadata @ KotlinWriter.writeClassDefinition	lambda-class	new-anonymous-class,inline-lambda-body,use-closeFinally,object-instance	no-compile	anon-not-implementing:1;synthetic-symbol:1	0	0	0	0	0	0	no-compile	anon-not-implementing:1;synthetic-symbol:1	0	2/2	23/23	javap	_evidence/b125/javap/n-plugin/com/tridium/gradle/plugins/node/task/WriteWorkspacePackageJson.javap.txt	525fefdcaba811975fb2db191f14e26d5915e8de49aa0862976ce0798d08e465	_evidence/b125/java-mode/n-plugin/com/tridium/gradle/plugins/node/task/WriteWorkspacePackageJson.java	_evidence/b121/kotlin-signatures/n-plugin/com/tridium/gradle/plugins/node/task/WriteWorkspacePackageJson.kt.txt	_evidence/b121/vf-kt/n-plugin/com/tridium/gradle/plugins/node/task/WriteWorkspacePackageJson.kt	_evidence/b125/javap/n-plugin/com/tridium/gradle/plugins/node/task/WriteWorkspacePackageJson.javap.txt
n-plugin:com/tridium/gradle/plugins/signing/RootProjectSigningPlugin.kt:16	n-plugin	com/tridium/gradle/plugins/signing/RootProjectSigningPlugin	apply	(Lorg/gradle/api/Project;)V	IllegalStateException: anonymous-class-without-metadata @ KotlinWriter.writeClassDefinition	sam-wrapper,lambda-class,indy-lambda	new-anonymous-class,inline-fun-expansion,inline-lambda-body,invokedynamic,object-instance	no-compile	placeholder-syntax:2	0	0	0	0	0	0	no-compile	anon-not-implementing:2;classpath-missing:5;companion-ctor:1;incompatible-types:8;other:1;synthetic-class-reference:1	1	18/18	17/17	javap	_evidence/b125/javap/n-plugin/com/tridium/gradle/plugins/signing/RootProjectSigningPlugin.javap.txt	e463c52bc4323fabdbb74071781e20d2c373845def6205b69c12dae88c069879	-	_evidence/b121/kotlin-signatures/n-plugin/com/tridium/gradle/plugins/signing/RootProjectSigningPlugin.kt.txt	_evidence/b121/vf-kt/n-plugin/com/tridium/gradle/plugins/signing/RootProjectSigningPlugin.kt	_evidence/b125/javap/n-plugin/com/tridium/gradle/plugins/signing/RootProjectSigningPlugin.javap.txt
n-plugin:com/tridium/gradle/plugins/signing/SignedJarPlugin.kt:18	n-plugin	com/tridium/gradle/plugins/signing/SignedJarPlugin	apply	(Lorg/gradle/api/Project;)V	IllegalStateException: anonymous-class-without-metadata @ KotlinWriter.writeClassDefinition	inline-fun-object,lambda-class,lambda-body-method	new-anonymous-class,inline-fun-expansion,inline-lambda-body	no-compile	placeholder-syntax:6	0	0	0	0	0	0	no-compile	anon-not-implementing:6;classpath-missing:1;synthetic-symbol:2	0	5/5	8/8	javap	_evidence/b125/javap/n-plugin/com/tridium/gradle/plugins/signing/SignedJarPlugin.javap.txt	b99cddd75af03f9404deee79b84376552ec81093064f8afac1f417c67ae9c1dd	_evidence/b125/java-mode/n-plugin/com/tridium/gradle/plugins/signing/SignedJarPlugin.java	_evidence/b121/kotlin-signatures/n-plugin/com/tridium/gradle/plugins/signing/SignedJarPlugin.kt.txt	_evidence/b121/vf-kt/n-plugin/com/tridium/gradle/plugins/signing/SignedJarPlugin.kt	_evidence/b125/javap/n-plugin/com/tridium/gradle/plugins/signing/SignedJarPlugin.javap.txt
n-plugin:com/tridium/gradle/plugins/signing/SignedJarPlugin.kt:102	n-plugin	com/tridium/gradle/plugins/signing/SignedJarPlugin	registerConfigurationForSignedArtifacts	(Lorg/gradle/api/model/ObjectFactory;Lorg/gradle/api/artifacts/ConfigurationContainer;Lorg/gradle/api/tasks/TaskProvider;)V	IllegalStateException: anonymous-class-without-metadata @ KotlinWriter.writeClassDefinition	lambda-class,indy-lambda	new-anonymous-class,invokedynamic	no-compile	placeholder-syntax:6	0	0	0	0	0	0	no-compile	anon-not-implementing:6;classpath-missing:1;synthetic-symbol:2	2	0/0	3/3	javap	_evidence/b125/javap/n-plugin/com/tridium/gradle/plugins/signing/SignedJarPlugin.javap.txt	b99cddd75af03f9404deee79b84376552ec81093064f8afac1f417c67ae9c1dd	-	_evidence/b121/kotlin-signatures/n-plugin/com/tridium/gradle/plugins/signing/SignedJarPlugin.kt.txt	_evidence/b121/vf-kt/n-plugin/com/tridium/gradle/plugins/signing/SignedJarPlugin.kt	_evidence/b125/javap/n-plugin/com/tridium/gradle/plugins/signing/SignedJarPlugin.javap.txt
n-plugin:com/tridium/gradle/plugins/signing/SignedJarPluginKt.kt:7	n-plugin	com/tridium/gradle/plugins/signing/SignedJarPluginKt	addAttributesForSignedJars	(Lorg/gradle/api/artifacts/Configuration;Lorg/gradle/api/model/ObjectFactory;I)V	IllegalStateException: anonymous-class-without-metadata @ KotlinWriter.writeClassDefinition	lambda-class	new-anonymous-class	no-compile	anon-not-implementing:1	0	0	0	0	0	0	no-compile	anon-not-implementing:1	0	2/2	1/1	javap	_evidence/b125/javap/n-plugin/com/tridium/gradle/plugins/signing/SignedJarPluginKt.javap.txt	71112747032e6adf12d242d628e5b386c41dea9613f6548817aa2e9fa9a984a4	_evidence/b125/java-mode/n-plugin/com/tridium/gradle/plugins/signing/SignedJarPluginKt.java	_evidence/b121/kotlin-signatures/n-plugin/com/tridium/gradle/plugins/signing/SignedJarPluginKt.kt.txt	_evidence/b121/vf-kt/n-plugin/com/tridium/gradle/plugins/signing/SignedJarPluginKt.kt	_evidence/b125/javap/n-plugin/com/tridium/gradle/plugins/signing/SignedJarPluginKt.javap.txt
n-plugin:com/tridium/gradle/plugins/signing/SigningPlugin.kt:27	n-plugin	com/tridium/gradle/plugins/signing/SigningPlugin	apply	(Lorg/gradle/api/Project;)V	IllegalStateException: anonymous-class-without-metadata @ KotlinWriter.writeClassDefinition	inline-fun-object,lambda-class,lambda-body-method	new-anonymous-class,inline-fun-expansion,inline-lambda-body,default-args-call,object-instance	no-compile	placeholder-syntax:2	0	0	0	0	0	0	no-compile	anon-not-implementing:1;companion-ctor:1;incompatible-types:4;other:1	1	10/10	21/21	javap	_evidence/b125/javap/n-plugin/com/tridium/gradle/plugins/signing/SigningPlugin.javap.txt	b2cd636738a7ec42a60c1cffbe7f37c56c7ac8fd52c011ab99a5beac85be6345	-	_evidence/b121/kotlin-signatures/n-plugin/com/tridium/gradle/plugins/signing/SigningPlugin.kt.txt	_evidence/b121/vf-kt/n-plugin/com/tridium/gradle/plugins/signing/SigningPlugin.kt	_evidence/b125/javap/n-plugin/com/tridium/gradle/plugins/signing/SigningPlugin.javap.txt
n-plugin:com/tridium/gradle/plugins/signing/SigningProfileFactory.kt:class	n-plugin	com/tridium/gradle/plugins/signing/SigningProfileFactory	*	*	NullPointerException: Cannot invoke "String.equals(Object)" be @ KotlinWriter.lambda$writeClass$0	-	-	no-compile	anon-not-implementing:1;companion-ctor:1;other:1	0	0	0	0	0	0	no-compile	anon-not-implementing:1;companion-ctor:1;other:1	0	26/26	31/36	javap	_evidence/b125/javap/n-plugin/com/tridium/gradle/plugins/signing/SigningProfileFactory.javap.txt	e5af9cf0ab1bd9987863ba9ba08f0ad767177fd4fe7131358ccf9c41b92e71f9	_evidence/b125/java-mode/n-plugin/com/tridium/gradle/plugins/signing/SigningProfileFactory.java	_evidence/b121/kotlin-signatures/n-plugin/com/tridium/gradle/plugins/signing/SigningProfileFactory.kt.txt	_evidence/b121/vf-kt/n-plugin/com/tridium/gradle/plugins/signing/SigningProfileFactory.kt	_evidence/b125/javap/n-plugin/com/tridium/gradle/plugins/signing/SigningProfileFactory.javap.txt
n-plugin:com/tridium/gradle/plugins/signing/profile/JarSignerSigningProfile.kt:72	n-plugin	com/tridium/gradle/plugins/signing/profile/JarSignerSigningProfile$JarSignerArchiveFileSigner	doSignFile	(Ljava/lang/Iterable;Ljava/nio/file/Path;Ljava/nio/file/Path;Ljava/lang/String;)V	IllegalStateException: anonymous-class-without-metadata @ KotlinWriter.writeClassDefinition	lambda-class	new-anonymous-class,inline-lambda-body,default-args-call	no-compile	anon-not-implementing:1;classpath-missing:8;other:1;synthetic-class-reference:1;synthetic-symbol:2	0	0	0	0	0	0	no-compile	anon-not-implementing:1;classpath-missing:8;other:1;synthetic-class-reference:1;synthetic-symbol:2	0	16/16	16/16	javap	_evidence/b125/javap/n-plugin/com/tridium/gradle/plugins/signing/profile/JarSignerSigningProfile$JarSignerArchiveFileSigner.javap.txt	0082b46c8a9c242ee8469cc66a1122c9ac98a704cc02c63c6eceb043f3e97ba8	_evidence/b125/java-mode/n-plugin/com/tridium/gradle/plugins/signing/profile/JarSignerSigningProfile.java	_evidence/b121/kotlin-signatures/n-plugin/com/tridium/gradle/plugins/signing/profile/JarSignerSigningProfile.kt.txt	_evidence/b121/vf-kt/n-plugin/com/tridium/gradle/plugins/signing/profile/JarSignerSigningProfile.kt	_evidence/b125/javap/n-plugin/com/tridium/gradle/plugins/signing/profile/JarSignerSigningProfile$JarSignerArchiveFileSigner.javap.txt
n-plugin:com/tridium/gradle/plugins/signing/profile/LocalSigningProfile.kt:class	n-plugin	com/tridium/gradle/plugins/signing/profile/LocalSigningProfile	*	*	NullPointerException: Cannot invoke "String.equals(Object)" be @ KotlinWriter.lambda$writeClass$0	-	-	no-compile	classpath-missing:75;companion-ctor:1;incompatible-types:2;other:1;synthetic-symbol:4	0	0	0	0	0	0	no-compile	classpath-missing:75;companion-ctor:1;incompatible-types:2;other:1;synthetic-symbol:4	0	37/37	102/103	javap	_evidence/b125/javap/n-plugin/com/tridium/gradle/plugins/signing/profile/LocalSigningProfile.javap.txt	529a9fd4716cc5f3b80baad082bc1745154d3cfb6b9656516bfa7952a30c4a64	_evidence/b125/java-mode/n-plugin/com/tridium/gradle/plugins/signing/profile/LocalSigningProfile.java	_evidence/b121/kotlin-signatures/n-plugin/com/tridium/gradle/plugins/signing/profile/LocalSigningProfile.kt.txt	_evidence/b121/vf-kt/n-plugin/com/tridium/gradle/plugins/signing/profile/LocalSigningProfile.kt	_evidence/b125/javap/n-plugin/com/tridium/gradle/plugins/signing/profile/LocalSigningProfile.javap.txt
n-plugin:com/tridium/gradle/plugins/signing/profile/SigningProfileProperties.kt:34	n-plugin	com/tridium/gradle/plugins/signing/profile/SigningProfileProperties	getExpander	()Lcom/tridium/tools/util/java/TextExpander;	IllegalStateException: anonymous-class-without-metadata @ KotlinWriter.writeClassDefinition	lambda-class	new-anonymous-class	no-compile	anon-not-implementing:2;companion-ctor:1;incompatible-types:2;other:2;synthetic-symbol:7	0	0	0	0	0	0	no-compile	anon-not-implementing:2;companion-ctor:1;incompatible-types:2;other:2;synthetic-symbol:7	0	0/0	0/0	javap	_evidence/b125/javap/n-plugin/com/tridium/gradle/plugins/signing/profile/SigningProfileProperties.javap.txt	121c77169a189d2ddd3a589055f7b12895e04eaf12c33c5124a7aada6e6b092a	_evidence/b125/java-mode/n-plugin/com/tridium/gradle/plugins/signing/profile/SigningProfileProperties.java	_evidence/b121/kotlin-signatures/n-plugin/com/tridium/gradle/plugins/signing/profile/SigningProfileProperties.kt.txt	_evidence/b121/vf-kt/n-plugin/com/tridium/gradle/plugins/signing/profile/SigningProfileProperties.kt	_evidence/b125/javap/n-plugin/com/tridium/gradle/plugins/signing/profile/SigningProfileProperties.javap.txt
n-plugin:com/tridium/gradle/plugins/signing/profile/SigningProfileProperties.kt:115	n-plugin	com/tridium/gradle/plugins/signing/profile/SigningProfileProperties	getProperty	(Ljava/lang/String;Ljava/lang/Object;Lcom/tridium/tools/util/java/TextExpander;)Ljava/lang/Object;	IllegalStateException: anonymous-class-without-metadata @ KotlinWriter.writeClassDefinition	indy-lambda	invokedynamic	no-compile	anon-not-implementing:2;companion-ctor:1;incompatible-types:2;other:2;synthetic-symbol:7	0	0	0	0	0	0	no-compile	anon-not-implementing:2;companion-ctor:1;incompatible-types:2;other:2;synthetic-symbol:7	0	2/2	7/8	javap	_evidence/b125/javap/n-plugin/com/tridium/gradle/plugins/signing/profile/SigningProfileProperties.javap.txt	121c77169a189d2ddd3a589055f7b12895e04eaf12c33c5124a7aada6e6b092a	_evidence/b125/java-mode/n-plugin/com/tridium/gradle/plugins/signing/profile/SigningProfileProperties.java	_evidence/b121/kotlin-signatures/n-plugin/com/tridium/gradle/plugins/signing/profile/SigningProfileProperties.kt.txt	_evidence/b121/vf-kt/n-plugin/com/tridium/gradle/plugins/signing/profile/SigningProfileProperties.kt	_evidence/b125/javap/n-plugin/com/tridium/gradle/plugins/signing/profile/SigningProfileProperties.javap.txt
n-plugin:com/tridium/gradle/plugins/signing/profile/SigningProfileProperties.kt:115	n-plugin	com/tridium/gradle/plugins/signing/profile/SigningProfileProperties	getProperty	(Ljava/lang/String;Ljava/lang/Object;Lkotlin/jvm/functions/Function1;)Ljava/lang/Object;	IllegalStateException: anonymous-class-without-metadata @ KotlinWriter.writeClassDefinition	sam-wrapper,lambda-class	new-anonymous-class	no-compile	anon-not-implementing:2;companion-ctor:1;incompatible-types:2;other:2;synthetic-symbol:7	0	0	0	0	0	0	no-compile	anon-not-implementing:2;companion-ctor:1;incompatible-types:2;other:2;synthetic-symbol:7	0	1/2	1/1	javap	_evidence/b125/javap/n-plugin/com/tridium/gradle/plugins/signing/profile/SigningProfileProperties.javap.txt	121c77169a189d2ddd3a589055f7b12895e04eaf12c33c5124a7aada6e6b092a	_evidence/b125/java-mode/n-plugin/com/tridium/gradle/plugins/signing/profile/SigningProfileProperties.java	_evidence/b121/kotlin-signatures/n-plugin/com/tridium/gradle/plugins/signing/profile/SigningProfileProperties.kt.txt	_evidence/b121/vf-kt/n-plugin/com/tridium/gradle/plugins/signing/profile/SigningProfileProperties.kt	_evidence/b125/javap/n-plugin/com/tridium/gradle/plugins/signing/profile/SigningProfileProperties.javap.txt
n-plugin:com/tridium/gradle/plugins/task/MultipleZipExtract.kt:18	n-plugin	com/tridium/gradle/plugins/task/MultipleZipExtract	extract	()V	IllegalStateException: anonymous-class-without-metadata @ KotlinWriter.writeClassDefinition	lambda-class	new-anonymous-class	no-compile	anon-not-implementing:1	0	0	0	0	0	0	no-compile	anon-not-implementing:1	0	0/0	2/2	javap	_evidence/b125/javap/n-plugin/com/tridium/gradle/plugins/task/MultipleZipExtract.javap.txt	0f9866a2a550cf60e3e599aa2658a904ac05973f1a9c1b3ea5325e3e59636f94	_evidence/b125/java-mode/n-plugin/com/tridium/gradle/plugins/task/MultipleZipExtract.java	_evidence/b121/kotlin-signatures/n-plugin/com/tridium/gradle/plugins/task/MultipleZipExtract.kt.txt	_evidence/b121/vf-kt/n-plugin/com/tridium/gradle/plugins/task/MultipleZipExtract.kt	_evidence/b125/javap/n-plugin/com/tridium/gradle/plugins/task/MultipleZipExtract.javap.txt
n-plugin:com/tridium/gradle/plugins/task/SignedTar.kt:class	n-plugin	com/tridium/gradle/plugins/task/SignedTar	*	*	ArrayIndexOutOfBoundsException: Index 0 out of bounds for length 0 @ KotlinWriter.writeMethod	-	-	no-compile	placeholder-syntax:2	0	0	0	0	0	0	no-compile	incompatible-types:8;placeholder-syntax:2;synthetic-symbol:3	1	16/16	49/51	javap	_evidence/b125/javap/n-plugin/com/tridium/gradle/plugins/task/SignedTar.javap.txt	bfe157850ee88fa3fb1972194b2c0f1fc3dfba3fe7e98b5284b8e87cff4484fb	-	_evidence/b121/kotlin-signatures/n-plugin/com/tridium/gradle/plugins/task/SignedTar.kt.txt	_evidence/b121/vf-kt/n-plugin/com/tridium/gradle/plugins/task/SignedTar.kt	_evidence/b125/javap/n-plugin/com/tridium/gradle/plugins/task/SignedTar.javap.txt
n-plugin:com/tridium/gradle/plugins/task/SignedZip.kt:class	n-plugin	com/tridium/gradle/plugins/task/SignedZip	*	*	ArrayIndexOutOfBoundsException: Index 0 out of bounds for length 0 @ KotlinWriter.writeMethod	-	-	no-compile	placeholder-syntax:3	0	0	0	0	0	0	no-compile	placeholder-syntax:1	1	20/20	50/52	javap	_evidence/b125/javap/n-plugin/com/tridium/gradle/plugins/task/SignedZip.javap.txt	d11e64f174ff782ffa7d87e8e6fe8ba201bf745c2f50ac77bdf1c35317604e63	-	_evidence/b121/kotlin-signatures/n-plugin/com/tridium/gradle/plugins/task/SignedZip.kt.txt	_evidence/b121/vf-kt/n-plugin/com/tridium/gradle/plugins/task/SignedZip.kt	_evidence/b125/javap/n-plugin/com/tridium/gradle/plugins/task/SignedZip.javap.txt
n-plugin:com/tridium/gradle/plugins/vendor/VendorExtension.kt:102	n-plugin	com/tridium/gradle/plugins/vendor/VendorExtension	defaultDistVersion	(Ljava/lang/String;)V	IllegalStateException: anonymous-class-without-metadata @ KotlinWriter.writeClassDefinition	lambda-class	new-anonymous-class,default-args-call	no-compile	other:2;placeholder-syntax:2	0	0	0	0	0	0	no-compile	anon-not-implementing:8;enclosing-instance:4;synthetic-class-reference:2	0	1/1	1/1	javap	_evidence/b125/javap/n-plugin/com/tridium/gradle/plugins/vendor/VendorExtension.javap.txt	a6fc92fd13a577c540a594609156eb10df3ea3e84bff93a0adaeb0c11fe30ae2	_evidence/b125/java-mode/n-plugin/com/tridium/gradle/plugins/vendor/VendorExtension.java	_evidence/b121/kotlin-signatures/n-plugin/com/tridium/gradle/plugins/vendor/VendorExtension.kt.txt	_evidence/b121/vf-kt/n-plugin/com/tridium/gradle/plugins/vendor/VendorExtension.kt	_evidence/b125/javap/n-plugin/com/tridium/gradle/plugins/vendor/VendorExtension.javap.txt
n-plugin:com/tridium/gradle/plugins/vendor/VendorExtension.kt:16	n-plugin	com/tridium/gradle/plugins/vendor/VendorExtension	defaultGroup	(Ljava/lang/String;)V	IllegalStateException: anonymous-class-without-metadata @ KotlinWriter.writeClassDefinition	lambda-class	new-anonymous-class,default-args-call	no-compile	other:2;placeholder-syntax:2	0	0	0	0	0	0	no-compile	anon-not-implementing:8;enclosing-instance:4;synthetic-class-reference:2	0	1/1	3/3	javap	_evidence/b125/javap/n-plugin/com/tridium/gradle/plugins/vendor/VendorExtension.javap.txt	a6fc92fd13a577c540a594609156eb10df3ea3e84bff93a0adaeb0c11fe30ae2	_evidence/b125/java-mode/n-plugin/com/tridium/gradle/plugins/vendor/VendorExtension.java	_evidence/b121/kotlin-signatures/n-plugin/com/tridium/gradle/plugins/vendor/VendorExtension.kt.txt	_evidence/b121/vf-kt/n-plugin/com/tridium/gradle/plugins/vendor/VendorExtension.kt	_evidence/b125/javap/n-plugin/com/tridium/gradle/plugins/vendor/VendorExtension.javap.txt
n-plugin:com/tridium/gradle/plugins/vendor/VendorExtension.kt:75	n-plugin	com/tridium/gradle/plugins/vendor/VendorExtension	defaultModuleVersion	(Ljava/lang/String;)V	IllegalStateException: anonymous-class-without-metadata @ KotlinWriter.writeClassDefinition	lambda-class	new-anonymous-class,default-args-call	no-compile	other:2;placeholder-syntax:2	0	0	0	0	0	0	no-compile	anon-not-implementing:8;enclosing-instance:4;synthetic-class-reference:2	1	1/1	1/1	javap	_evidence/b125/javap/n-plugin/com/tridium/gradle/plugins/vendor/VendorExtension.javap.txt	a6fc92fd13a577c540a594609156eb10df3ea3e84bff93a0adaeb0c11fe30ae2	-	_evidence/b121/kotlin-signatures/n-plugin/com/tridium/gradle/plugins/vendor/VendorExtension.kt.txt	_evidence/b121/vf-kt/n-plugin/com/tridium/gradle/plugins/vendor/VendorExtension.kt	_evidence/b125/javap/n-plugin/com/tridium/gradle/plugins/vendor/VendorExtension.javap.txt
n-plugin:com/tridium/gradle/plugins/vendor/VendorExtension.kt:48	n-plugin	com/tridium/gradle/plugins/vendor/VendorExtension	defaultVendor	(Ljava/lang/String;)V	IllegalStateException: anonymous-class-without-metadata @ KotlinWriter.writeClassDefinition	lambda-class	new-anonymous-class,default-args-call	no-compile	other:2;placeholder-syntax:2	0	0	0	0	0	0	no-compile	anon-not-implementing:8;enclosing-instance:4;synthetic-class-reference:2	1	1/1	1/1	javap	_evidence/b125/javap/n-plugin/com/tridium/gradle/plugins/vendor/VendorExtension.javap.txt	a6fc92fd13a577c540a594609156eb10df3ea3e84bff93a0adaeb0c11fe30ae2	-	_evidence/b121/kotlin-signatures/n-plugin/com/tridium/gradle/plugins/vendor/VendorExtension.kt.txt	_evidence/b121/vf-kt/n-plugin/com/tridium/gradle/plugins/vendor/VendorExtension.kt	_evidence/b125/javap/n-plugin/com/tridium/gradle/plugins/vendor/VendorExtension.javap.txt
settings:com/tridium/gradle/plugins/settings/MultiProjectPlugin.kt:12	settings	com/tridium/gradle/plugins/settings/MultiProjectPlugin	apply	(Lorg/gradle/api/initialization/Settings;)V	IllegalStateException: anonymous-class-without-metadata @ KotlinWriter.writeClassDefinition	lambda-class	new-anonymous-class,inline-fun-expansion,inline-lambda-body	no-compile	anon-not-implementing:1	0	0	0	0	0	0	no-compile	anon-not-implementing:1	0	4/4	6/6	javap	_evidence/b125/javap/settings/com/tridium/gradle/plugins/settings/MultiProjectPlugin.javap.txt	0d8108582318bfca61e4d8f4acc7f9bd206c952844c3ca6cf9fd7a67b8765362	_evidence/b125/java-mode/settings/com/tridium/gradle/plugins/settings/MultiProjectPlugin.java	_evidence/b121/kotlin-signatures/settings/com/tridium/gradle/plugins/settings/MultiProjectPlugin.kt.txt	_evidence/b121/vf-kt/settings/com/tridium/gradle/plugins/settings/MultiProjectPlugin.kt	_evidence/b125/javap/settings/com/tridium/gradle/plugins/settings/MultiProjectPlugin.javap.txt
settings:com/tridium/gradle/plugins/settings/java/JavaCompilerWarningsPlugin.kt:9	settings	com/tridium/gradle/plugins/settings/java/JavaCompilerWarningsPlugin	apply	(Lorg/gradle/api/Project;)V	IllegalStateException: anonymous-class-without-metadata @ KotlinWriter.writeClassDefinition	lambda-class	new-anonymous-class,inline-lambda-body	no-compile	anon-not-implementing:1	0	0	0	0	0	0	no-compile	anon-not-implementing:1	0	1/1	3/3	javap	_evidence/b125/javap/settings/com/tridium/gradle/plugins/settings/java/JavaCompilerWarningsPlugin.javap.txt	f5cc6d54d43d736ab00acfd579e05c57c83024708a6b8f3124e04e1bb9895752	_evidence/b125/java-mode/settings/com/tridium/gradle/plugins/settings/java/JavaCompilerWarningsPlugin.java	_evidence/b121/kotlin-signatures/settings/com/tridium/gradle/plugins/settings/java/JavaCompilerWarningsPlugin.kt.txt	_evidence/b121/vf-kt/settings/com/tridium/gradle/plugins/settings/java/JavaCompilerWarningsPlugin.kt	_evidence/b125/javap/settings/com/tridium/gradle/plugins/settings/java/JavaCompilerWarningsPlugin.javap.txt
utils:com/tridium/gradle/util/ConfigurationExtensionsKt.kt:8	utils	com/tridium/gradle/util/ConfigurationExtensionsKt	createBucketConfiguration	(Lorg/gradle/api/artifacts/ConfigurationContainer;Ljava/lang/String;Lorg/gradle/api/Action;)Lorg/gradle/api/artifacts/Configuration;	IllegalStateException: anonymous-class-without-metadata @ KotlinWriter.writeClassDefinition	lambda-class	new-anonymous-class	no-compile	anon-not-implementing:4;synthetic-symbol:1	0	0	0	0	0	0	no-compile	anon-not-implementing:4;synthetic-symbol:1	0	0/4	0/1	javap	_evidence/b125/javap/utils/com/tridium/gradle/util/ConfigurationExtensionsKt.javap.txt	6df0153a55499ef9099dd0203b62fabc73adcdb1787fd3c8babbce6fa4ffc98e	-	_evidence/b121/kotlin-signatures/utils/com/tridium/gradle/util/ConfigurationExtensionsKt.kt.txt	_evidence/b121/vf-kt/utils/com/tridium/gradle/util/ConfigurationExtensionsKt.kt	_evidence/b125/javap/utils/com/tridium/gradle/util/ConfigurationExtensionsKt.javap.txt
utils:com/tridium/gradle/util/ConfigurationExtensionsKt.kt:82	utils	com/tridium/gradle/util/ConfigurationExtensionsKt	createConsumerConfiguration	(Lorg/gradle/api/artifacts/ConfigurationContainer;Ljava/lang/String;Lorg/gradle/api/Action;)Lorg/gradle/api/artifacts/Configuration;	IllegalStateException: anonymous-class-without-metadata @ KotlinWriter.writeClassDefinition	lambda-class	new-anonymous-class	no-compile	anon-not-implementing:4;synthetic-symbol:1	0	0	0	0	0	0	no-compile	anon-not-implementing:4;synthetic-symbol:1	0	0/4	0/1	javap	_evidence/b125/javap/utils/com/tridium/gradle/util/ConfigurationExtensionsKt.javap.txt	6df0153a55499ef9099dd0203b62fabc73adcdb1787fd3c8babbce6fa4ffc98e	-	_evidence/b121/kotlin-signatures/utils/com/tridium/gradle/util/ConfigurationExtensionsKt.kt.txt	_evidence/b121/vf-kt/utils/com/tridium/gradle/util/ConfigurationExtensionsKt.kt	_evidence/b125/javap/utils/com/tridium/gradle/util/ConfigurationExtensionsKt.javap.txt
utils:com/tridium/gradle/util/ConfigurationExtensionsKt.kt:45	utils	com/tridium/gradle/util/ConfigurationExtensionsKt	createProducerConfiguration	(Lorg/gradle/api/artifacts/ConfigurationContainer;Ljava/lang/String;Lorg/gradle/api/Action;)Lorg/gradle/api/artifacts/Configuration;	IllegalStateException: anonymous-class-without-metadata @ KotlinWriter.writeClassDefinition	lambda-class	new-anonymous-class	no-compile	anon-not-implementing:4;synthetic-symbol:1	0	0	0	0	0	0	no-compile	anon-not-implementing:4;synthetic-symbol:1	0	0/4	0/1	javap	_evidence/b125/javap/utils/com/tridium/gradle/util/ConfigurationExtensionsKt.javap.txt	6df0153a55499ef9099dd0203b62fabc73adcdb1787fd3c8babbce6fa4ffc98e	-	_evidence/b121/kotlin-signatures/utils/com/tridium/gradle/util/ConfigurationExtensionsKt.kt.txt	_evidence/b121/vf-kt/utils/com/tridium/gradle/util/ConfigurationExtensionsKt.kt	_evidence/b125/javap/utils/com/tridium/gradle/util/ConfigurationExtensionsKt.javap.txt
utils:com/tridium/gradle/util/ConfigurationExtensionsKt.kt:134	utils	com/tridium/gradle/util/ConfigurationExtensionsKt	createResolveConfiguration	(Lorg/gradle/api/artifacts/ConfigurationContainer;Ljava/lang/String;Ljava/lang/String;Lorg/gradle/api/Action;)Lcom/tridium/gradle/util/ResolveConfiguration;	IllegalStateException: anonymous-class-without-metadata @ KotlinWriter.writeClassDefinition	lambda-class	new-anonymous-class,default-args-call	no-compile	anon-not-implementing:4;synthetic-symbol:1	0	0	0	0	0	0	no-compile	anon-not-implementing:4;synthetic-symbol:1	0	0/4	0/2	javap	_evidence/b125/javap/utils/com/tridium/gradle/util/ConfigurationExtensionsKt.javap.txt	6df0153a55499ef9099dd0203b62fabc73adcdb1787fd3c8babbce6fa4ffc98e	-	_evidence/b121/kotlin-signatures/utils/com/tridium/gradle/util/ConfigurationExtensionsKt.kt.txt	_evidence/b121/vf-kt/utils/com/tridium/gradle/util/ConfigurationExtensionsKt.kt	_evidence/b125/javap/utils/com/tridium/gradle/util/ConfigurationExtensionsKt.javap.txt
utils:com/tridium/gradle/util/ConfigurationExtensionsKt.kt:134	utils	com/tridium/gradle/util/ConfigurationExtensionsKt	createResolveConfiguration	(Lorg/gradle/api/artifacts/ConfigurationContainer;Ljava/lang/String;Lorg/gradle/api/Action;)Lcom/tridium/gradle/util/ResolveConfiguration;	IllegalStateException: anonymous-class-without-metadata @ KotlinWriter.writeClassDefinition	indy-lambda	invokedynamic	no-compile	anon-not-implementing:4;synthetic-symbol:1	0	0	0	0	0	0	no-compile	anon-not-implementing:4;synthetic-symbol:1	0	0/3	0/1	javap	_evidence/b125/javap/utils/com/tridium/gradle/util/ConfigurationExtensionsKt.javap.txt	6df0153a55499ef9099dd0203b62fabc73adcdb1787fd3c8babbce6fa4ffc98e	-	_evidence/b121/kotlin-signatures/utils/com/tridium/gradle/util/ConfigurationExtensionsKt.kt.txt	_evidence/b121/vf-kt/utils/com/tridium/gradle/util/ConfigurationExtensionsKt.kt	_evidence/b125/javap/utils/com/tridium/gradle/util/ConfigurationExtensionsKt.javap.txt
