aaphp	143	143	0	0
aapup	103	103	0	0
abstractMqttDriver	81	81	0	0
ace	237	237	0	0
aceEdge	20	20	0	0
alarm	422	422	0	0
alarmOrion	34	34	0	0
analytics	524	524	0	0
analyticsLibs	0	0	0	0
andoverAC256	77	77	0	0
andoverInfinity	69	69	0	0
apachePoi	0	0	0	0
awsUtils	35	35	0	0
axvelocity	35	35	0	0
azureUtils	7	7	0	0
backup	29	29	0	0
bacnet	1134	1134	0	0
bacnetAws	53	53	0	0
bacnetEDE	28	28	0	0
bacnetUtil	30	30	0	0
baja	1244	1244	0	0
bajaScript	4	4	0	0
bajaui	832	832	0	0
bajaux	11	11	0	0
baseRtsp	9	9	0	0
basicDriver	31	31	0	0
batchJob	173	173	0	0
box	88	88	0	0
bql	177	177	0	0
brick	3	3	0	0
ccn	199	199	0	0
chart	93	93	0	0
clientCertAuth	32	32	0	0
cloudLink	475	475	0	0
cloudLinkAzure	13	13	0	0
cloudLinkExtensionBacnet	7	7	0	0
cloudLinkExtensionEbi	5	5	0	0
cloudLinkExtensionNiagara	10	10	0	0
cloudLinkForge	163	163	0	0
cloudLinkHonSbp	39	39	0	0
cloudLinkNcs	26	26	0	0
commonsCompress	1	1	0	0
commonsIo	0	0	0	0
commonsLang	0	0	0	0
control	54	54	0	0
converters	175	175	0	0
csmgrbase	12	12	0	0
dashboard	10	10	0	0
devDriver	141	141	0	0
devHttpDriver	29	29	0	0
devIpDriver	30	30	0	0
devSerialDriver	12	12	0	0
devkit	80	80	0	0
docDeveloper	9	9	0	0
docDeveloperAnalytics	1	1	0	0
docSource	1	1	0	0
driver	181	181	0	0
driverUpgrade	27	27	0	0
edgeIo	73	73	0	0
email	74	74	0	0
entityIo	8	8	0	0
event	29	29	0	0
export	15	15	0	0
exportTags	100	100	0	0
ffmpeg	18	18	0	0
file	100	100	0	0
flexSerial	86	86	0	0
fonts	1	1	0	0
fox	199	199	0	0
gx	199	199	0	0
haystack	44	44	0	0
help	99	99	0	0
hierarchy	49	49	0	0
history	373	373	0	0
html	12	12	0	0
httpClient	152	152	0	0
hx	189	189	0	0
icons	1	1	0	0
jetty	49	49	0	0
jodaTime	1	1	0	0
js	1	1	0	0
jsonSmart	1	1	0	0
jsonToolkit	182	182	0	0
jxBrowser	20	20	0	0
kitControl	225	225	0	0
kitIo	17	17	0	0
kitLon	11	11	0	0
kitPx	92	92	0	0
kitPxGraphics	1	1	0	0
kitPxHvac	1	1	0	0
kitPxN4svg	1	1	0	0
ldap	18	18	0	0
lonDevices	1	1	0	0
lonHoneywell	5	5	0	0
lonHoneywellXfl800	13	13	0	0
lonIp	51	51	0	0
lonWattStopper	6	6	0	0
lontunnel	2	2	0	0
lonworks	639	639	0	0
maxpro	43	43	0	0
mbus	162	162	0	0
mcquay	42	42	0	0
migration	18	18	0	0
migrator	94	94	0	0
modbusAsync	12	12	0	0
modbusCore	125	125	0	0
modbusSlave	12	12	0	0
modbusTcp	19	19	0	0
modbusTcpSlave	13	13	0	0
nSnmp	250	250	0	0
naxisVideo	72	72	0	0
ndriver	133	133	0	0
neql	57	57	0	0
net	33	33	0	0
niagaraCloud	17	17	0	0
niagaraDriver	261	261	0	0
niagaraLexiconAl	1	1	0	0
niagaraLexiconAr	1	1	0	0
niagaraLexiconBe	1	1	0	0
niagaraLexiconBg	1	1	0	0
niagaraLexiconCa	1	1	0	0
niagaraLexiconCs	1	1	0	0
niagaraLexiconDa	1	1	0	0
niagaraLexiconDe	1	1	0	0
niagaraLexiconEl	1	1	0	0
niagaraLexiconEs	1	1	0	0
niagaraLexiconEt	1	1	0	0
niagaraLexiconFi	1	1	0	0
niagaraLexiconFr	1	1	0	0
niagaraLexiconHi	1	1	0	0
niagaraLexiconHr	1	1	0	0
niagaraLexiconHu	1	1	0	0
niagaraLexiconIn	1	1	0	0
niagaraLexiconIs	1	1	0	0
niagaraLexiconIt	1	1	0	0
niagaraLexiconIw	1	1	0	0
niagaraLexiconJa	1	1	0	0
niagaraLexiconKo	1	1	0	0
niagaraLexiconLt	1	1	0	0
niagaraLexiconLv	1	1	0	0
niagaraLexiconMk	1	1	0	0
niagaraLexiconNl	1	1	0	0
niagaraLexiconNo	1	1	0	0
niagaraLexiconPl	1	1	0	0
niagaraLexiconPt	1	1	0	0
niagaraLexiconRo	1	1	0	0
niagaraLexiconRu	1	1	0	0
niagaraLexiconSk	1	1	0	0
niagaraLexiconSl	1	1	0	0
niagaraLexiconSq	1	1	0	0
niagaraLexiconSr	1	1	0	0
niagaraLexiconSv	1	1	0	0
niagaraLexiconTh	1	1	0	0
niagaraLexiconTr	1	1	0	0
niagaraLexiconUk	1	1	0	0
niagaraLexiconVi	1	1	0	0
niagaraLexiconZh	1	1	0	0
niagaraLexiconZhcn	1	1	0	0
niagaraSync	29	29	0	0
niagaraSystemIndex	17	17	0	0
niagaraTest	0	0	0	0
niagaraVirtual	67	67	0	0
nmilestone	83	83	0	0
nrio	162	162	0	0
nsh	6	6	0	0
nss	36	36	0	0
nurio	163	163	0	0
nvideo	51	51	0	0
oauth2	12	12	0	0
obix	221	221	0	0
obixDriver	164	164	0	0
obixSeriesTransform	5	5	0	0
onCall	34	34	0	0
opcUaClient	69	69	0	0
opcUaCore	20	20	0	0
opcUaServer	66	66	0	0
orientSystemDb	17	17	0	0
orion	236	236	0	0
pdf	54	54	0	0
platAceIpc	4	4	0	0
platBacnet	15	15	0	0
platCcn	73	73	0	0
platCrypto	248	248	0	0
platDaemon	442	442	0	0
platDataRecovery	42	42	0	0
platEdgeIo	2	2	0	0
platHwScan	35	35	0	0
platHwScanAtlas	2	2	0	0
platIEEE8021X	23	23	0	0
platLon	4	4	0	0
platMstp	23	23	0	0
platNrio	93	93	0	0
platNurio	62	62	0	0
platSerial	6	6	0	0
platSerialNpsdk	7	7	0	0
platWifi	101	101	0	0
platform	652	652	0	0
portalApi	36	36	0	0
program	129	129	0	0
propMigration	20	20	0	0
provisioningNiagara	386	386	0	0
pxEditor	357	357	0	0
query	43	43	0	0
queryTable	65	65	0	0
raster	48	48	0	0
rdb	155	155	0	0
rdbHsqlDb	5	5	0	0
rdbMySQL	15	15	0	0
rdbSqlServer	17	17	0	0
remoteVideo	27	27	0	0
report	79	79	0	0
saml	67	67	0	0
samlEncryption	4	4	0	0
schedule	144	144	0	0
search	21	21	0	0
serial	15	15	0	0
seriesTransform	190	190	0	0
signingService	37	37	0	0
silk	16	16	0	0
smartTableHx	114	114	0	0
sms	34	34	0	0
snmpLibs	210	210	0	0
svg	4	4	0	0
svgBatik	11	11	0	0
systemDb	15	15	0	0
systemIndex	15	15	0	0
systemMonitor	19	19	0	0
tagdictionary	103	103	0	0
template	349	349	0	0
templateBulk	27	27	0	0
test	70	70	0	0
themeLucid	1	1	0	0
themeN5	1	1	0	0
themeZebra	1	1	0	0
tls	144	144	0	0
totpAuth	20	20	0	0
tunnel	28	28	0	0
uxBuilder	24	24	0	0
videoDriver	261	261	0	0
wbutil	239	239	0	0
weather	72	72	0	0
web	192	192	0	0
webChart	13	13	0	0
webEditors	102	102	0	0
wiresheet	102	102	0	0
workbench	1202	1202	0	0
xprotect	108	108	0	0
angus-activation-2.0.3	10	10	0	0
annotations-13.0	32	32	0	0
asm-9.10.1	39	39	0	0
asm-commons-9.10.1	28	28	0	0
asm-tree-9.10.1	39	39	0	0
byte-buddy-1.18.12	3074	3048	0	26
commons-codec-1.22.1	151	150	0	1
commons-lang3-3.20.0	422	421	0	1
commons-logging-1.4.0	29	28	0	1
encoder-1.4.0	23	22	0	1
httpclient5-5.6.4	595	595	0	0
httpcore5-5.4.3	678	678	0	0
httpcore5-h2-5.4.3	160	160	0	0
jakarta.activation-api-2.1.4	46	46	0	0
jakarta.annotation-api-3.0.0	19	19	0	0
jakarta.el-api-6.0.1	58	58	0	0
jakarta.enterprise.cdi-api-4.1.0	195	195	0	0
jakarta.enterprise.lang-model-4.1.0	26	26	0	0
jakarta.inject-api-2.0.1	7	7	0	0
jakarta.interceptor-api-2.2.0	11	11	0	0
jakarta.servlet-api-6.1.0	85	85	0	0
jakarta.transaction-api-2.0.1	20	20	0	0
jakarta.xml.bind-api-4.0.5	115	115	0	0
jetty-alpn-client-12.1.13	3	3	0	0
jetty-annotations-12.1.13	11	11	0	0
jetty-client-12.1.13	208	208	0	0
jetty-compression-common-12.1.13	9	9	0	0
jetty-compression-gzip-12.1.13	10	10	0	0
jetty-compression-server-12.1.13	11	11	0	0
jetty-deploy-12.1.13	17	17	0	0
jetty-ee-webapp-12.1.13	5	5	0	0
jetty-ee11-annotations-12.1.13	30	30	0	0
jetty-ee11-plus-12.1.13	8	8	0	0
jetty-ee11-servlet-12.1.13	194	194	0	0
jetty-ee11-servlets-12.1.13	22	22	0	0
jetty-ee11-webapp-12.1.13	40	40	0	0
jetty-ee11-websocket-jetty-server-12.1.13	16	16	0	0
jetty-ee11-websocket-servlet-12.1.13	3	3	0	0
jetty-http-12.1.13	240	240	0	0
jetty-io-12.1.13	236	236	0	0
jetty-jmx-12.1.13	8	8	0	0
jetty-jndi-12.1.13	15	15	0	0
jetty-plus-12.1.13	16	16	0	0
jetty-security-12.1.13	99	99	0	0
jetty-server-12.1.13	341	341	0	0
jetty-session-12.1.13	47	47	0	0
jetty-util-12.1.13	406	406	0	0
jetty-websocket-core-client-12.1.13	9	9	0	0
jetty-websocket-core-common-12.1.13	110	110	0	0
jetty-websocket-core-server-12.1.13	29	29	0	0
jetty-websocket-jetty-api-12.1.13	41	41	0	0
jetty-websocket-jetty-client-12.1.13	8	8	0	0
jetty-websocket-jetty-common-12.1.13	13	13	0	0
jetty-websocket-jetty-server-12.1.13	12	12	0	0
jetty-xml-12.1.13	20	20	0	0
jose4j-0.9.6	210	210	0	0
json-20260814	32	31	0	1
kotlin-stdlib-2.4.10	990	989	0	1
kotlin-stdlib-jdk7-2.4.10	1	0	0	1
kotlin-stdlib-jdk8-2.4.10	1	0	0	1
libthrift-0.24.0	262	262	0	0
niagara-remote-client-1.0.5	9	9	0	0
niagaraAnnotationProcessors	52	52	0	0
niagarad	256	256	0	0
nre	705	705	0	0
okhttp-5.5.0	0	0	0	0
okhttp-jvm-5.5.0	384	383	0	1
okio-jvm-3.18.1	121	121	0	0
resilience4j-core-2.4.0	77	77	0	0
resilience4j-retry-2.4.0	31	31	0	0
slf4j-api-2.0.18	56	55	0	1
slf4j-jdk14-2.0.18	5	4	0	1
splash	3	3	0	0
