BFoxHistorySpace	vf-default	0
BFoxHistorySpace	vf-cons	0
BFoxHistorySpace	vf-forensic	0
BFoxHistorySpace	cfr-152	1
BFoxHistorySpace	cfr-master	1
BFoxHistorySpace	ff	0
BNumericWritable	vf-default	0
BNumericWritable	vf-cons	14
BNumericWritable	vf-forensic	0
BNumericWritable	cfr-152	2
BNumericWritable	cfr-master	0
BNumericWritable	ff	1
BQudtUnitTag	vf-default	0
BQudtUnitTag	vf-cons	0
BQudtUnitTag	vf-forensic	0
BQudtUnitTag	cfr-152	0
BQudtUnitTag	cfr-master	0
BQudtUnitTag	ff	0
BRootHistoryFolder	vf-default	0
BRootHistoryFolder	vf-cons	0
BRootHistoryFolder	vf-forensic	0
BRootHistoryFolder	cfr-152	0
BRootHistoryFolder	cfr-master	0
BRootHistoryFolder	ff	0
BSimpleSigningProfile	vf-default	5
BSimpleSigningProfile	vf-cons	5
BSimpleSigningProfile	vf-forensic	5
BSimpleSigningProfile	cfr-152	5
BSimpleSigningProfile	cfr-master	5
BSimpleSigningProfile	ff	5
BSqlType	vf-default	0
BSqlType	vf-cons	0
BSqlType	vf-forensic	0
BSqlType	cfr-152	0
BSqlType	cfr-master	0
BSqlType	ff	0
Column	vf-default	0
Column	vf-cons	0
Column	vf-forensic	0
Column	cfr-152	0
Column	cfr-master	0
Column	ff	0
EntitlementApi	vf-default	0
EntitlementApi	vf-cons	30
EntitlementApi	vf-forensic	0
EntitlementApi	cfr-152	2
EntitlementApi	cfr-master	1
EntitlementApi	ff	2
StyleUtils	vf-default	0
StyleUtils	vf-cons	0
StyleUtils	vf-forensic	0
StyleUtils	cfr-152	0
StyleUtils	cfr-master	0
StyleUtils	ff	0
ValueDocDecoder	vf-default	3
ValueDocDecoder	vf-cons	3
ValueDocDecoder	vf-forensic	3
ValueDocDecoder	cfr-152	9
ValueDocDecoder	cfr-master	3
ValueDocDecoder	ff	8
