module	path	bytes	sha256	newlines	sourceMappingURL	modules	proven_js_modules	skeleton_modules	hbs_proven	stub_or_vendor_wrapper	other_class	def_bytes_proven	def_bytes_skeleton	prelude_bytes_proven	prelude_bytes_unproven	other_bytes_proven	other_bytes_unproven	bytes_proven	pct_bytes_proven	pct_bytes_proven_or_skeleton
ace	ace/extracted/rc/ace.built.min.js	1303	ceaf2b535f78b6239c2e96cdd6c02ba122aab36712cdf4d1e0b77eb33888cc05	4	0	3	3	0	0	0	0	1236	0	0	0	0	0	1236	94.86	94.86
alarm	alarm/extracted/rc/alarm.built.min.js	154097	12d24bf4c38e7b71698dad18c669385bc7d2da37688306db065b017d99aa2ccb	4	0	81	54	23	4	0	0	83444	66308	4200	0	0	0	87644	56.88	99.91
analytics	analytics/extracted/rc/analytics.built.min.js	527895	4d3072751930bb010f2ae69840420b470b3c9842ff2822a38233b685d6d0f242	4	0	179	79	58	41	1	0	264254	258364	4868	0	86	0	269208	51.0	99.94
awsUtils	awsUtils/extracted/rc/awsUtils.built.min.js	3013	22bfc0fcb9025dae59e4f2a45ae5979285c72feeaf496baee90bc84ec191ae82	3	0	1	0	1	0	0	0	0	525	2424	0	0	0	2424	80.45	97.88
bacnet	bacnet/extracted/rc/bacnet.built.min.js	184061	530f908ee7273de616a67db8e4ff5d7a76527c71c5bcda6f802ce476026a794b	4	0	98	44	44	10	0	0	77659	101524	4716	0	0	0	82375	44.75	99.91
bacnetAws	bacnetAws/extracted/rc/bacnetAws.built.min.js	26230	bc1c3ab733a18de639870d927abaa8695025cbc9fee1a344c7db088b5fbad92e	4	0	9	3	6	0	0	0	5825	16145	4187	0	0	0	10012	38.17	99.72
bajaScript	bajaScript/extracted/rc/bs.built.min.js	363641	4318699233611ccb7812f80ed4441c011264a05966eda502c81feaad9120fcde	4	0	203	146	55	0	2	0	174479	184458	4320	0	0	0	178799	49.17	99.89
bajaui	bajaui/extracted/rc/bajaui.built.min.js	158504	3470374b7d28a68f4e79d51a82659f8e4fea367c61730109576c913d246e4248	4	0	74	4	69	1	0	0	6333	147094	4939	0	0	0	11272	7.11	99.91
bajaux	bajaux/extracted/rc/bajaux.built.min.js	155569	e6f2950746d14dcbbe54d0a1e61ee37a8719d491968d089ad32b3c3049276785	4	0	54	16	36	1	1	0	32290	117198	5916	0	0	0	38206	24.56	99.89
batchJob	batchJob/extracted/rc/batchJob.built.min.js	63634	8364e835c377f80ec18ebe5867f9f1c07b8834946ba9dbe1fc82a756f64e89b5	4	0	32	1	31	0	0	0	1837	56713	4988	0	0	0	6825	10.73	99.85
bql	bql/extracted/rc/bql.built.min.js	90146	78437f02fc94430920fb1dd19fe61e6817c0b18298fef2dde406a110d780251d	4	0	30	6	19	5	0	0	19293	65891	4868	0	0	0	24161	26.8	99.9
ccn	ccn/extracted/rc/ccn.built.min.js	39781	3750f6c2415c40e093b01eeef03d6015ce1dbdae05607d1e601512fc18bd4ec7	0	0	20	4	16	0	0	0	2119	33455	4187	0	0	0	6306	15.85	99.95
clientCertAuth	clientCertAuth/extracted/rc/clientCertAuth.built.min.js	64	3db28cbc704844ec257d64a00861b2d2229325559afa2da824c0f4cf9617f44c	4	0	0	0	0	0	0	0	0	0	0	0	0	0	0	0.0	0.0
cloudLink	cloudLink/extracted/rc/cloudLink.built.min.js	32366	78e088d875b45cf5a0a6a1b155970ee204571761080ef8b086a6d0aa41e6afd2	0	0	13	4	6	3	0	0	16181	12678	3401	0	0	902	19582	60.5	99.67
cloudLinkForge	cloudLinkForge/extracted/rc/cloudLinkForge.built.min.js	6654	c4ab3f7c05d60b3f5e95feb9a9af23a4030e84575b3c93ac3d938597afe9f76e	0	0	2	1	0	1	0	0	6652	0	0	0	0	0	6652	99.97	99.97
control	control/extracted/rc/control.built.min.js	19377	f598086224644d46539114753bd03308c0e10d3d4500f8eecf8272d825604dc9	4	0	10	7	0	3	0	0	18056	0	1247	0	0	0	19303	99.62	99.62
converters	converters/extracted/rc/converters.built.min.js	47514	d8b480bec3e56ba968a72b6041c0df0cca6ff48caaadb492d86c99556bc946de	4	0	67	0	67	0	0	0	0	43560	3823	0	0	0	3823	8.05	99.72
dashboard	dashboard/extracted/rc/dashboard.built.min.js	10944	f7320cbeee1038ccec098e0c5e3dab516bb474ceb1ee5d87c1bc5fe8be5d381a	4	0	2	1	1	0	0	0	3066	3279	4533	0	0	0	7599	69.44	99.4
docDeveloper	docDeveloper/extracted/rc/JsPlayground.built.min.js	2946323	1460e08837c6796aea9966eaca5c9a858d83dda2273c0d6ac61490953503f902	0	1	3	0	1	1	1	0	1987	2609	1488	0	0	2897029	3475	0.12	0.21
driver	driver/extracted/rc/driver.built.min.js	62302	7cedf635d3acddb514609eae56f7bf32805f2ef01520201a00d30e052eacb3f2	4	0	43	18	22	3	0	0	27999	30009	4187	0	0	0	32186	51.66	99.83
email	email/extracted/rc/email.built.min.js	26594	59097be0d535c6922d8ad386642c00b2fc4e75a357f08103082370e01d32caeb	4	0	16	6	7	3	0	0	12486	10357	3671	0	0	0	16157	60.75	99.7
export	export/extracted/rc/export.built.min.js	3501	6e7654b09289d4d6d29123d7c45288b8fadbbc581fe07bbf0258aa00a5cded15	4	0	5	0	5	0	0	0	0	2368	1064	0	0	0	1064	30.39	98.03
gx	gx/extracted/rc/gx.built.min.js	135696	8726c4c9822739a715cf08b4bd38ce8e797be5821881157a30cf11ddd5a22d25	4	0	34	2	31	1	0	0	1901	128621	5076	0	0	0	6977	5.14	99.93
hierarchy	hierarchy/extracted/rc/hierarchy.built.min.js	10027	ddbc33f10eae4c8ed402bc9e10cc9fdc78c5e91f02010ce0d78b2f8dc1ba4a55	4	0	7	5	2	0	0	0	4488	4221	1247	0	0	0	5735	57.2	99.29
history	history/extracted/rc/history.built.min.js	93663	228aad54164c7691f5c71cf985d3ef62a6cd227bae0b71847166f2f6a3ef175f	4	0	37	17	16	4	0	0	32949	55897	4716	0	0	0	37665	40.21	99.89
httpClient	httpClient/extracted/rc/httpClient.built.min.js	22709	e01b591c2b830c29764ab217d64a74e0282605cea4356ce9e655789fadc7e981	3	0	12	5	6	1	0	0	9538	8909	4187	0	0	0	13725	60.44	99.67
hx	hx/extracted/rc/container/hxContainer.built.min.js	16035	67d48e02e9c69913d11182f53e3ae65ecce79826eecce1fea87156e20c5d243f	3	0	2	0	1	1	0	0	2466	12257	1247	0	0	0	3713	23.16	99.59
js	js/extracted/rc/js.built.min.js	51618	311cf2fd1e6233432c2199e2084fafe34c12949797f105fa5223ee52ec5320e1	5	0	20	14	3	1	2	0	29804	18250	2017	0	0	1410	31821	61.65	97.0
js	js/extracted/rc/require-handlebars-plugin/hbs.built.min.js	7348	a52364cdc26d8ad17c94ef7109ab77d00754570d48f4ee08652e550dbd78e6af	7	0	1	0	1	0	0	0	0	7107	0	0	0	0	0	0.0	96.72
jsonToolkit	jsonToolkit/extracted/rc/jsonToolkit.built.min.js	33430	8786710e27cf7453ce81c288dc03e0bb3956699fb694a1734b44d0a28b391d7b	3	0	7	5	0	2	0	0	31929	0	1247	0	183	0	33359	99.79	99.79
kitControl	kitControl/extracted/rc/kitControl.built.min.js	21112	a32a3ca965b60be406053c00285deb7e0ed65d5458062eeeecb9a2a8c901333d	4	0	53	52	1	0	0	0	18141	430	2424	0	0	0	20565	97.41	99.45
kitIo	kitIo/extracted/rc/kitIo.built.min.js	3269	443376d6a8420e744a41aca15cf9dde911b8bb1637d7ca39cea0126c3fb6e044	4	0	2	2	0	0	0	0	1956	0	1247	0	0	0	3203	97.98	97.98
kitPx	kitPx/extracted/rc/kitPx.built.min.js	52533	7ed90952ff7d6dc862fdb334a4e2cc6fa228698edb73e77df06d8611b4f2298e	4	0	29	2	27	0	0	0	2842	44730	4868	0	0	0	7710	14.68	99.82
lonworks	lonworks/extracted/rc/lonworks.built.min.js	108404	93d692406a923d60a24c82ed23924e36e3c0fa371f905dcef4550444f558cf1f	4	0	36	2	34	0	0	0	2299	101666	4339	0	0	0	6638	6.12	99.91
maxpro	maxpro/extracted/rc/maxpro.built.min.js	594634	14dabd8ce37efcaa675c3b00ebd2511bbbc2385d3c002731dd3193c7e72eace6	0	0	6	0	1	0	5	0	0	8607	2216	6479	0	576831	2216	0.37	1.82
modbusAsync	modbusAsync/extracted/rc/modbusAsync.built.min.js	4074	1ec7bb7106b2e4cc9ab4518ee069c7b66fa4ae69e274738b3c667118d00b4620	0	0	2	0	2	0	0	0	0	1648	2424	0	0	0	2424	59.5	99.95
modbusCore	modbusCore/extracted/rc/modbusCore.built.min.js	26468	00438b61bdb8129b30c6655367214374983be6bb1414ab0791d592f9739d6441	4	0	12	1	11	0	0	0	347	21858	4187	0	0	0	4534	17.13	99.71
modbusSlave	modbusSlave/extracted/rc/modbusSlave.built.min.js	3852	89ee8b42b5885c92544e95d9ebc750e885f58667144b77447dc882d13744828d	0	0	2	0	2	0	0	0	0	1426	2424	0	0	0	2424	62.93	99.95
modbusTcp	modbusTcp/extracted/rc/modbusTcp.built.min.js	5807	9899e8acc9867082969ca31c83499f2390a16cc9e1c23857c95a8e2f7b10f7cc	0	0	4	0	4	0	0	0	0	3379	2424	0	0	0	2424	41.74	99.93
modbusTcpSlave	modbusTcpSlave/extracted/rc/modbusTcpSlave.built.min.js	3970	8d0ff85f15d829d68ff9fcab0a3332b1a07ac03db690bfafea9434c2fe871cfd	0	0	2	0	2	0	0	0	0	1544	2424	0	0	0	2424	61.06	99.95
naxisVideo	naxisVideo/extracted/rc/naxisVideo.built.min.js	12278	2b9cc3b4557ce9a28fa5c40e59401ef2e8a884612429392c2f7e73d1d6231693	4	0	3	1	1	0	1	0	895	7301	3945	0	0	0	4840	39.42	98.88
ndriver	ndriver/extracted/rc/ndriver.built.min.js	18965	450654e6712006242ec51aeebac7c1a5c074689b99521f77eebbf25634f05844	4	0	11	8	3	0	0	0	14502	3141	1247	0	0	0	15749	83.04	99.6
niagaraDriver	niagaraDriver/extracted/rc/niagaraDriver.built.min.js	51429	92969fe5e8031347dec4fa967e707de03e737dfe50c04f75ee4d3b1abf46a705	4	0	26	2	24	0	0	0	1278	45193	4868	0	0	0	6146	11.95	99.83
niagaraSystemIndex	niagaraSystemIndex/extracted/rc/niagaraSystemIndex.built.min.js	4391	2a59df1ca248ad2b8b4fdd5ec2b2172e601a2a6e79ae154c33801e6e1abdc002	4	0	1	0	1	0	0	0	0	1902	2424	0	0	0	2424	55.2	98.52
nrio	nrio/extracted/rc/nrio.built.min.js	32301	31d1b458f78c4ddb6f567565099b307b10523ca3b4583380d89ec7b5723fa0f2	4	0	14	5	9	0	0	0	5272	22612	4339	0	0	0	9611	29.75	99.76
nss	nss/extracted/rc/nss.built.min.js	45074	a0a43f851c2e5e0f3b1e087e49a84d8b5cc9431eba6f0bff81a00a3ff166a384	4	0	20	2	18	0	0	0	3051	38116	3823	0	0	0	6874	15.25	99.81
nurio	nurio/extracted/rc/nurio.built.min.js	35464	ec8fad6a39fec80b12167b645a261871dbc1a5970f0e18b496aba90b8398d867	4	0	14	6	8	0	0	0	5677	25370	4339	0	0	0	10016	28.24	99.78
onCall	onCall/extracted/rc/onCall.built.min.js	12658	0a52a72f115ba22c7f6e69509d23e803f1f60bf398860d4e3fce58d16e5568cd	0	0	5	0	5	0	0	0	0	8466	4187	0	0	0	4187	33.08	99.96
platCrypto	platCrypto/extracted/rc/platCrypto.built.min.js	150076	3bf51378028cd944e41bba814b8d4cd2766b8b023d6e39602ebefbaf005e19bb	4	0	52	10	41	0	1	0	16783	128231	4868	0	0	0	21651	14.43	99.87
platDataRecovery	platDataRecovery/extracted/rc/platDataRecovery.built.min.js	6549	e02bb1ba53296c70c0d17588ba0db14dc9715988f07467e5a293893c77cd28db	0	0	2	0	2	0	0	0	0	2876	3671	0	0	0	3671	56.05	99.97
platform	platform/extracted/rc/platform.built.min.js	6036	fff5bb87de23a50dc037c6747c4290ff81b9cb51e5965e998b640d98c3b907de	4	0	2	0	2	0	0	0	0	2299	3671	0	0	0	3671	60.82	98.91
provisioningNiagara	provisioningNiagara/extracted/rc/provisioningNiagara.built.min.js	165989	c4f927e8ab18beb6c1751ecf1e82fe084cce1b3781b92c9a30d7b5c440f16cc5	4	0	76	2	74	0	0	0	4731	156250	4868	0	0	0	9599	5.78	99.92
rdb	rdb/extracted/rc/rdb.built.min.js	20434	6b6fd08a47c2a2275f75d88d33157ec1c78622c85399cd272c1f7e0097768b5c	4	0	9	0	9	0	0	0	0	16174	4187	0	0	0	4187	20.49	99.64
rdbMySQL	rdbMySQL/extracted/rc/rdbMySQL.built.min.js	4392	f860e64f462ce33397b3447d0edefc167089a5554480d7ba44e36eb642235004	4	0	1	0	1	0	0	0	0	656	3671	0	0	0	3671	83.58	98.52
rdbSqlServer	rdbSqlServer/extracted/rc/rdbSqlServer.built.min.js	4424	00074d6101041fa85bf81057450a0a58c8cb027754bb3b7002147844c5bbbe28	4	0	1	0	1	0	0	0	0	688	3671	0	0	0	3671	82.98	98.53
report	report/extracted/rc/report.built.min.js	25845	f64bfdf66a772e143faa014d34b9f894b59c0a5f7e7a4568cf15779ff5689d09	4	0	9	2	6	1	0	0	2157	19428	4187	0	0	0	6344	24.55	99.72
saml	saml/extracted/rc/saml.built.min.js	41849	7109c9ce9a9d58fe0b9a662d8ceabdd866be512719914dc78888bb4bc64eb983	4	0	16	3	13	0	0	0	5195	32387	4187	0	0	0	9382	22.42	99.81
schedule	schedule/extracted/rc/schedule.built.min.js	128820	5cd157292e123c6e97e7c42203fcd2548e909ccc5de40f77163192ea91b96311	4	0	53	38	15	0	0	0	81271	43245	4187	0	0	0	85458	66.34	99.91
search	search/extracted/rc/search.built.min.js	54263	d5ee5c28aad609e38371a31d2e5551b455c991a3463d19ba34b18ec25e786d89	4	0	13	1	5	7	0	0	21925	28590	3671	0	0	0	25596	47.17	99.86
seriesTransform	seriesTransform/extracted/rc/seriesTransform.built.min.js	2281	df36db29d041e0c5977cbd854cb2b59fc9857b7ca8d30eba68f3569722676a97	4	0	2	1	1	0	0	0	347	1868	0	0	0	0	347	15.21	97.11
signingService	signingService/extracted/rc/signingService.built.min.js	14563	f087222003ff6671779a3cfe4486965cade5eedcc4d3f7c2f5266670a63b08e4	0	0	8	1	6	1	0	0	1550	9334	3671	0	0	0	5221	35.85	99.95
smartTableHx	smartTableHx/extracted/rc/smartTableHx.built.min.js	27004	2fe1ab56e09f11e267fad18d25d5c12d9debf217d34e917a189a2845ec237b19	8	0	5	0	0	0	5	0	0	0	7746	18870	0	0	7746	28.68	28.68
tagdictionary	tagdictionary/extracted/rc/tagdictionary.built.min.js	102996	42e46cde2289c8b84e194fa486370065f449d815850caf187709406380e85983	4	0	39	15	20	4	0	0	41217	57337	4339	0	0	0	45556	44.23	99.9
totpAuth	totpAuth/extracted/rc/totpAuth.built.min.js	313623	61d5f700352a78b234e5058403ee4155d2be49c6f32ac9a63a23995b1c105475	4	0	7	0	1	4	2	0	3929	4697	1488	19834	342	283223	5759	1.84	3.33
uxBuilder	uxBuilder/extracted/rc/uxBuilder.built.min.js	382030	0809d0fb5f0c7f65a1a79348451bcc471bd0c33e0decbb1e47edd8ebc494fc06	4	0	115	5	110	0	0	0	5417	371446	4988	0	0	0	10405	2.72	99.95
videoDriver	videoDriver/extracted/rc/videoDriver.built.min.js	112914	a9acb9edc329b863e37534f3b88032a70e65ea13159ea86d3a63b81922702a09	4	0	37	7	30	0	0	0	5132	102813	4868	0	0	0	10000	8.86	99.91
weather	weather/extracted/rc/weather.built.min.js	35039	fcd190462fe20fdb76b48964f2f3baf4f265e613d14542e20e94e2150a2e836a	0	0	12	1	11	0	0	0	1493	29347	4187	0	0	0	5680	16.21	99.97
webChart	webChart/extracted/rc/webChart.built.min.js	234851	0b746391b0d4f1d367242b6ce5184cdc165ba90fc93d27a65e964ef4a82bea4e	4	0	63	31	25	6	0	1	68147	141870	1488	0	0	0	69635	29.65	90.06
webEditors	webEditors/extracted/rc/webEditors.built.min.js	959642	4f7d5853846f2d5e392a927fde603f5bc2b0797e22bf4652254a7b4956c70edc	4	0	432	169	227	33	2	1	333055	615824	5769	0	168	0	338992	35.32	99.5
wiresheet	wiresheet/extracted/rc/wiresheet.built.min.js	157710	28e3a9b6b3b1b85046bef6aa12762e7a392f58d355086bc5f6754bb473525cdc	4	0	49	17	32	0	0	0	23070	128966	5561	0	0	0	28631	18.15	99.93
workbench	workbench/extracted/rc/find/findCommands.built.min.js	1926	7af2e6fa46e06526b0681a178522c538e92d25de605037099628c9d780e71d6c	4	0	0	0	0	0	0	0	0	0	0	0	0	1861	0	0.0	0.0
xprotect	xprotect/extracted/rc/xprotect.built.min.js	21991	6efb56f395a5ff1453b7b3ea78928939c3f11ecfd272022b5848651d22296d8a	4	0	5	2	3	0	0	0	8308	9943	3671	0	0	0	11979	54.47	99.69
