module	id	bytes	class	readable
alarm	hbs!nmodule/alarm/rc/console/templates/AlarmConsole	1630	HBS-RECOMPILE-MATCH	alarm/extracted/rc/console/templates/AlarmConsole.hbs
alarm	hbs!nmodule/alarm/rc/db/templates/alarmDetails	316	HBS-RECOMPILE-MATCH	alarm/extracted/rc/db/templates/alarmDetails.hbs
alarm	hbs!nmodule/alarm/rc/db/templates/dialog	1525	HBS-RECOMPILE-MATCH	alarm/extracted/rc/db/templates/dialog.hbs
alarm	hbs!nmodule/alarm/rc/db/templates/view	6188	HBS-RECOMPILE-MATCH	alarm/extracted/rc/db/templates/view.hbs
analytics	hbs!nmodule/analytics/rc/chart/templates/base/analyticsBaseChartTmpl	1640	HBS-RECOMPILE-MATCH	analytics/extracted/rc/chart/templates/base/analyticsBaseChartTmpl.hbs
analytics	hbs!nmodule/analytics/rc/chart/templates/fe/analyticBaseChartMasterTabTemplate	2976	HBS-RECOMPILE-MATCH	analytics/extracted/rc/chart/templates/fe/analyticBaseChartMasterTabTemplate.hbs
analytics	hbs!nmodule/analytics/rc/chart/templates/fe/analyticDataEditor	1480	HBS-RECOMPILE-MATCH	analytics/extracted/rc/chart/templates/fe/analyticDataEditor.hbs
analytics	hbs!nmodule/analytics/rc/chart/templates/fe/analyticOptionalValue	546	HBS-RECOMPILE-MATCH	analytics/extracted/rc/chart/templates/fe/analyticOptionalValue.hbs
analytics	hbs!nmodule/analytics/rc/chart/templates/fe/analyticWebChartSettings	5514	HBS-RECOMPILE-MATCH	analytics/extracted/rc/chart/templates/fe/analyticWebChartSettings.hbs
analytics	hbs!nmodule/analytics/rc/chart/templates/fe/analyticBaseChartConfiguration	1131	HBS-RECOMPILE-MATCH	analytics/extracted/rc/chart/templates/fe/analyticBaseChartConfiguration.hbs
analytics	hbs!nmodule/analytics/rc/util/gridtemplate	1082	HBS-RECOMPILE-MATCH	analytics/extracted/rc/util/gridtemplate.hbs
analytics	hbs!nmodule/analytics/rc/chart/templates/base/timeRange_from_tmpl	6828	HBS-RECOMPILE-MATCH	analytics/extracted/rc/chart/templates/base/timeRange_from_tmpl.hbs
analytics	hbs!nmodule/analytics/rc/chart/templates/base/timeRange_previous_tmpl	2264	HBS-RECOMPILE-MATCH	analytics/extracted/rc/chart/templates/base/timeRange_previous_tmpl.hbs
analytics	hbs!nmodule/analytics/rc/chart/templates/fe/startEndTimeRangeEditor	624	HBS-RECOMPILE-MATCH	analytics/extracted/rc/chart/templates/fe/startEndTimeRangeEditor.hbs
analytics	hbs!nmodule/analytics/rc/chart/templates/fe/analyticC3WebChartSettings	1175	HBS-RECOMPILE-MATCH	analytics/extracted/rc/chart/templates/fe/analyticC3WebChartSettings.hbs
analytics	hbs!nmodule/analytics/rc/chart/templates/fe/analyticC3Configuration	801	HBS-RECOMPILE-MATCH	analytics/extracted/rc/chart/templates/fe/analyticC3Configuration.hbs
analytics	hbs!nmodule/analytics/rc/chart/templates/table/analyticsBaseTemplate	2337	HBS-RECOMPILE-MATCH	analytics/extracted/rc/chart/templates/table/analyticsBaseTemplate.hbs
analytics	hbs!nmodule/analytics/rc/chart/templates/fe/UxAnalyticChartBaselineDetails	3403	HBS-RECOMPILE-MATCH	analytics/extracted/rc/chart/templates/fe/UxAnalyticChartBaselineDetails.hbs
analytics	hbs!nmodule/analytics/rc/chart/templates/fe/analyticEqOpChartConfiguration	795	HBS-RECOMPILE-MATCH	analytics/extracted/rc/chart/templates/fe/analyticEqOpChartConfiguration.hbs
analytics	hbs!nmodule/analytics/rc/chart/templates/fe/averageProfileWebChartSettings	5524	HBS-RECOMPILE-MATCH	analytics/extracted/rc/chart/templates/fe/averageProfileWebChartSettings.hbs
analytics	hbs!nmodule/analytics/rc/chart/templates/fe/analyticC3RankingChartSettings	793	HBS-RECOMPILE-MATCH	analytics/extracted/rc/chart/templates/fe/analyticC3RankingChartSettings.hbs
analytics	hbs!nmodule/analytics/rc/chart/templates/fe/analyticTableConfiguration	791	HBS-RECOMPILE-MATCH	analytics/extracted/rc/chart/templates/fe/analyticTableConfiguration.hbs
analytics	hbs!nmodule/analytics/rc/chart/templates/fe/loadDurationWebChartSettings	5520	HBS-RECOMPILE-MATCH	analytics/extracted/rc/chart/templates/fe/loadDurationWebChartSettings.hbs
analytics	hbs!nmodule/analytics/rc/chart/templates/fe/spectrumWebChartSettings	5630	HBS-RECOMPILE-MATCH	analytics/extracted/rc/chart/templates/fe/spectrumWebChartSettings.hbs
analytics	hbs!nmodule/analytics/rc/chart/templates/fe/tableWebChartSettings	5202	HBS-RECOMPILE-MATCH	analytics/extracted/rc/chart/templates/fe/tableWebChartSettings.hbs
analytics	hbs!nmodule/analytics/rc/chart/templates/fe/UxAnalyticTableBaselineDetails	2888	HBS-RECOMPILE-MATCH	analytics/extracted/rc/chart/templates/fe/UxAnalyticTableBaselineDetails.hbs
analytics	hbs!nmodule/analytics/rc/report/templates/UxAnalyticReportDateTimeSelector	2096	HBS-RECOMPILE-MATCH	analytics/extracted/rc/report/templates/UxAnalyticReportDateTimeSelector.hbs
analytics	hbs!nmodule/analytics/rc/report/templates/UxAnalyticReportTimeRange	548	HBS-RECOMPILE-MATCH	analytics/extracted/rc/report/templates/UxAnalyticReportTimeRange.hbs
analytics	hbs!nmodule/analytics/rc/report/templates/UxDataTagEditor	1662	HBS-RECOMPILE-MATCH	analytics/extracted/rc/report/templates/UxDataTagEditor.hbs
analytics	hbs!nmodule/analytics/rc/report/templates/UxDataTagSelector	404	HBS-RECOMPILE-MATCH	analytics/extracted/rc/report/templates/UxDataTagSelector.hbs
analytics	hbs!nmodule/analytics/rc/report/templates/UxAnalyticNavTree	615	HBS-RECOMPILE-MATCH	analytics/extracted/rc/report/templates/UxAnalyticNavTree.hbs
analytics	hbs!nmodule/analytics/rc/report/templates/UxNodeSelection	707	HBS-RECOMPILE-MATCH	analytics/extracted/rc/report/templates/UxNodeSelection.hbs
analytics	hbs!nmodule/analytics/rc/report/templates/UxAnalyticBaselineDetails	4864	HBS-RECOMPILE-MATCH	analytics/extracted/rc/report/templates/UxAnalyticBaselineDetails.hbs
analytics	hbs!nmodule/analytics/rc/report/templates/UxColorRangeEditor	3869	HBS-RECOMPILE-MATCH	analytics/extracted/rc/report/templates/UxColorRangeEditor.hbs
analytics	hbs!nmodule/analytics/rc/report/templates/UxDegreeDayMappingEditor	2419	HBS-RECOMPILE-MATCH	analytics/extracted/rc/report/templates/UxDegreeDayMappingEditor.hbs
analytics	hbs!nmodule/analytics/rc/report/templates/UxAnalyticNodeSelector	420	HBS-RECOMPILE-MATCH	analytics/extracted/rc/report/templates/UxAnalyticNodeSelector.hbs
analytics	hbs!nmodule/analytics/rc/report/templates/UxDegreeDayEditor	1382	HBS-RECOMPILE-MATCH	analytics/extracted/rc/report/templates/UxDegreeDayEditor.hbs
analytics	hbs!nmodule/analytics/rc/report/templates/UxNormalizationEditor	511	HBS-RECOMPILE-MATCH	analytics/extracted/rc/report/templates/UxNormalizationEditor.hbs
analytics	hbs!nmodule/analytics/rc/report/templates/UxReportFullConfigurationEditor	5766	HBS-RECOMPILE-MATCH	analytics/extracted/rc/report/templates/UxReportFullConfigurationEditor.hbs
analytics	hbs!nmodule/analytics/rc/report/templates/UxReportConfigurationEditor	5814	HBS-RECOMPILE-MATCH	analytics/extracted/rc/report/templates/UxReportConfigurationEditor.hbs
analytics	hbs!nmodule/analytics/rc/report/templates/report/analyticsBaseRptTmpl	2910	HBS-RECOMPILE-MATCH	analytics/extracted/rc/report/templates/report/analyticsBaseRptTmpl.hbs
analytics	hbs!nmodule/analytics/rc/chart/templates/table/analyticsBaseTable	2944	HBS-RECOMPILE-MATCH	analytics/extracted/rc/chart/templates/table/analyticsBaseTable.hbs
analytics	hbs!nmodule/analytics/rc/chart/templates/table/analyticsBaseTableTemplate	1754	HBS-RECOMPILE-MATCH	analytics/extracted/rc/chart/templates/table/analyticsBaseTableTemplate.hbs
analytics	hbs!nmodule/analytics/rc/report/menu/reportListTemplate	2725	HBS-RECOMPILE-MATCH	analytics/extracted/rc/report/menu/reportListTemplate.hbs
analytics	hbs!nmodule/analytics/rc/report/menu/reportTableTemplate	4951	HBS-RECOMPILE-MATCH	analytics/extracted/rc/report/menu/reportTableTemplate.hbs
bacnet	hbs!nmodule/bacnet/rc/fe/templates/BacnetAddressEditor	2169	HBS-RECOMPILE-MATCH	bacnet/extracted/rc/fe/templates/BacnetAddressEditor.hbs
bacnet	hbs!nmodule/bacnet/rc/fe/templates/BacnetBitStringEditor	338	HBS-RECOMPILE-MATCH	bacnet/extracted/rc/fe/templates/BacnetBitStringEditor.hbs
bacnet	hbs!nmodule/bacnet/rc/fe/templates/BacnetCalendarEntryEditor	1116	HBS-RECOMPILE-MATCH	bacnet/extracted/rc/fe/templates/BacnetCalendarEntryEditor.hbs
bacnet	hbs!nmodule/bacnet/rc/fe/templates/BacnetDateEditor	358	HBS-RECOMPILE-MATCH	bacnet/extracted/rc/fe/templates/BacnetDateEditor.hbs
bacnet	hbs!nmodule/bacnet/rc/fe/templates/BacnetRecipientEditor	463	HBS-RECOMPILE-MATCH	bacnet/extracted/rc/fe/templates/BacnetRecipientEditor.hbs
bacnet	hbs!nmodule/bacnet/rc/fe/templates/BacnetTimeEditor	1307	HBS-RECOMPILE-MATCH	bacnet/extracted/rc/fe/templates/BacnetTimeEditor.hbs
bacnet	hbs!nmodule/bacnet/rc/fe/templates/BacnetTimeStampEditor	983	HBS-RECOMPILE-MATCH	bacnet/extracted/rc/fe/templates/BacnetTimeStampEditor.hbs
bacnet	hbs!nmodule/bacnet/rc/fe/templates/BacnetTimeValueEditor	714	HBS-RECOMPILE-MATCH	bacnet/extracted/rc/fe/templates/BacnetTimeValueEditor.hbs
bacnet	hbs!nmodule/bacnet/rc/fe/templates/DiscoveryNetworksEditor	2109	HBS-RECOMPILE-MATCH	bacnet/extracted/rc/fe/templates/DiscoveryNetworksEditor.hbs
bacnet	hbs!nmodule/bacnet/rc/wb/mgr/template/BacnetDeviceUxManager	2204	HBS-RECOMPILE-MATCH	bacnet/extracted/rc/wb/mgr/template/BacnetDeviceUxManager.hbs
bajaui	hbs!bajaux/container/error	2466	HBS-RECOMPILE-MATCH	bajaux/extracted/rc/container/error.hbs
bajaux	hbs!bajaux/container/error	2466	HBS-RECOMPILE-MATCH	bajaux/extracted/rc/container/error.hbs
bql	hbs!nmodule/bql/rc/fe/dynamicTimeRangeDialogEditorStructure	532	HBS-RECOMPILE-MATCH	bql/extracted/rc/fe/dynamicTimeRangeDialogEditorStructure.hbs
bql	hbs!nmodule/bql/rc/fe/filter/templates/BitStringFilterEditor	1449	HBS-RECOMPILE-MATCH	bql/extracted/rc/fe/filter/templates/BitStringFilterEditor.hbs
bql	hbs!nmodule/bql/rc/fe/filter/templates/IntegerFilterEditor	1589	HBS-RECOMPILE-MATCH	bql/extracted/rc/fe/filter/templates/IntegerFilterEditor.hbs
bql	hbs!nmodule/bql/rc/fe/filter/templates/RangeFilterEditor	1585	HBS-RECOMPILE-MATCH	bql/extracted/rc/fe/filter/templates/RangeFilterEditor.hbs
bql	hbs!nmodule/bql/rc/fe/filter/templates/StringFilterEditor	1285	HBS-RECOMPILE-MATCH	bql/extracted/rc/fe/filter/templates/StringFilterEditor.hbs
cloudLink	hbs!nmodule/cloudLink/rc/util/PassphraseDialogTemplate	809	HBS-RECOMPILE-MATCH	cloudLink/extracted/rc/util/PassphraseDialogTemplate.hbs
cloudLink	hbs!nmodule/cloudLink/rc/file/view/EncryptedDistributionViewTemplate	1874	HBS-RECOMPILE-MATCH	cloudLink/extracted/rc/file/view/EncryptedDistributionViewTemplate.hbs
cloudLink	hbs!nmodule/cloudLink/rc/history/mgr/HistoryConfigTemplate	1381	HBS-RECOMPILE-MATCH	cloudLink/extracted/rc/history/mgr/HistoryConfigTemplate.hbs
cloudLinkForge	hbs!nmodule/cloudLinkForge/rc/DeviceRegistrationWidgetTemplate	3282	HBS-RECOMPILE-MATCH	cloudLinkForge/extracted/rc/DeviceRegistrationWidgetTemplate.hbs
control	hbs!nmodule/control/rc/fe/templates/DailyTriggerModeEditor	1561	HBS-RECOMPILE-MATCH	control/extracted/rc/fe/templates/DailyTriggerModeEditor.hbs
control	hbs!nmodule/control/rc/fe/templates/IntervalTriggerModeEditor	2598	HBS-RECOMPILE-MATCH	control/extracted/rc/fe/templates/IntervalTriggerModeEditor.hbs
control	hbs!nmodule/control/rc/fe/templates/TriggerModeEditor	425	HBS-RECOMPILE-MATCH	control/extracted/rc/fe/templates/TriggerModeEditor.hbs
docDeveloper	hbs!nmodule/docDeveloper/rc/JsPlaygroundSavedTemplate	1987	HBS-RECOMPILE-MATCH	docDeveloper/extracted/rc/JsPlaygroundSavedTemplate.hbs
driver	hbs!nmodule/driver/rc/fe/templates/BaseTabularConversionEditor	1122	HBS-RECOMPILE-MATCH	driver/extracted/rc/fe/templates/BaseTabularConversionEditor.hbs
driver	hbs!nmodule/driver/rc/fe/templates/LinearConversionEditor	706	HBS-RECOMPILE-MATCH	driver/extracted/rc/fe/templates/LinearConversionEditor.hbs
driver	hbs!nmodule/driver/rc/fe/templates/LinearWithUnitConversionEditor	913	HBS-RECOMPILE-MATCH	driver/extracted/rc/fe/templates/LinearWithUnitConversionEditor.hbs
email	hbs!nmodule/email/rc/fe/templates/EmailAddressEditor	2090	HBS-RECOMPILE-MATCH	email/extracted/rc/fe/templates/EmailAddressEditor.hbs
email	hbs!nmodule/email/rc/fe/templates/EmailAddressListEditor	1074	HBS-RECOMPILE-MATCH	email/extracted/rc/fe/templates/EmailAddressListEditor.hbs
email	hbs!nmodule/email/rc/fe/templates/EmailEditor	3423	HBS-RECOMPILE-MATCH	email/extracted/rc/fe/templates/EmailEditor.hbs
gx	hbs!nmodule/gx/rc/fe/template/SizeEditor	1112	HBS-RECOMPILE-MATCH	gx/extracted/rc/fe/template/SizeEditor.hbs
history	hbs!nmodule/history/rc/templates/view	4331	HBS-RECOMPILE-MATCH	history/extracted/rc/templates/view.hbs
history	hbs!nmodule/history/rc/templates/dialog	1510	HBS-RECOMPILE-MATCH	history/extracted/rc/templates/dialog.hbs
history	hbs!nmodule/history/rc/fe/templates/BasicActivePeriodEditor	676	HBS-RECOMPILE-MATCH	history/extracted/rc/fe/templates/BasicActivePeriodEditor.hbs
history	hbs!nmodule/history/rc/fe/templates/historyTable	1543	HBS-RECOMPILE-MATCH	history/extracted/rc/fe/templates/historyTable.hbs
httpClient	hbs!nmodule/httpClient/rc/template/ClientSelectionEditor	428	HBS-RECOMPILE-MATCH	httpClient/extracted/rc/template/ClientSelectionEditor.hbs
hx	hbs!bajaux/container/error	2466	HBS-RECOMPILE-MATCH	bajaux/extracted/rc/container/error.hbs
js	hbs!nmodule/js/rc/dialogs/loader	14671	HBS-RECOMPILE-MATCH	js/extracted/rc/dialogs/loader.hbs
jsonToolkit	hbs!nmodule/jsonToolkit/rc/fe/template/loader	14697	HBS-RECOMPILE-MATCH	jsonToolkit/extracted/rc/fe/template/loader.hbs
jsonToolkit	hbs!nmodule/jsonToolkit/rc/fe/template/SlotSelectionTypeEditor	622	HBS-RECOMPILE-MATCH	jsonToolkit/extracted/rc/fe/template/SlotSelectionTypeEditor.hbs
report	hbs!nmodule/report/rc/fe/templates/GridTableContainer	507	HBS-RECOMPILE-MATCH	report/extracted/rc/fe/templates/GridTableContainer.hbs
search	hbs!nmodule/search/rc/template/SearchWidget-settings	2308	HBS-RECOMPILE-MATCH	search/extracted/rc/template/SearchWidget-settings.hbs
search	hbs!nmodule/search/rc/template/DefaultSearchResultsWidget-content	406	HBS-RECOMPILE-MATCH	search/extracted/rc/template/DefaultSearchResultsWidget-content.hbs
search	hbs!nmodule/search/rc/template/DefaultSearchResultsCompactWidget-expandAll	1611	HBS-RECOMPILE-MATCH	search/extracted/rc/template/DefaultSearchResultsCompactWidget-expandAll.hbs
search	hbs!nmodule/search/rc/template/DefaultSearchResultsCompactWidget-result	9078	HBS-RECOMPILE-MATCH	search/extracted/rc/template/DefaultSearchResultsCompactWidget-result.hbs
search	hbs!nmodule/search/rc/template/QuickSearchWidget-structure	825	HBS-RECOMPILE-MATCH	search/extracted/rc/template/QuickSearchWidget-structure.hbs
search	hbs!nmodule/search/rc/template/SearchWidget-structure	4285	HBS-RECOMPILE-MATCH	search/extracted/rc/template/SearchWidget-structure.hbs
search	hbs!nmodule/search/rc/template/SearchWidget-progress	1219	HBS-RECOMPILE-MATCH	search/extracted/rc/template/SearchWidget-progress.hbs
signingService	hbs!nmodule/signingService/rc/wb/mgr/command/ApproveTpl	1044	HBS-RECOMPILE-MATCH	signingService/extracted/rc/wb/mgr/command/ApproveTpl.hbs
tagdictionary	hbs!nmodule/tagdictionary/rc/template/ManagerWrapper	723	HBS-RECOMPILE-MATCH	tagdictionary/extracted/rc/template/ManagerWrapper.hbs
tagdictionary	hbs!nmodule/tagdictionary/rc/template/MgrHorizontalSplitPane	2067	HBS-RECOMPILE-MATCH	tagdictionary/extracted/rc/template/MgrHorizontalSplitPane.hbs
tagdictionary	hbs!nmodule/tagdictionary/rc/template/TagMgrVerticalSplitPane	1628	HBS-RECOMPILE-MATCH	tagdictionary/extracted/rc/template/TagMgrVerticalSplitPane.hbs
tagdictionary	hbs!nmodule/tagdictionary/rc/template/RelationManager	2196	HBS-RECOMPILE-MATCH	tagdictionary/extracted/rc/template/RelationManager.hbs
totpAuth	hbs!nmodule/totpAuth/rc/template/TotpSecretKeyEditor	726	HBS-RECOMPILE-MATCH	totpAuth/extracted/rc/template/TotpSecretKeyEditor.hbs
totpAuth	hbs!nmodule/totpAuth/rc/template/TotpSecretKeyEditor-confirm	686	HBS-RECOMPILE-MATCH	totpAuth/extracted/rc/template/TotpSecretKeyEditor-confirm.hbs
totpAuth	hbs!nmodule/totpAuth/rc/template/TotpSecretKeyEditor-qrcode	1229	HBS-RECOMPILE-MATCH	totpAuth/extracted/rc/template/TotpSecretKeyEditor-qrcode.hbs
totpAuth	hbs!nmodule/totpAuth/rc/template/TotpSecretKeyEditor-verify	1288	HBS-RECOMPILE-MATCH	totpAuth/extracted/rc/template/TotpSecretKeyEditor-verify.hbs
webChart	hbs!nmodule/webChart/rc/grid/gridEditorStructure	1100	HBS-RECOMPILE-MATCH	webChart/extracted/rc/grid/gridEditorStructure.hbs
webChart	hbs!nmodule/webChart/rc/tab/tabbedEditorStructure	2114	HBS-RECOMPILE-MATCH	webChart/extracted/rc/tab/tabbedEditorStructure.hbs
webChart	hbs!nmodule/webChart/rc/menu/menuWidgetStructure	1144	HBS-RECOMPILE-MATCH	webChart/extracted/rc/menu/menuWidgetStructure.hbs
webChart	hbs!nmodule/webChart/rc/fe/startEndTimeRangeEditorStructure	565	HBS-RECOMPILE-MATCH	webChart/extracted/rc/fe/startEndTimeRangeEditorStructure.hbs
webChart	hbs!nmodule/webChart/rc/fe/color/colorChooserStructure	459	HBS-RECOMPILE-MATCH	webChart/extracted/rc/fe/color/colorChooserStructure.hbs
webChart	hbs!nmodule/webChart/rc/fe/series/seriesEditorStructure	435	HBS-RECOMPILE-MATCH	webChart/extracted/rc/fe/series/seriesEditorStructure.hbs
webEditors	hbs!nmodule/webEditors/rc/fe/baja/template/StringEditor	4672	HBS-RECOMPILE-MATCH	webEditors/extracted/rc/fe/baja/template/StringEditor.hbs
webEditors	hbs!nmodule/webEditors/rc/fe/baja/template/PasswordEditor	929	HBS-RECOMPILE-MATCH	webEditors/extracted/rc/fe/baja/template/PasswordEditor.hbs
webEditors	hbs!nmodule/webEditors/rc/fe/baja/template/CertificateEditor	428	HBS-RECOMPILE-MATCH	webEditors/extracted/rc/fe/baja/template/CertificateEditor.hbs
webEditors	hbs!nmodule/webEditors/rc/fe/baja/template/EnumRangeEditor-row	804	HBS-RECOMPILE-MATCH	webEditors/extracted/rc/fe/baja/template/EnumRangeEditor-row.hbs
webEditors	hbs!nmodule/webEditors/rc/fe/baja/template/EnumRangeEditor	1618	HBS-RECOMPILE-MATCH	webEditors/extracted/rc/fe/baja/template/EnumRangeEditor.hbs
webEditors	hbs!nmodule/webEditors/rc/fe/baja/template/EnumSetEditor	2376	HBS-RECOMPILE-MATCH	webEditors/extracted/rc/fe/baja/template/EnumSetEditor.hbs
webEditors	hbs!nmodule/webEditors/rc/fe/baja/template/FacetsEditor-row	2179	HBS-RECOMPILE-MATCH	webEditors/extracted/rc/fe/baja/template/FacetsEditor-row.hbs
webEditors	hbs!nmodule/webEditors/rc/fe/baja/template/FacetsEditor	2472	HBS-RECOMPILE-MATCH	webEditors/extracted/rc/fe/baja/template/FacetsEditor.hbs
webEditors	hbs!nmodule/webEditors/rc/wb/template/PropertySheet-row	1153	HBS-RECOMPILE-MATCH	webEditors/extracted/rc/wb/template/PropertySheet-row.hbs
webEditors	hbs!nmodule/webEditors/rc/wb/template/PropertySheet	3897	HBS-RECOMPILE-MATCH	webEditors/extracted/rc/wb/template/PropertySheet.hbs
webEditors	hbs!nmodule/webEditors/rc/fe/baja/template/NumericEditor	940	HBS-RECOMPILE-MATCH	webEditors/extracted/rc/fe/baja/template/NumericEditor.hbs
webEditors	hbs!nmodule/webEditors/rc/fe/baja/template/PermissionsRow	6002	HBS-RECOMPILE-MATCH	webEditors/extracted/rc/fe/baja/template/PermissionsRow.hbs
webEditors	hbs!nmodule/webEditors/rc/fe/baja/template/PermissionsTable	3409	HBS-RECOMPILE-MATCH	webEditors/extracted/rc/fe/baja/template/PermissionsTable.hbs
webEditors	hbs!nmodule/webEditors/rc/fe/baja/template/RelTimeEditor	2143	HBS-RECOMPILE-MATCH	webEditors/extracted/rc/fe/baja/template/RelTimeEditor.hbs
webEditors	hbs!nmodule/webEditors/rc/fe/baja/template/UsernameAndPassword	2303	HBS-RECOMPILE-MATCH	webEditors/extracted/rc/fe/baja/template/UsernameAndPassword.hbs
webEditors	hbs!nmodule/webEditors/rc/wb/template/FlagConfig	1422	HBS-RECOMPILE-MATCH	webEditors/extracted/rc/wb/template/FlagConfig.hbs
webEditors	hbs!nmodule/webEditors/rc/wb/template/NavTree	481	HBS-RECOMPILE-MATCH	webEditors/extracted/rc/wb/template/NavTree.hbs
webEditors	hbs!nmodule/webEditors/rc/wb/composite/template/CompositeEditor	1980	HBS-RECOMPILE-MATCH	webEditors/extracted/rc/wb/composite/template/CompositeEditor.hbs
webEditors	hbs!nmodule/webEditors/rc/wb/links/template/SlotChooser-row	2092	HBS-RECOMPILE-MATCH	webEditors/extracted/rc/wb/links/template/SlotChooser-row.hbs
webEditors	hbs!nmodule/webEditors/rc/wb/links/template/LinkPad	1715	HBS-RECOMPILE-MATCH	webEditors/extracted/rc/wb/links/template/LinkPad.hbs
webEditors	hbs!nmodule/webEditors/rc/wb/profile/agentListTemplate	3350	HBS-RECOMPILE-MATCH	webEditors/extracted/rc/wb/profile/agentListTemplate.hbs
webEditors	hbs!nmodule/webEditors/rc/wb/job/template/JobBar	719	HBS-RECOMPILE-MATCH	webEditors/extracted/rc/wb/job/template/JobBar.hbs
webEditors	hbs!nmodule/webEditors/rc/wb/job/template/JobEditor	726	HBS-RECOMPILE-MATCH	webEditors/extracted/rc/wb/job/template/JobEditor.hbs
webEditors	hbs!nmodule/webEditors/rc/wb/job/template/JobLogWidget	509	HBS-RECOMPILE-MATCH	webEditors/extracted/rc/wb/job/template/JobLogWidget.hbs
webEditors	hbs!nmodule/webEditors/rc/wb/links/template/OrdChooser	2178	HBS-RECOMPILE-MATCH	webEditors/extracted/rc/wb/links/template/OrdChooser.hbs
webEditors	hbs!nmodule/webEditors/rc/wb/mgr/template/Manager	2192	HBS-RECOMPILE-MATCH	webEditors/extracted/rc/wb/mgr/template/Manager.hbs
webEditors	hbs!nmodule/webEditors/rc/wb/template/MultiSheet-row	1841	HBS-RECOMPILE-MATCH	webEditors/extracted/rc/wb/template/MultiSheet-row.hbs
webEditors	hbs!nmodule/webEditors/rc/wb/shell/template/TitlePane	496	HBS-RECOMPILE-MATCH	webEditors/extracted/rc/wb/shell/template/TitlePane.hbs
webEditors	hbs!nmodule/webEditors/rc/wb/profile/profileSideBarsTemplate	2432	HBS-RECOMPILE-MATCH	webEditors/extracted/rc/wb/profile/profileSideBarsTemplate.hbs
webEditors	hbs!nmodule/webEditors/rc/wb/profile/profileSideToggleBarTemplate	1798	HBS-RECOMPILE-MATCH	webEditors/extracted/rc/wb/profile/profileSideToggleBarTemplate.hbs
webEditors	hbs!nmodule/webEditors/rc/wb/template/Pagination	1880	HBS-RECOMPILE-MATCH	webEditors/extracted/rc/wb/template/Pagination.hbs
webEditors	hbs!nmodule/webEditors/rc/wb/util/template/AutoLogoffSettingsEditor	1303	HBS-RECOMPILE-MATCH	webEditors/extracted/rc/wb/util/template/AutoLogoffSettingsEditor.hbs
webEditors	hbs!nmodule/webEditors/rc/wb/util/template/ExpirationEditor	2551	HBS-RECOMPILE-MATCH	webEditors/extracted/rc/wb/util/template/ExpirationEditor.hbs
