class	method	descriptor	jni_short	jni_long	export	status
org.baja.ffmpeg.libavcodec.FfmpegAvCodecUtil	av_log_set_level	(I)V	Java_org_baja_ffmpeg_libavcodec_FfmpegAvCodecUtil_av_1log_1set_1level	Java_org_baja_ffmpeg_libavcodec_FfmpegAvCodecUtil_av_1log_1set_1level__I	Java_org_baja_ffmpeg_libavcodec_FfmpegAvCodecUtil_av_1log_1set_1level	MATCH
org.baja.ffmpeg.libavcodec.FfmpegAvCodecUtil	av_register_all	()V	Java_org_baja_ffmpeg_libavcodec_FfmpegAvCodecUtil_av_1register_1all	Java_org_baja_ffmpeg_libavcodec_FfmpegAvCodecUtil_av_1register_1all__	Java_org_baja_ffmpeg_libavcodec_FfmpegAvCodecUtil_av_1register_1all	MATCH
org.baja.ffmpeg.libavcodec.FfmpegAvCodecUtil	getPixels	(JII[I)V	Java_org_baja_ffmpeg_libavcodec_FfmpegAvCodecUtil_getPixels	Java_org_baja_ffmpeg_libavcodec_FfmpegAvCodecUtil_getPixels__JII_3I	Java_org_baja_ffmpeg_libavcodec_FfmpegAvCodecUtil_getPixels	MATCH
org.baja.ffmpeg.libavcodec.FfmpegAvCodecUtil	allocateAndInitFormattedFrame	(III)J	Java_org_baja_ffmpeg_libavcodec_FfmpegAvCodecUtil_allocateAndInitFormattedFrame	Java_org_baja_ffmpeg_libavcodec_FfmpegAvCodecUtil_allocateAndInitFormattedFrame__III	Java_org_baja_ffmpeg_libavcodec_FfmpegAvCodecUtil_allocateAndInitFormattedFrame	MATCH
org.baja.ffmpeg.libavcodec.FfmpegAvCodecUtil	convertRgbFrameToPpm	(JII[B)V	Java_org_baja_ffmpeg_libavcodec_FfmpegAvCodecUtil_convertRgbFrameToPpm	Java_org_baja_ffmpeg_libavcodec_FfmpegAvCodecUtil_convertRgbFrameToPpm__JII_3B	Java_org_baja_ffmpeg_libavcodec_FfmpegAvCodecUtil_convertRgbFrameToPpm	MATCH
org.baja.ffmpeg.libavcodec.FfmpegAvCodecUtil	ffmpegSetEndodeOptions	(JIII)V	Java_org_baja_ffmpeg_libavcodec_FfmpegAvCodecUtil_ffmpegSetEndodeOptions	Java_org_baja_ffmpeg_libavcodec_FfmpegAvCodecUtil_ffmpegSetEndodeOptions__JIII	Java_org_baja_ffmpeg_libavcodec_FfmpegAvCodecUtil_ffmpegSetEndodeOptions	MATCH
org.baja.ffmpeg.libavcodec.FfmpegAvCodecUtil	avcodec_get_dimensions	(J[I)V	Java_org_baja_ffmpeg_libavcodec_FfmpegAvCodecUtil_avcodec_1get_1dimensions	Java_org_baja_ffmpeg_libavcodec_FfmpegAvCodecUtil_avcodec_1get_1dimensions__J_3I	Java_org_baja_ffmpeg_libavcodec_FfmpegAvCodecUtil_avcodec_1get_1dimensions	MATCH
org.baja.ffmpeg.libavcodec.FfmpegAvCodecUtil	avpicture_get_size	(III)I	Java_org_baja_ffmpeg_libavcodec_FfmpegAvCodecUtil_avpicture_1get_1size	Java_org_baja_ffmpeg_libavcodec_FfmpegAvCodecUtil_avpicture_1get_1size__III	Java_org_baja_ffmpeg_libavcodec_FfmpegAvCodecUtil_avpicture_1get_1size	MATCH
org.baja.ffmpeg.libavcodec.FfmpegAvCodecUtil	getFfmpegCodecID0	(Ljava/lang/String;)I	Java_org_baja_ffmpeg_libavcodec_FfmpegAvCodecUtil_getFfmpegCodecID0	Java_org_baja_ffmpeg_libavcodec_FfmpegAvCodecUtil_getFfmpegCodecID0__Ljava_lang_String_2	Java_org_baja_ffmpeg_libavcodec_FfmpegAvCodecUtil_getFfmpegCodecID0	MATCH
org.baja.ffmpeg.libavcodec.FfmpegAvCodecUtil	getFfmpegPixelFormat0	(Ljava/lang/String;)I	Java_org_baja_ffmpeg_libavcodec_FfmpegAvCodecUtil_getFfmpegPixelFormat0	Java_org_baja_ffmpeg_libavcodec_FfmpegAvCodecUtil_getFfmpegPixelFormat0__Ljava_lang_String_2	Java_org_baja_ffmpeg_libavcodec_FfmpegAvCodecUtil_getFfmpegPixelFormat0	MATCH
org.baja.ffmpeg.libavcodec.FfmpegAvCodecUtil	avcodec_set_dimensions	(JII)V	Java_org_baja_ffmpeg_libavcodec_FfmpegAvCodecUtil_avcodec_1set_1dimensions	Java_org_baja_ffmpeg_libavcodec_FfmpegAvCodecUtil_avcodec_1set_1dimensions__JII	Java_org_baja_ffmpeg_libavcodec_FfmpegAvCodecUtil_avcodec_1set_1dimensions	MATCH
org.baja.ffmpeg.libavcodec.FfmpegAvCodecUtil	avcodec_alloc_context0	(J)J	Java_org_baja_ffmpeg_libavcodec_FfmpegAvCodecUtil_avcodec_1alloc_1context0	Java_org_baja_ffmpeg_libavcodec_FfmpegAvCodecUtil_avcodec_1alloc_1context0__J	Java_org_baja_ffmpeg_libavcodec_FfmpegAvCodecUtil_avcodec_1alloc_1context0	MATCH
org.baja.ffmpeg.libavcodec.FfmpegAvCodecUtil	avcodec_alloc_frame0	()J	Java_org_baja_ffmpeg_libavcodec_FfmpegAvCodecUtil_avcodec_1alloc_1frame0	Java_org_baja_ffmpeg_libavcodec_FfmpegAvCodecUtil_avcodec_1alloc_1frame0__	Java_org_baja_ffmpeg_libavcodec_FfmpegAvCodecUtil_avcodec_1alloc_1frame0	MATCH
org.baja.ffmpeg.libavcodec.FfmpegAvCodecUtil	av_packet_alloc0	()J	Java_org_baja_ffmpeg_libavcodec_FfmpegAvCodecUtil_av_1packet_1alloc0	Java_org_baja_ffmpeg_libavcodec_FfmpegAvCodecUtil_av_1packet_1alloc0__	Java_org_baja_ffmpeg_libavcodec_FfmpegAvCodecUtil_av_1packet_1alloc0	MATCH
org.baja.ffmpeg.libavcodec.FfmpegAvCodecUtil	avcodec_find_decoder	(I)J	Java_org_baja_ffmpeg_libavcodec_FfmpegAvCodecUtil_avcodec_1find_1decoder	Java_org_baja_ffmpeg_libavcodec_FfmpegAvCodecUtil_avcodec_1find_1decoder__I	Java_org_baja_ffmpeg_libavcodec_FfmpegAvCodecUtil_avcodec_1find_1decoder	MATCH
org.baja.ffmpeg.libavcodec.FfmpegAvCodecUtil	avcodec_find_encoder	(I)J	Java_org_baja_ffmpeg_libavcodec_FfmpegAvCodecUtil_avcodec_1find_1encoder	Java_org_baja_ffmpeg_libavcodec_FfmpegAvCodecUtil_avcodec_1find_1encoder__I	Java_org_baja_ffmpeg_libavcodec_FfmpegAvCodecUtil_avcodec_1find_1encoder	MATCH
org.baja.ffmpeg.libavcodec.FfmpegAvCodecUtil	avcodec_open	(JJ)I	Java_org_baja_ffmpeg_libavcodec_FfmpegAvCodecUtil_avcodec_1open	Java_org_baja_ffmpeg_libavcodec_FfmpegAvCodecUtil_avcodec_1open__JJ	Java_org_baja_ffmpeg_libavcodec_FfmpegAvCodecUtil_avcodec_1open	MATCH
org.baja.ffmpeg.libavcodec.FfmpegAvCodecUtil	avcodec_free_context	(J)V	Java_org_baja_ffmpeg_libavcodec_FfmpegAvCodecUtil_avcodec_1free_1context	Java_org_baja_ffmpeg_libavcodec_FfmpegAvCodecUtil_avcodec_1free_1context__J		NO-EXPORT
org.baja.ffmpeg.libavcodec.FfmpegAvCodecUtil	av_frame_free	(J)V	Java_org_baja_ffmpeg_libavcodec_FfmpegAvCodecUtil_av_1frame_1free	Java_org_baja_ffmpeg_libavcodec_FfmpegAvCodecUtil_av_1frame_1free__J		NO-EXPORT
org.baja.ffmpeg.libavcodec.FfmpegAvCodecUtil	av_packet_free	(J)V	Java_org_baja_ffmpeg_libavcodec_FfmpegAvCodecUtil_av_1packet_1free	Java_org_baja_ffmpeg_libavcodec_FfmpegAvCodecUtil_av_1packet_1free__J	Java_org_baja_ffmpeg_libavcodec_FfmpegAvCodecUtil_av_1packet_1free	MATCH
org.baja.ffmpeg.libavcodec.FfmpegAvCodecUtil	avcodec_decode_video	(JJJ[Z[BI)I	Java_org_baja_ffmpeg_libavcodec_FfmpegAvCodecUtil_avcodec_1decode_1video	Java_org_baja_ffmpeg_libavcodec_FfmpegAvCodecUtil_avcodec_1decode_1video__JJJ_3Z_3BI	Java_org_baja_ffmpeg_libavcodec_FfmpegAvCodecUtil_avcodec_1decode_1video	MATCH
org.baja.ffmpeg.libavcodec.FfmpegAvCodecUtil	avcodec_encode_video	(J[BIJ)I	Java_org_baja_ffmpeg_libavcodec_FfmpegAvCodecUtil_avcodec_1encode_1video	Java_org_baja_ffmpeg_libavcodec_FfmpegAvCodecUtil_avcodec_1encode_1video__J_3BIJ	Java_org_baja_ffmpeg_libavcodec_FfmpegAvCodecUtil_avcodec_1encode_1video	MATCH
org.baja.ffmpeg.swscale.FfmpegSwScaleUtil	sws_Scale	(JJJI)I	Java_org_baja_ffmpeg_swscale_FfmpegSwScaleUtil_sws_1Scale	Java_org_baja_ffmpeg_swscale_FfmpegSwScaleUtil_sws_1Scale__JJJI	Java_org_baja_ffmpeg_swscale_FfmpegSwScaleUtil_sws_1Scale__JJJI	MATCH
org.baja.ffmpeg.swscale.FfmpegSwScaleUtil	sws_Scale	(JJ[IIII)I	Java_org_baja_ffmpeg_swscale_FfmpegSwScaleUtil_sws_1Scale	Java_org_baja_ffmpeg_swscale_FfmpegSwScaleUtil_sws_1Scale__JJ_3IIII	Java_org_baja_ffmpeg_swscale_FfmpegSwScaleUtil_sws_1Scale__JJ_3IIII	MATCH
org.baja.ffmpeg.swscale.FfmpegSwScaleUtil	sws_getContext	(IIIIII)J	Java_org_baja_ffmpeg_swscale_FfmpegSwScaleUtil_sws_1getContext	Java_org_baja_ffmpeg_swscale_FfmpegSwScaleUtil_sws_1getContext__IIIIII	Java_org_baja_ffmpeg_swscale_FfmpegSwScaleUtil_sws_1getContext	MATCH
org.baja.ffmpeg.swscale.FfmpegSwScaleUtil	sws_freeContext	(J)V	Java_org_baja_ffmpeg_swscale_FfmpegSwScaleUtil_sws_1freeContext	Java_org_baja_ffmpeg_swscale_FfmpegSwScaleUtil_sws_1freeContext__J	Java_org_baja_ffmpeg_swscale_FfmpegSwScaleUtil_sws_1freeContext	MATCH
					?Java_org_baja_ffmpeg_libavcodec_FfmpegAvCodecUtil_av_1free@@YAXPEAUJNIEnv_@@PEAV_jclass@@_J@Z	ORPHAN-EXPORT (C++-mangled, not JNI-bindable)
					?Java_org_baja_ffmpeg_libavcodec_FfmpegAvCodecUtil_avcodec_1close@@YAJPEAUJNIEnv_@@PEAV_jclass@@_J@Z	ORPHAN-EXPORT (C++-mangled, not JNI-bindable)
