member	sha256	exports	java_exports
modules/ffmpeg.jar!nativeLib/x86_64/avcodec-62.dll	992b5fe6f1b46291d958d113517f76be8b5064e24dea7b8c6d4681898dbe75be	178	0
modules/ffmpeg.jar!nativeLib/x86_64/avdevice-62.dll	6bdd2144623779336a6e2d88d6795f4ffab2eba5ad25f4d6dfc1e3dfc9be1cbe	15	0
modules/ffmpeg.jar!nativeLib/x86_64/avfilter-11.dll	a0aecc0ba1143ce62ff96168a7239471b76452db355619f7f86aca71d775ced4	67	0
modules/ffmpeg.jar!nativeLib/x86_64/avformat-62.dll	64caad67be1faffb5237c5fcd52c4745e3958194f09f23c0231021192738e220	156	0
modules/ffmpeg.jar!nativeLib/x86_64/avutil-60.dll	d1ca3c738cf50d6d2da5e6255f57c265751b7a49e6f5c30d6ce4316141d1f7d6	622	0
modules/ffmpeg.jar!nativeLib/x86_64/ffmpeg-wrapper.dll	15a515a6c75069f0750c926092eccdde6f0bf4b0e4881a81d62d3c1a7a668e44	26	26
modules/ffmpeg.jar!nativeLib/x86_64/swresample-6.dll	a1abedefa4eddc4353d2298cbd1ad3b1335e167b04c227b26f5c9980d6b514b9	23	0
modules/ffmpeg.jar!nativeLib/x86_64/swscale-9.dll	9feaf3ae7b08bfa98d8245dc4f26b836897cbecd88fe87bec3d582be6c3801c7	40	0
modules/gx.jar!LIB-INF/org.eclipse.swt.win32.win32.x86_64-3.134.0.jar!swt-win32-4973r12.dll	984f5e123a253fbc7db404188a392a884867e44dc422fd846f8ef10df300f54c	891	890
modules/gx.jar!LIB-INF/org.eclipse.swt.win32.win32.x86_64-3.134.0.jar!swt-gdip-win32-4973r12.dll	8d14dbf9cc8e2e98fb562a3a297bf0737d9416dd3cc77ba5265bc6226da7fa3a	188	188
modules/gx.jar!LIB-INF/org.eclipse.swt.win32.win32.x86_64-3.134.0.jar!WebView2Loader.dll	184574b9c36b044888644fc1f2b19176e0e76ccc3ddd2f0a5f0d618c88661f86	4	0
modules/gx.jar!LIB-INF/org.eclipse.swt.win32.win32.x86_64-3.134.0.jar!swt-awt-win32-4973r12.dll	800227b44ae57cddff06bef724e0a0a27da0f5bea5018be374ec0dd554be6fd4	3	3
modules/gx.jar!LIB-INF/org.eclipse.swt.win32.win32.x86_64-3.134.0.jar!swt-wgl-win32-4973r12.dll	cf56ff1fdb536e9bb26dc10700497b2fe8c1695ada3b676c9dd0450a18b6a929	9	9
modules/gx.jar!LIB-INF/org.eclipse.swt.win32.win32.x86_64-3.134.0.jar!swt-osversion-win32-4973r12.dll	9aeec18ef40ca91b49a4d88ba20627c137b40d437e1c9d311b9aa9e0c602c3b7	2	2
modules/xprotect.jar!nativeLib/Autofac.dll	52093994c5e2aadfa32a7f00214ddc16a6babf22e47a43917d953037f26c47d9	0	0
modules/xprotect.jar!nativeLib/Microsoft.ApplicationInsights.dll	e855c0780611251f513afe5b49b8c7e781bad6586eb026bf96644c6c079a96aa	0	0
modules/xprotect.jar!nativeLib/System.Net.Http.Formatting.dll	af48fdfc979cc875183942bc9e87eb349b8a4f93a78fb7ab5c0feb694e7dd875	0	0
modules/xprotect.jar!nativeLib/VideoOS.Common.EnvironmentServices.dll	6ce61a9cf970dbfd628246cd027f6f4601ccc73d3cd963f6a8f8723a4172ddb5	0	0
modules/xprotect.jar!nativeLib/VideoOS.Common.Login.dll	3bc00ee3cef6c8391271ed8e93273a2ace99dda7384c94fc7afe58425bcd30de	0	0
modules/xprotect.jar!nativeLib/VideoOS.Common.State.dll	c226b61df133a58357905a431164e5885a2e287e292e42f11ac0fa2b7ec4ba45	0	0
modules/xprotect.jar!nativeLib/VideoOS.Common.dll	2f39b19d5004543eddd131ad0955a43edb5ef01da427525ced292d90bf49e49d	0	0
modules/xprotect.jar!nativeLib/VideoOS.IdentityServer.Common.dll	da1a617f6ee2035d6b3cb93fe618821459e36d5792f46c3b4d8ec74255c7e7d6	0	0
modules/xprotect.jar!nativeLib/VideoOS.Platform.Common.dll	21d439f01b302c6fd700ad7ac4a836f781211ce186dc0b72ec39183b11005b20	0	0
modules/xprotect.jar!nativeLib/VideoOS.Platform.SDK.dll	22d60d1ced35539157c9bc963ac5436dffa5124f08c24feeb75142c3562cfe61	0	0
modules/xprotect.jar!nativeLib/VideoOS.Platform.dll	0eb82cdeedf93fb8aa7ae4fbfadd9f0bd18d5e77a44fda6c9347a7fbbdbce3bd	0	0
modules/xprotect.jar!nativeLib/VideoOS.Telemetry.dll	af41218a55d3de9e94537a1254046deddb520a8d5ae0523c41e83642b8f344dc	0	0
modules/xprotect.jar!nativeLib/VideoOS.Utilities.dll	a05a1e44969b1d2aec2d1311e3df412dd771bd719ac3e35618da766593cf84f3	0	0
modules/xprotect.jar!nativeLib/XProtectBridgeService.exe	677dd5e8368ea738f993c83ad4fcb9baa135e5f016fd40b1ff08559e843ac7c4	0	0
bin/ext/jxbrowser/jxbrowser-win64-9.5.0.jar!9.5.0/7zr.exe	7ddfe18be3aa93d00e45a390ed4bea826363646d5771fb12d32eb5e40ebfb014	0	0
bin/ext/system/jffi-1.4.0-native.jar!jni/i386-Windows/jffi-1.2.dll	d63b0ec9a7cc75c26fa951928bf550c0e9a5e6c195a3de94a9c24995206bbfd2	330	326
bin/ext/system/jffi-1.4.0-native.jar!jni/x86_64-Windows/jffi-1.2.dll	58398ba5cda1b7cb89ad4e03dd4a658006956f81acfef4efb4e7dd934e2733ef	165	163
bin/ext/system/jffi-1.4.0-native.jar!jni/aarch64-Windows/jffi-1.2.dll	a4e7cb99d84f2a3b195fabcc4a6c59ab48e9eb25ddf58284b26d068163c9e505	209	207
bin/ext/system/jna-5.19.1.jar!com/sun/jna/win32-x86/jnidispatch.dll	752d597cee7e95cb517327146bf42f124c0d6c0bc48b3ecc3b1b3b0531a52f44	71	69
bin/ext/system/jna-5.19.1.jar!com/sun/jna/win32-x86-64/jnidispatch.dll	5a7ff949f6d93d86491eb5b26b1cfc60051168a60622650224b89995ac420023	71	69
bin/ext/system/jna-5.19.1.jar!com/sun/jna/win32-aarch64/jnidispatch.dll	b8f98be314234cf12b5b46c29652f70c0f6abb93ae19b63d3fe2692062aa699d	71	69
bin/ext/system/lz4-java-1.11.2.jar!net/jpountz/util/windows/amd64/liblz4-java.dll	d7197f6c9d3d21526e3ddd1504b69bc6574dfd8c9b5eec88abda8e10f6313e09	25	25
