module	file	shipped	in_loader_list	in_wrapper_import_closure
xprotect	Autofac.dll	yes	yes	n/a
xprotect	Microsoft.ApplicationInsights.dll	yes	yes	n/a
xprotect	System.Net.Http.Formatting.dll	yes	NO	n/a
xprotect	VideoOS.Common.EnvironmentServices.dll	yes	yes	n/a
xprotect	VideoOS.Common.Login.dll	yes	yes	n/a
xprotect	VideoOS.Common.State.dll	yes	yes	n/a
xprotect	VideoOS.Common.dll	yes	yes	n/a
xprotect	VideoOS.IdentityServer.Common.dll	yes	yes	n/a
xprotect	VideoOS.Platform.Common.dll	yes	yes	n/a
xprotect	VideoOS.Platform.SDK.dll	yes	yes	n/a
xprotect	VideoOS.Platform.dll	yes	yes	n/a
xprotect	VideoOS.Telemetry.dll	yes	yes	n/a
xprotect	VideoOS.Utilities.dll	yes	yes	n/a
xprotect	XProtectBridgeService.exe	yes	yes	n/a
ffmpeg	avcodec-62.dll	yes	yes	yes
ffmpeg	avdevice-62.dll	yes	NO	no
ffmpeg	avfilter-11.dll	yes	NO	no
ffmpeg	avformat-62.dll	yes	yes	no
ffmpeg	avutil-60.dll	yes	yes	yes
ffmpeg	ffmpeg-wrapper.dll	yes	yes	yes
ffmpeg	swresample-6.dll	yes	yes	yes
ffmpeg	swscale-9.dll	yes	yes	yes
