assembly	cs_files	cs_lines	tree_sha256
Autofac	205	11164	d9714ec39523ff657ca1bffc0e15a105bff19c03a9d96c20439a4ba7981710f4
Microsoft.ApplicationInsights	267	21016	ba694f86a87b4ae8dad51b81d9026ef4831ca7dd2b3ccd87658aa9776d9afb6c
System.Net.Http.Formatting	96	10540	79ad1663fb76b3a0b7b1e5f09043a78dc777c7993af0d331341df069e4ee7561
VideoOS.Common	23	1103	9dcd13f4559bb4072fc1da63bf773b9ea182853515c38fb42ec6f70ad42dd530
VideoOS.Common.EnvironmentServices	80	2271	925ce2643b6fd8815d4fa28f56be3ff6c7e3f440a261434d76024fb80b968156
VideoOS.Common.Login	32	1864	edd0a2a9ed91de5022d6557be88391ebfad4afd611db48affd336caeed905032
VideoOS.Common.State	29	1370	6fc2b2dc674ba936175020b1013a3b8b4674873e937df67730d8d595cbf9e157
VideoOS.IdentityServer.Common	134	5982	b03e80ccc837d301aa322523e2ecae26d519db67e4998b2d7ded5f26ed4d6f55
VideoOS.Platform	1644	154054	1907d6d3ed332db8647939424748dd0062dd4580790146c2655d17cc3d0ed70b
VideoOS.Platform.Common	100	7573	d736a44b0f5449d25585c7849ac560256780d31359355fb355dca54da94713b5
VideoOS.Platform.SDK	1112	83472	81e7e8a409e3c414398afb64bfb10278e87263e0a0ed29b35258aa07444b0632
VideoOS.Telemetry	8	411	bae9a0cc11e1edb78a364352cdae83e6276ca6e61119b1b69affadc3c6bfc42a
VideoOS.Utilities	269	25743	3625296eb71e0ce9e0359ace5251b9d4beac51599a746d8bd69d503ba9e42831
XProtectBridgeService	6	524	da657e55a8a225949fb2ecd4049212dbd0c534b29c2d243d2fa0f2955ec502a3
