file	module	entry	managed_method
VideoOS.Platform.SDK.dll	kernel32	WritePrivateProfileString	WritePrivateProfileString
VideoOS.Platform.SDK.dll	kernel32	GetPrivateProfileString	GetPrivateProfileString
VideoOS.Platform.dll	GDI32.DLL	CreateRectRgn	CreateRectRgn
VideoOS.Platform.dll	User32.dll	SetWindowRgn	SetWindowRgn
VideoOS.Platform.dll	User32.dll	SetWindowPos	SetWindowPos
VideoOS.Platform.dll	User32.dll	InvalidateRect	InvalidateRect
VideoOS.Platform.dll	User32.dll	UpdateWindow	UpdateWindow
VideoOS.Platform.dll	User32.dll	GetMonitorInfo	GetMonitorInfo
VideoOS.Platform.dll	User32.dll	MonitorFromPoint	MonitorFromPoint
VideoOS.Platform.dll	user32.dll	GetWindowLong	GetWindowLong
VideoOS.Platform.dll	user32.dll	SetWindowLong	SetWindowLong
VideoOS.Platform.dll	user32.dll	SetWindowPos	SetWindowPos
VideoOS.Platform.dll	user32.dll	GetWindowInfo	GetWindowInfo
VideoOS.Platform.dll	user32.dll	GetWindowLong	GetWindowLong
VideoOS.Platform.dll	user32.dll	SetWindowLong	SetWindowLong
VideoOS.Platform.dll	dwmapi.dll	DwmSetWindowAttribute	DwmSetWindowAttribute
VideoOS.Platform.dll	gdi32.dll	CreateSolidBrush	CreateSolidBrush
VideoOS.Platform.dll	user32.dll	EnableMenuItem	EnableMenuItem
VideoOS.Platform.dll	user32.dll	GetSystemMenu	GetSystemMenu
VideoOS.Platform.dll	user32.dll	GetClientRect	GetClientRect
VideoOS.Platform.dll	user32.dll	FillRect	FillRect
VideoOS.Platform.dll	User32	MonitorFromWindow	MonitorFromWindow
VideoOS.Platform.dll	User32	GetMonitorInfo	GetMonitorInfo
VideoOS.Platform.dll	user32.dll	SetWindowPos	SetWindowPos
VideoOS.Platform.dll	user32.dll	SystemParametersInfo	SystemParametersInfo
VideoOS.Utilities.dll	kernel32.dll	GetCurrentProcess	GetCurrentProcess
VideoOS.Utilities.dll	advapi32.dll	OpenProcessToken	OpenProcessToken
VideoOS.Utilities.dll	advapi32.dll	GetTokenInformation	GetTokenInformation
VideoOS.Utilities.dll	shell32	SHGetKnownFolderPath	SHGetKnownFolderPath
VideoOS.Utilities.dll	Httpapi.dll	HttpInitialize	PInvoke_HttpInitialize
VideoOS.Utilities.dll	Httpapi.dll	HttpTerminate	PInvoke_HttpTerminate
VideoOS.Utilities.dll	Httpapi.dll	HttpQueryServiceConfiguration	PInvoke_HttpQueryServiceConfiguration
VideoOS.Utilities.dll	Httpapi.dll	HttpSetServiceConfiguration	PInvoke_HttpSetServiceConfiguration
VideoOS.Utilities.dll	Httpapi.dll	HttpDeleteServiceConfiguration	PInvoke_HttpDeleteServiceConfiguration
VideoOS.Utilities.dll	advapi32.dll	ChangeServiceConfig	ChangeServiceConfig
VideoOS.Utilities.dll	advapi32.dll	OpenSCManager	OpenSCManager
VideoOS.Utilities.dll	advapi32.dll	OpenService	OpenService
VideoOS.Utilities.dll	advapi32.dll	LockServiceDatabase	LockServiceDatabase
VideoOS.Utilities.dll	advapi32.dll	ChangeServiceConfig2	ChangeServiceFailureActions
VideoOS.Utilities.dll	advapi32.dll	ChangeServiceConfig2	ChangeServiceDescription
VideoOS.Utilities.dll	advapi32.dll	CloseServiceHandle	CloseServiceHandle
VideoOS.Utilities.dll	advapi32.dll	UnlockServiceDatabase	UnlockServiceDatabase
VideoOS.Utilities.dll	kernel32.dll	GetLastError	GetLastError
VideoOS.Utilities.dll	advapi32.dll	AdjustTokenPrivileges	AdjustTokenPrivileges
VideoOS.Utilities.dll	advapi32.dll	LookupPrivilegeValue	LookupPrivilegeValue
VideoOS.Utilities.dll	advapi32.dll	OpenProcessToken	OpenProcessToken
VideoOS.Utilities.dll	kernel32.dll	GetCurrentProcess	GetCurrentProcess
VideoOS.Utilities.dll	kernel32.dll	CloseHandle	CloseHandle
VideoOS.Utilities.dll	advapi32.dll	LookupAccountSidW	LookupAccountSid
VideoOS.Utilities.dll	advapi32.dll	OpenProcessToken	OpenProcessToken
VideoOS.Utilities.dll	kernel32.dll	GetCurrentProcess	GetCurrentProcess
VideoOS.Utilities.dll	advapi32.dll	GetTokenInformation	GetTokenInformation
VideoOS.Utilities.dll	kernel32.dll	CloseHandle	CloseHandle
VideoOS.Utilities.dll	kernel32.dll	LoadLibrary	LoadLibrary
VideoOS.Utilities.dll	kernel32.dll	GetProcAddress	GetProcAddress
VideoOS.Utilities.dll	kernel32.dll	GetVersionEx	GetVersionEx
VideoOS.Utilities.dll	kernel32	GetVersionEx	GetVersionEx
VideoOS.Utilities.dll	advapi32.dll	LookupAccountName	LookupAccountName
VideoOS.Utilities.dll	advapi32	ConvertSidToStringSid	ConvertSidToStringSid
VideoOS.Utilities.dll	advapi32.dll	LsaOpenPolicy	LsaOpenPolicy
VideoOS.Utilities.dll	advapi32.dll	LsaAddAccountRights	LsaAddAccountRights
VideoOS.Utilities.dll	advapi32.dll	LsaEnumerateAccountRights	LsaEnumerateAccountRights
VideoOS.Utilities.dll	netapi32.dll	NetLocalGroupGetMembers	NetLocalGroupGetMembers
VideoOS.Utilities.dll	advapi32.dll	LsaNtStatusToWinError	LsaNtStatusToWinError
VideoOS.Utilities.dll	advapi32.dll	LsaClose	LsaClose
VideoOS.Utilities.dll	kernel32.dll	LocalFree	LocalFree
VideoOS.Utilities.dll	netapi32.dll	NetApiBufferFree	NetApiBufferFree
VideoOS.Utilities.dll	netapi32.dll	NetGetJoinInformation	NetGetJoinInformation
VideoOS.Utilities.dll	netapi32.dll	NetValidatePasswordPolicy	NetValidatePasswordPolicy
VideoOS.Utilities.dll	netapi32.dll	NetValidatePasswordPolicyFree	NetValidatePasswordPolicyFree
VideoOS.Utilities.dll	advapi32.dll	LogonUserW	LogonUser
VideoOS.Utilities.dll	user32.dll	GetCursorPos	GetCursorPos
VideoOS.Utilities.dll	user32.dll	GetAsyncKeyState	GetAsyncKeyState
VideoOS.Utilities.dll	user32.dll	GetSystemMetrics	GetSystemMetrics
VideoOS.Utilities.dll	Shell32.dll	ShellExecuteA	ShellExecuteA
VideoOS.Utilities.dll	Shell32.dll	FindExecutable	FindExecutable
VideoOS.Utilities.dll	winmm.dll	mmioStringToFOURCCA	mmioStringToFOURCC
VideoOS.Utilities.dll	msvfw32.dll	ICInfo	ICInfo
VideoOS.Utilities.dll	msvfw32.dll	ICOpen	ICOpen
VideoOS.Utilities.dll	msvfw32.dll	ICClose	ICClose
VideoOS.Utilities.dll	msvfw32.dll	ICGetInfo	ICGetInfo
VideoOS.Utilities.dll	msvfw32.dll	ICSendMessage	ICSendMessage
VideoOS.Utilities.dll	avifil32.dll	AVIFileInit	AVIFileInit
VideoOS.Utilities.dll	avifil32.dll	AVIFileOpen	AVIFileOpen
VideoOS.Utilities.dll	avifil32.dll	AVIFileCreateStream	AVIFileCreateStream
VideoOS.Utilities.dll	avifil32.dll	AVIStreamWrite	AVIStreamWrite
VideoOS.Utilities.dll	avifil32.dll	AVIStreamRelease	AVIStreamRelease
VideoOS.Utilities.dll	avifil32.dll	AVIStreamSetFormat	AVIStreamSetFormat
VideoOS.Utilities.dll	avifil32.dll	AVIMakeCompressedStream	AVIMakeCompressedStream
VideoOS.Utilities.dll	avifil32.dll	AVIFileRelease	AVIFileRelease
VideoOS.Utilities.dll	avifil32.dll	AVIFileExit	AVIFileExit
VideoOS.Utilities.dll	advapi32.dll	RegCreateKey	RegCreateKey
VideoOS.Utilities.dll	advapi32.dll	RegCreateKeyEx	RegCreateKeyEx
VideoOS.Utilities.dll	advapi32.dll	RegCloseKey	RegCloseKey
VideoOS.Utilities.dll	advapi32.dll	RegFlushKey	RegFlushKey
VideoOS.Utilities.dll	advapi32.dll	RegOpenKeyEx	RegOpenKeyEx
VideoOS.Utilities.dll	advapi32.dll	RegDeleteKey	RegDeleteKey
VideoOS.Utilities.dll	advapi32.dll	RegDeleteValue	RegDeleteValue
VideoOS.Utilities.dll	advapi32.dll	RegEnumKey	RegEnumKey
VideoOS.Utilities.dll	advapi32.dll	RegEnumValue	RegEnumValue
VideoOS.Utilities.dll	advapi32.dll	RegSetValueEx	RegSetValueEx
VideoOS.Utilities.dll	advapi32.dll	RegSetValueEx	RegSetValueEx
VideoOS.Utilities.dll	advapi32.dll	RegSetValueEx	RegSetValueEx
VideoOS.Utilities.dll	advapi32.dll	RegSetValueEx	RegSetValueEx
VideoOS.Utilities.dll	advapi32.dll	RegQueryValueEx	RegQueryValueEx
VideoOS.Utilities.dll	advapi32.dll	RegQueryValueEx	RegQueryValueEx
VideoOS.Utilities.dll	advapi32.dll	RegQueryValueEx	RegQueryValueEx
VideoOS.Utilities.dll	DismApi.dll	DismGetLastErrorMessage	DismGetLastErrorMessage
VideoOS.Utilities.dll	DismApi.dll	DismInitialize	DismInitialize
VideoOS.Utilities.dll	DismApi.dll	DismShutdown	DismShutdown
VideoOS.Utilities.dll	DismApi.dll	DismOpenSession	DismOpenSession
VideoOS.Utilities.dll	DismApi.dll	DismCloseSession	DismCloseSession
VideoOS.Utilities.dll	DismApi.dll	DismDelete	DismDelete
VideoOS.Utilities.dll	DismApi.dll	DismGetFeatures	DismGetFeatures
VideoOS.Utilities.dll	DismApi.dll	DismEnableFeature	DismEnableFeature
VideoOS.Utilities.dll	DismApi.dll	DismDisableFeature	DismDisableFeature
VideoOS.Utilities.dll	DismApi.dll	DismGetFeatureInfo	DismGetFeatureInfo
